path,depth_level,depth_value,module_px,qr_px,sample_idx,qr_id,payload_groundtruth,effects,red_gain,green_gain,blue_gain,black_point,white_point,haze_alpha,amp_x,amp_y,freq_x,freq_y,phase_x,phase_y,ksize,sigma,decode_raw_ok,decode_enhance_ok,decode_stage,decoded_data
shallow/qr_A_m4_shallow_000.png,shallow,0.25,4,116,0,A,HYDROSHIP-M5-A,backscatter|blur|color|ripple,0.709,1.0342,1.0997,29.3242,227.6891,0.1261,1.0679,0.7947,1.6145,1.8489,3.7329,4.2937,3,1.0974,True,True,raw,HYDROSHIP-M5-A
shallow/qr_A_m4_shallow_001.png,shallow,0.25,4,116,1,A,HYDROSHIP-M5-A,backscatter|blur|color|ripple,0.7236,0.9996,1.0012,27.04,217.4315,0.1293,1.0581,0.748,1.4931,1.8616,1.062,0.8952,3,0.9808,True,True,raw,HYDROSHIP-M5-A
shallow/qr_A_m4_shallow_002.png,shallow,0.25,4,116,2,A,HYDROSHIP-M5-A,backscatter|blur|color|ripple,0.7275,0.9576,1.0465,31.278,214.8386,0.1144,1.085,0.742,1.5736,1.8836,0.8892,1.8637,3,1.1006,True,True,raw,HYDROSHIP-M5-A
shallow/qr_A_m4_shallow_003.png,shallow,0.25,4,116,3,A,HYDROSHIP-M5-A,backscatter|blur|color|ripple,0.6923,0.9549,1.0536,28.1841,229.2007,0.1124,1.0845,0.7623,1.5937,1.8335,6.0053,3.5547,3,1.0315,True,True,raw,HYDROSHIP-M5-A
shallow/qr_A_m4_shallow_004.png,shallow,0.25,4,116,4,A,HYDROSHIP-M5-A,backscatter|blur|color|ripple,0.6624,1.0167,1.032,30.0203,233.4385,0.1116,1.0401,0.7634,1.4353,1.6756,3.0955,0.7768,3,1.0046,True,True,raw,HYDROSHIP-M5-A
shallow/qr_A_m4_shallow_005.png,shallow,0.25,4,116,5,A,HYDROSHIP-M5-A,backscatter|blur|color|ripple,0.6466,1.0054,1.0747,28.98,210.0393,0.1221,1.0796,0.7606,1.6154,1.7161,4.1158,3.1815,3,1.0006,True,True,raw,HYDROSHIP-M5-A
shallow/qr_A_m4_shallow_006.png,shallow,0.25,4,116,6,A,HYDROSHIP-M5-A,backscatter|blur|color|ripple,0.709,0.9686,1.1263,31.1664,221.6425,0.1116,0.9547,0.8365,1.5854,1.7593,0.3194,4.2735,3,1.0455,True,True,raw,HYDROSHIP-M5-A
shallow/qr_A_m4_shallow_007.png,shallow,0.25,4,116,7,A,HYDROSHIP-M5-A,backscatter|blur|color|ripple,0.718,1.0793,1.0398,30.1683,220.0151,0.1173,0.9795,0.7368,1.4343,1.9049,4.098,1.813,3,1.0263,True,True,raw,HYDROSHIP-M5-A
shallow/qr_A_m4_shallow_008.png,shallow,0.25,4,116,8,A,HYDROSHIP-M5-A,backscatter|blur|color|ripple,0.7294,0.9909,1.0888,31.1467,218.7426,0.116,1.0572,0.7957,1.5435,1.7217,2.1881,6.1556,3,1.075,True,True,raw,HYDROSHIP-M5-A
shallow/qr_A_m4_shallow_009.png,shallow,0.25,4,116,9,A,HYDROSHIP-M5-A,backscatter|blur|color|ripple,0.6445,1.0154,0.9764,29.1963,212.112,0.1264,1.0788,0.7902,1.4011,1.8956,5.2526,3.3394,3,1.0908,True,True,raw,HYDROSHIP-M5-A
shallow/qr_A_m4_shallow_010.png,shallow,0.25,4,116,10,A,HYDROSHIP-M5-A,backscatter|blur|color|ripple,0.7116,1.0396,1.1249,30.4421,242.152,0.121,1.0602,0.7936,1.4087,1.7498,1.3846,3.4214,3,1.1033,True,True,raw,HYDROSHIP-M5-A
shallow/qr_A_m4_shallow_011.png,shallow,0.25,4,116,11,A,HYDROSHIP-M5-A,backscatter|blur|color|ripple,0.7369,1.0658,1.08,26.8798,211.2928,0.1151,0.9643,0.8086,1.5764,1.8324,2.7535,1.488,3,1.0288,True,True,raw,HYDROSHIP-M5-A
shallow/qr_A_m4_shallow_012.png,shallow,0.25,4,116,12,A,HYDROSHIP-M5-A,backscatter|blur|color|ripple,0.7031,1.0655,1.0692,31.3099,215.1734,0.1216,1.0229,0.8182,1.4393,1.8023,3.3566,6.1587,3,1.0432,True,True,raw,HYDROSHIP-M5-A
shallow/qr_A_m4_shallow_013.png,shallow,0.25,4,116,13,A,HYDROSHIP-M5-A,backscatter|blur|color|ripple,0.696,0.9548,1.075,30.19,232.2449,0.1283,0.9991,0.7643,1.4535,1.7034,0.6873,1.2263,3,1.1069,True,True,raw,HYDROSHIP-M5-A
shallow/qr_A_m4_shallow_014.png,shallow,0.25,4,116,14,A,HYDROSHIP-M5-A,backscatter|blur|color|ripple,0.6679,1.0779,0.969,30.0598,241.8738,0.1282,1.0716,0.7885,1.4468,1.7787,2.1936,6.1626,3,1.0785,True,True,raw,HYDROSHIP-M5-A
shallow/qr_A_m4_shallow_015.png,shallow,0.25,4,116,15,A,HYDROSHIP-M5-A,backscatter|blur|color|ripple,0.7357,0.9888,0.9976,26.7091,242.4678,0.1182,0.9463,0.7358,1.4569,1.7475,0.9288,4.2048,3,1.0842,True,True,raw,HYDROSHIP-M5-A
shallow/qr_A_m4_shallow_016.png,shallow,0.25,4,116,16,A,HYDROSHIP-M5-A,backscatter|blur|color|ripple,0.7123,0.9431,1.1047,30.4478,220.5178,0.1174,0.991,0.771,1.4376,1.8915,0.7296,1.4884,3,1.0068,True,True,raw,HYDROSHIP-M5-A
shallow/qr_A_m4_shallow_017.png,shallow,0.25,4,116,17,A,HYDROSHIP-M5-A,backscatter|blur|color|ripple,0.6399,0.9885,1.0185,28.0348,230.3794,0.1135,0.9989,0.8052,1.5114,1.7369,1.6203,5.8548,3,1.0817,True,True,raw,HYDROSHIP-M5-A
shallow/qr_A_m4_shallow_018.png,shallow,0.25,4,116,18,A,HYDROSHIP-M5-A,backscatter|blur|color|ripple,0.7002,0.9983,1.0625,28.3788,239.5515,0.1185,1.0256,0.7307,1.5029,1.6896,4.7997,4.1816,3,1.0414,True,True,raw,HYDROSHIP-M5-A
shallow/qr_A_m4_shallow_019.png,shallow,0.25,4,116,19,A,HYDROSHIP-M5-A,backscatter|blur|color|ripple,0.6711,1.0829,1.0744,29.5917,234.0272,0.1226,1.0695,0.7802,1.5529,1.6947,2.339,3.9936,3,0.989,True,True,raw,HYDROSHIP-M5-A
shallow/qr_A_m4_shallow_020.png,shallow,0.25,4,116,20,A,HYDROSHIP-M5-A,backscatter|blur|color|ripple,0.6506,0.9905,1.056,28.1007,226.1491,0.1133,1.0731,0.8025,1.6145,1.9067,4.5412,0.558,3,1.0629,True,True,raw,HYDROSHIP-M5-A
shallow/qr_A_m4_shallow_021.png,shallow,0.25,4,116,21,A,HYDROSHIP-M5-A,backscatter|blur|color|ripple,0.6936,0.9866,0.9736,30.5744,223.3554,0.1136,0.9775,0.7455,1.5209,1.7378,3.5481,5.1514,3,0.9631,True,True,raw,HYDROSHIP-M5-A
shallow/qr_A_m4_shallow_022.png,shallow,0.25,4,116,22,A,HYDROSHIP-M5-A,backscatter|blur|color|ripple,0.6637,0.9874,0.9822,26.7264,219.03,0.1268,0.9449,0.8025,1.5643,1.639,0.4355,5.0117,3,1.0295,True,True,raw,HYDROSHIP-M5-A
shallow/qr_A_m4_shallow_023.png,shallow,0.25,4,116,23,A,HYDROSHIP-M5-A,backscatter|blur|color|ripple,0.6759,0.9487,0.9645,30.4104,236.3843,0.1135,1.0304,0.8255,1.4243,1.8799,0.3643,2.3542,3,1.1005,True,True,raw,HYDROSHIP-M5-A
shallow/qr_A_m4_shallow_024.png,shallow,0.25,4,116,24,A,HYDROSHIP-M5-A,backscatter|blur|color|ripple,0.6802,0.9559,1.0462,28.1526,239.3699,0.1105,1.0538,0.8357,1.5442,1.8446,5.5737,1.1874,3,1.0027,True,True,raw,HYDROSHIP-M5-A
shallow/qr_A_m4_shallow_025.png,shallow,0.25,4,116,25,A,HYDROSHIP-M5-A,backscatter|blur|color|ripple,0.7312,1.0882,0.9841,30.0738,233.9104,0.1295,0.9917,0.7909,1.5281,1.7242,3.1036,1.103,3,1.107,True,True,raw,HYDROSHIP-M5-A
shallow/qr_A_m4_shallow_026.png,shallow,0.25,4,116,26,A,HYDROSHIP-M5-A,backscatter|blur|color|ripple,0.7088,1.0521,0.9641,28.4841,212.1064,0.1263,1.0563,0.7714,1.5127,1.8069,3.3358,6.1362,3,0.9851,True,True,raw,HYDROSHIP-M5-A
shallow/qr_A_m4_shallow_027.png,shallow,0.25,4,116,27,A,HYDROSHIP-M5-A,backscatter|blur|color|ripple,0.6455,1.0154,1.0818,29.8414,221.4091,0.1165,0.9855,0.7254,1.5355,1.8658,4.229,4.7521,3,0.9452,True,True,raw,HYDROSHIP-M5-A
shallow/qr_A_m4_shallow_028.png,shallow,0.25,4,116,28,A,HYDROSHIP-M5-A,backscatter|blur|color|ripple,0.6621,0.9369,0.9654,29.0397,216.0195,0.1209,1.017,0.8325,1.4362,1.6577,0.4077,4.7307,3,0.9506,True,True,raw,HYDROSHIP-M5-A
shallow/qr_A_m4_shallow_029.png,shallow,0.25,4,116,29,A,HYDROSHIP-M5-A,backscatter|blur|color|ripple,0.6808,0.934,1.0117,29.4048,238.0931,0.1121,0.97,0.782,1.4869,1.7124,3.3039,0.5225,3,1.0867,True,True,raw,HYDROSHIP-M5-A
shallow/qr_A_m4_shallow_030.png,shallow,0.25,4,116,30,A,HYDROSHIP-M5-A,backscatter|blur|color|ripple,0.6826,0.966,0.9751,27.7233,229.2285,0.1242,1.0789,0.8146,1.3978,1.6406,2.7477,3.2441,3,1.0188,True,True,raw,HYDROSHIP-M5-A
shallow/qr_A_m4_shallow_031.png,shallow,0.25,4,116,31,A,HYDROSHIP-M5-A,backscatter|blur|color|ripple,0.7081,0.9855,0.9948,27.402,211.6924,0.1147,1.015,0.83,1.5521,1.7134,0.2608,5.2153,3,1.0241,True,True,raw,HYDROSHIP-M5-A
shallow/qr_A_m4_shallow_032.png,shallow,0.25,4,116,32,A,HYDROSHIP-M5-A,backscatter|blur|color|ripple,0.7421,0.9507,1.0518,28.729,218.9193,0.1216,1.015,0.8204,1.5861,1.6401,0.0747,0.315,3,0.978,True,True,raw,HYDROSHIP-M5-A
shallow/qr_A_m4_shallow_033.png,shallow,0.25,4,116,33,A,HYDROSHIP-M5-A,backscatter|blur|color|ripple,0.6429,0.9481,1.0787,27.4059,214.6419,0.1135,1.0386,0.7612,1.6194,1.7721,4.2792,0.4072,3,1.0638,True,True,raw,HYDROSHIP-M5-A
shallow/qr_A_m4_shallow_034.png,shallow,0.25,4,116,34,A,HYDROSHIP-M5-A,backscatter|blur|color|ripple,0.6422,0.936,1.0315,28.7151,222.442,0.1269,1.083,0.7612,1.4014,1.9026,1.21,3.7898,3,1.0308,True,True,raw,HYDROSHIP-M5-A
shallow/qr_A_m4_shallow_035.png,shallow,0.25,4,116,35,A,HYDROSHIP-M5-A,backscatter|blur|color|ripple,0.6647,1.0908,1.0283,30.5814,238.5284,0.1242,1.0534,0.7863,1.3912,1.8376,2.324,4.3666,3,1.0666,True,True,raw,HYDROSHIP-M5-A
shallow/qr_A_m4_shallow_036.png,shallow,0.25,4,116,36,A,HYDROSHIP-M5-A,backscatter|blur|color|ripple,0.7352,0.9971,0.9835,30.3692,211.4488,0.1275,1.0011,0.7694,1.4305,1.8214,5.6985,2.0075,3,1.0787,True,True,raw,HYDROSHIP-M5-A
shallow/qr_A_m4_shallow_037.png,shallow,0.25,4,116,37,A,HYDROSHIP-M5-A,backscatter|blur|color|ripple,0.7225,1.0025,1.1145,27.8943,235.1613,0.1209,0.9887,0.7655,1.4192,1.871,6.2514,1.0146,3,1.0523,True,True,raw,HYDROSHIP-M5-A
shallow/qr_A_m4_shallow_038.png,shallow,0.25,4,116,38,A,HYDROSHIP-M5-A,backscatter|blur|color|ripple,0.6931,0.9412,1.1138,27.2,237.7052,0.113,0.9679,0.7817,1.595,1.8203,5.9946,5.595,3,1.0553,True,True,raw,HYDROSHIP-M5-A
shallow/qr_A_m4_shallow_039.png,shallow,0.25,4,116,39,A,HYDROSHIP-M5-A,backscatter|blur|color|ripple,0.7001,0.9846,1.0761,27.1576,239.2525,0.1288,1.0616,0.8244,1.4142,1.6478,6.1752,2.538,3,1.0155,True,True,raw,HYDROSHIP-M5-A
shallow/qr_A_m4_shallow_040.png,shallow,0.25,4,116,40,A,HYDROSHIP-M5-A,backscatter|blur|color|ripple,0.6594,0.9605,1.0123,27.2545,237.3818,0.1233,1.0926,0.7279,1.4416,1.8971,2.7984,5.6246,3,0.9601,True,True,raw,HYDROSHIP-M5-A
shallow/qr_A_m4_shallow_041.png,shallow,0.25,4,116,41,A,HYDROSHIP-M5-A,backscatter|blur|color|ripple,0.725,1.0325,1.0419,29.0194,212.829,0.1262,0.996,0.8166,1.411,1.8511,1.9317,3.2003,3,1.0417,True,True,raw,HYDROSHIP-M5-A
shallow/qr_A_m4_shallow_042.png,shallow,0.25,4,116,42,A,HYDROSHIP-M5-A,backscatter|blur|color|ripple,0.6884,1.0286,0.9813,26.7015,217.858,0.1119,1.0782,0.7536,1.6046,1.7089,4.5002,0.1517,3,1.0636,True,True,raw,HYDROSHIP-M5-A
shallow/qr_A_m4_shallow_043.png,shallow,0.25,4,116,43,A,HYDROSHIP-M5-A,backscatter|blur|color|ripple,0.6535,0.9661,1.0975,29.5897,234.1802,0.1159,0.9631,0.8334,1.4566,1.715,3.816,1.309,3,1.0649,True,True,raw,HYDROSHIP-M5-A
shallow/qr_A_m4_shallow_044.png,shallow,0.25,4,116,44,A,HYDROSHIP-M5-A,backscatter|blur|color|ripple,0.6723,0.9949,1.1066,29.7977,211.1311,0.1187,0.9986,0.7656,1.3805,1.9033,5.7113,1.8868,3,1.022,True,True,raw,HYDROSHIP-M5-A
shallow/qr_A_m4_shallow_045.png,shallow,0.25,4,116,45,A,HYDROSHIP-M5-A,backscatter|blur|color|ripple,0.6804,0.9355,1.0747,29.0067,222.8324,0.1159,1.0695,0.7407,1.4756,1.7006,3.7211,1.7784,3,1.0123,True,True,raw,HYDROSHIP-M5-A
shallow/qr_A_m4_shallow_046.png,shallow,0.25,4,116,46,A,HYDROSHIP-M5-A,backscatter|blur|color|ripple,0.6636,0.9528,0.9804,27.1058,210.6276,0.1183,0.9469,0.7457,1.4663,1.7057,2.4999,2.7776,3,0.9978,True,True,raw,HYDROSHIP-M5-A
shallow/qr_A_m4_shallow_047.png,shallow,0.25,4,116,47,A,HYDROSHIP-M5-A,backscatter|blur|color|ripple,0.7405,1.0296,1.1211,26.6805,243.9,0.1274,1.0203,0.7755,1.4685,1.7842,2.4567,4.7538,3,1.0916,True,True,raw,HYDROSHIP-M5-A
shallow/qr_A_m4_shallow_048.png,shallow,0.25,4,116,48,A,HYDROSHIP-M5-A,backscatter|blur|color|ripple,0.7094,1.0211,1.0749,30.6324,209.7773,0.1263,1.0238,0.8031,1.5741,1.8358,2.1645,3.6864,3,0.9991,True,True,raw,HYDROSHIP-M5-A
shallow/qr_A_m4_shallow_049.png,shallow,0.25,4,116,49,A,HYDROSHIP-M5-A,backscatter|blur|color|ripple,0.7087,0.9555,1.0845,27.9951,216.9147,0.1139,1.0865,0.7968,1.5485,1.8726,5.4659,4.8943,3,1.0169,True,True,raw,HYDROSHIP-M5-A
shallow/qr_A_m4_shallow_050.png,shallow,0.25,4,116,50,A,HYDROSHIP-M5-A,backscatter|blur|color|ripple,0.6658,1.0352,1.0391,26.8122,236.4393,0.1195,1.0692,0.8019,1.4436,1.7081,1.5233,0.7053,3,1.0879,True,True,raw,HYDROSHIP-M5-A
shallow/qr_A_m4_shallow_051.png,shallow,0.25,4,116,51,A,HYDROSHIP-M5-A,backscatter|blur|color|ripple,0.7179,0.9717,1.003,30.8815,224.3388,0.1115,1.0263,0.7664,1.6146,1.8314,5.1385,4.9407,3,0.9479,True,True,raw,HYDROSHIP-M5-A
shallow/qr_A_m4_shallow_052.png,shallow,0.25,4,116,52,A,HYDROSHIP-M5-A,backscatter|blur|color|ripple,0.6337,1.0539,1.0935,29.3646,216.5573,0.1139,1.0902,0.7538,1.4968,1.788,2.6315,0.1059,3,1.0131,True,True,raw,HYDROSHIP-M5-A
shallow/qr_A_m4_shallow_053.png,shallow,0.25,4,116,53,A,HYDROSHIP-M5-A,backscatter|blur|color|ripple,0.7264,1.088,1.0133,28.4284,243.6159,0.1219,0.9551,0.7607,1.4471,1.8725,4.4667,4.7129,3,1.0736,True,True,raw,HYDROSHIP-M5-A
shallow/qr_A_m4_shallow_054.png,shallow,0.25,4,116,54,A,HYDROSHIP-M5-A,backscatter|blur|color|ripple,0.7256,1.0553,1.0116,28.5416,239.7017,0.1116,0.9983,0.7555,1.4539,1.767,3.3828,4.864,3,1.0511,True,True,raw,HYDROSHIP-M5-A
shallow/qr_A_m4_shallow_055.png,shallow,0.25,4,116,55,A,HYDROSHIP-M5-A,backscatter|blur|color|ripple,0.7362,1.065,1.0213,30.4956,220.0957,0.1265,0.9516,0.7975,1.3857,1.6797,3.2365,0.9312,3,1.0015,True,True,raw,HYDROSHIP-M5-A
shallow/qr_A_m4_shallow_056.png,shallow,0.25,4,116,56,A,HYDROSHIP-M5-A,backscatter|blur|color|ripple,0.7375,0.934,1.0902,31.1415,237.2637,0.1151,0.993,0.7345,1.4545,1.8368,4.869,5.4442,3,0.9734,True,True,raw,HYDROSHIP-M5-A
shallow/qr_A_m4_shallow_057.png,shallow,0.25,4,116,57,A,HYDROSHIP-M5-A,backscatter|blur|color|ripple,0.6856,1.0234,1.0369,29.7159,218.8232,0.1165,1.0508,0.7472,1.3844,1.7723,3.3876,3.9615,3,1.0745,True,True,raw,HYDROSHIP-M5-A
shallow/qr_A_m4_shallow_058.png,shallow,0.25,4,116,58,A,HYDROSHIP-M5-A,backscatter|blur|color|ripple,0.72,0.9754,1.0378,30.6259,218.6579,0.114,1.0896,0.8256,1.3889,1.835,4.0996,4.2613,3,1.018,True,True,raw,HYDROSHIP-M5-A
shallow/qr_A_m4_shallow_059.png,shallow,0.25,4,116,59,A,HYDROSHIP-M5-A,backscatter|blur|color|ripple,0.6551,0.9962,0.9927,26.9712,224.8664,0.1232,0.9813,0.732,1.5237,1.7781,1.3921,1.7667,3,1.0868,True,True,raw,HYDROSHIP-M5-A
shallow/qr_A_m4_shallow_060.png,shallow,0.25,4,116,60,A,HYDROSHIP-M5-A,backscatter|blur|color|ripple,0.6944,1.0815,1.1116,29.2771,226.8372,0.1207,0.989,0.7511,1.417,1.7528,2.0626,1.1148,3,0.9772,True,True,raw,HYDROSHIP-M5-A
shallow/qr_A_m4_shallow_061.png,shallow,0.25,4,116,61,A,HYDROSHIP-M5-A,backscatter|blur|color|ripple,0.6892,0.9654,1.1193,28.9437,227.0814,0.1176,1.0857,0.8092,1.6084,1.6667,3.693,4.8681,3,1.0374,True,True,raw,HYDROSHIP-M5-A
shallow/qr_A_m4_shallow_062.png,shallow,0.25,4,116,62,A,HYDROSHIP-M5-A,backscatter|blur|color|ripple,0.6885,1.074,0.9947,27.8545,217.1122,0.1252,1.0829,0.834,1.4662,1.7448,0.9528,4.2501,3,0.9524,True,True,raw,HYDROSHIP-M5-A
shallow/qr_A_m4_shallow_063.png,shallow,0.25,4,116,63,A,HYDROSHIP-M5-A,backscatter|blur|color|ripple,0.6752,1.0871,1.0927,29.9411,219.1961,0.1109,1.0017,0.7523,1.5783,1.827,4.7728,0.0309,3,1.0418,True,True,raw,HYDROSHIP-M5-A
shallow/qr_A_m4_shallow_064.png,shallow,0.25,4,116,64,A,HYDROSHIP-M5-A,backscatter|blur|color|ripple,0.7233,0.9856,1.0941,30.8845,210.7633,0.1184,0.9529,0.7543,1.5674,1.6676,1.2429,0.8778,3,1.065,True,True,raw,HYDROSHIP-M5-A
shallow/qr_A_m4_shallow_065.png,shallow,0.25,4,116,65,A,HYDROSHIP-M5-A,backscatter|blur|color|ripple,0.6496,1.0419,1.042,27.1995,232.9964,0.1116,1.0677,0.7351,1.38,1.7894,4.2262,2.8543,3,1.0609,True,True,raw,HYDROSHIP-M5-A
shallow/qr_A_m4_shallow_066.png,shallow,0.25,4,116,66,A,HYDROSHIP-M5-A,backscatter|blur|color|ripple,0.7355,1.0367,0.9971,30.3237,209.198,0.1155,0.9936,0.8207,1.4421,1.6654,1.2734,4.6919,3,1.0021,True,True,raw,HYDROSHIP-M5-A
shallow/qr_A_m4_shallow_067.png,shallow,0.25,4,116,67,A,HYDROSHIP-M5-A,backscatter|blur|color|ripple,0.66,0.9355,0.9994,31.3115,216.5226,0.1277,0.9955,0.7775,1.474,1.6586,5.9531,0.8258,3,1.1021,True,True,raw,HYDROSHIP-M5-A
shallow/qr_A_m4_shallow_068.png,shallow,0.25,4,116,68,A,HYDROSHIP-M5-A,backscatter|blur|color|ripple,0.6369,1.0248,0.9684,27.4651,213.4197,0.1121,0.9975,0.7716,1.5754,1.7941,5.182,2.7174,3,1.0843,True,True,raw,HYDROSHIP-M5-A
shallow/qr_A_m4_shallow_069.png,shallow,0.25,4,116,69,A,HYDROSHIP-M5-A,backscatter|blur|color|ripple,0.7003,1.0683,1.0922,27.5989,215.4463,0.1264,1.0439,0.717,1.5759,1.9151,1.9981,1.7494,3,1.0767,True,True,raw,HYDROSHIP-M5-A
shallow/qr_A_m4_shallow_070.png,shallow,0.25,4,116,70,A,HYDROSHIP-M5-A,backscatter|blur|color|ripple,0.6756,1.0398,1.0152,31.0815,240.883,0.1208,1.033,0.8065,1.4424,1.8674,3.0933,3.6079,3,0.9707,True,True,raw,HYDROSHIP-M5-A
shallow/qr_A_m4_shallow_071.png,shallow,0.25,4,116,71,A,HYDROSHIP-M5-A,backscatter|blur|color|ripple,0.6684,0.9479,0.9905,31.2726,218.4916,0.118,1.0558,0.7799,1.3922,1.785,3.3303,4.0926,3,1.0433,True,True,raw,HYDROSHIP-M5-A
shallow/qr_A_m4_shallow_072.png,shallow,0.25,4,116,72,A,HYDROSHIP-M5-A,backscatter|blur|color|ripple,0.7273,1.0429,1.0444,27.6057,243.8923,0.1262,1.0804,0.7525,1.5858,1.794,4.4415,2.6932,3,1.0542,True,True,raw,HYDROSHIP-M5-A
shallow/qr_A_m4_shallow_073.png,shallow,0.25,4,116,73,A,HYDROSHIP-M5-A,backscatter|blur|color|ripple,0.6899,0.9791,1.0827,31.1986,219.5708,0.1159,1.0064,0.7268,1.5993,1.7639,5.3018,1.9797,3,1.0723,True,True,raw,HYDROSHIP-M5-A
shallow/qr_A_m4_shallow_074.png,shallow,0.25,4,116,74,A,HYDROSHIP-M5-A,backscatter|blur|color|ripple,0.7357,0.9533,1.076,29.0776,221.8699,0.1207,0.9715,0.735,1.4744,1.8326,4.0382,3.3245,3,1.0107,True,True,raw,HYDROSHIP-M5-A
shallow/qr_A_m4_shallow_075.png,shallow,0.25,4,116,75,A,HYDROSHIP-M5-A,backscatter|blur|color|ripple,0.6634,1.0102,0.9819,26.7044,238.4728,0.1168,1.0769,0.7201,1.6078,1.7154,5.0801,3.2864,3,1.04,True,True,raw,HYDROSHIP-M5-A
shallow/qr_A_m4_shallow_076.png,shallow,0.25,4,116,76,A,HYDROSHIP-M5-A,backscatter|blur|color|ripple,0.7423,1.0399,1.039,27.7008,217.7378,0.1225,1.0508,0.7714,1.559,1.6884,3.533,5.5836,3,1.0586,True,True,raw,HYDROSHIP-M5-A
shallow/qr_A_m4_shallow_077.png,shallow,0.25,4,116,77,A,HYDROSHIP-M5-A,backscatter|blur|color|ripple,0.6988,1.0238,0.9875,28.3085,238.8994,0.1237,0.9562,0.8144,1.6179,1.7306,2.8926,1.2501,3,1.0346,True,True,raw,HYDROSHIP-M5-A
shallow/qr_A_m4_shallow_078.png,shallow,0.25,4,116,78,A,HYDROSHIP-M5-A,backscatter|blur|color|ripple,0.654,1.0449,0.9725,31.2678,219.4469,0.1217,1.0238,0.8207,1.5122,1.7128,4.1114,6.2784,3,1.0533,True,True,raw,HYDROSHIP-M5-A
shallow/qr_A_m4_shallow_079.png,shallow,0.25,4,116,79,A,HYDROSHIP-M5-A,backscatter|blur|color|ripple,0.6747,1.012,1.0495,28.7843,222.3851,0.1197,1.0958,0.7916,1.4382,1.9086,0.4088,1.7875,3,0.9806,True,True,raw,HYDROSHIP-M5-A
shallow/qr_A_m4_shallow_080.png,shallow,0.25,4,116,80,A,HYDROSHIP-M5-A,backscatter|blur|color|ripple,0.6912,0.9752,0.9631,29.0317,219.1737,0.1293,1.0455,0.7941,1.4181,1.7236,2.8736,2.5805,3,0.9989,True,True,raw,HYDROSHIP-M5-A
shallow/qr_A_m4_shallow_081.png,shallow,0.25,4,116,81,A,HYDROSHIP-M5-A,backscatter|blur|color|ripple,0.6454,0.9996,1.0798,27.2699,243.043,0.1231,0.9653,0.7912,1.5699,1.6668,2.9376,4.7368,3,0.9777,True,True,raw,HYDROSHIP-M5-A
shallow/qr_A_m4_shallow_082.png,shallow,0.25,4,116,82,A,HYDROSHIP-M5-A,backscatter|blur|color|ripple,0.737,0.9429,1.1146,27.0574,234.0075,0.112,0.9865,0.7611,1.4233,1.6377,3.5792,3.6747,3,1.0837,True,True,raw,HYDROSHIP-M5-A
shallow/qr_A_m4_shallow_083.png,shallow,0.25,4,116,83,A,HYDROSHIP-M5-A,backscatter|blur|color|ripple,0.6353,0.9487,1.0153,30.0149,209.2896,0.1176,1.0792,0.8002,1.3875,1.8422,3.1398,3.9491,3,0.9512,True,True,raw,HYDROSHIP-M5-A
medium/qr_A_m4_medium_000.png,medium,0.55,4,116,0,A,HYDROSHIP-M5-A,backscatter|blur|color|ripple,0.5023,1.0309,1.183,52.0771,198.4845,0.2113,1.9251,1.4204,2.0722,2.423,3.5522,5.1937,5,1.5708,True,True,raw,HYDROSHIP-M5-A
medium/qr_A_m4_medium_001.png,medium,0.55,4,116,1,A,HYDROSHIP-M5-A,backscatter|blur|color|ripple,0.5056,1.0667,1.1159,57.004,196.055,0.2207,1.9569,1.5651,2.2654,2.5938,5.0913,2.7487,5,1.6354,True,True,raw,HYDROSHIP-M5-A
medium/qr_A_m4_medium_002.png,medium,0.55,4,116,2,A,HYDROSHIP-M5-A,backscatter|blur|color|ripple,0.4547,0.9628,1.0889,55.9844,201.6309,0.2253,1.8006,1.3703,2.1081,2.5604,6.1659,1.4969,5,1.6072,True,True,raw,HYDROSHIP-M5-A
medium/qr_A_m4_medium_003.png,medium,0.55,4,116,3,A,HYDROSHIP-M5-A,backscatter|blur|color|ripple,0.511,1.0059,1.0942,53.7644,201.1057,0.2037,1.9437,1.4702,2.0698,2.2896,6.0789,3.0993,5,1.7514,True,True,raw,HYDROSHIP-M5-A
medium/qr_A_m4_medium_004.png,medium,0.55,4,116,4,A,HYDROSHIP-M5-A,backscatter|blur|color|ripple,0.468,1.1002,1.0723,53.6833,188.7996,0.2073,1.76,1.4542,2.1403,2.4044,0.4851,2.1263,5,1.6,True,True,raw,HYDROSHIP-M5-A
medium/qr_A_m4_medium_005.png,medium,0.55,4,116,5,A,HYDROSHIP-M5-A,backscatter|blur|color|ripple,0.4553,1.0554,1.0669,50.5981,208.4581,0.2007,2.0271,1.4062,2.0377,2.3563,6.1728,2.7894,5,1.5826,True,True,raw,HYDROSHIP-M5-A
medium/qr_A_m4_medium_006.png,medium,0.55,4,116,6,A,HYDROSHIP-M5-A,backscatter|blur|color|ripple,0.5301,1.035,1.1358,52.3932,192.0121,0.2209,1.9465,1.393,2.1179,2.3142,4.677,4.2163,5,1.5933,True,True,raw,HYDROSHIP-M5-A
medium/qr_A_m4_medium_007.png,medium,0.55,4,116,7,A,HYDROSHIP-M5-A,backscatter|blur|color|ripple,0.5096,1.018,1.0255,58.4619,190.3254,0.2089,1.883,1.5294,2.0326,2.5445,6.1284,5.5657,5,1.7575,True,True,raw,HYDROSHIP-M5-A
medium/qr_A_m4_medium_008.png,medium,0.55,4,116,8,A,HYDROSHIP-M5-A,backscatter|blur|color|ripple,0.4739,0.9602,1.1384,54.4094,192.9109,0.2112,1.7529,1.3723,2.0738,2.6512,6.056,3.408,5,1.7639,True,True,raw,HYDROSHIP-M5-A
medium/qr_A_m4_medium_009.png,medium,0.55,4,116,9,A,HYDROSHIP-M5-A,backscatter|blur|color|ripple,0.4953,1.1095,1.1503,53.3037,191.7633,0.2147,1.8099,1.4268,2.0321,2.2917,5.7827,5.1609,5,1.7129,True,True,raw,HYDROSHIP-M5-A
medium/qr_A_m4_medium_010.png,medium,0.55,4,116,10,A,HYDROSHIP-M5-A,backscatter|blur|color|ripple,0.4914,0.9594,1.0316,57.2749,192.2219,0.2172,1.7776,1.5399,2.1077,2.3536,6.1244,2.0072,5,1.5919,True,True,raw,HYDROSHIP-M5-A
medium/qr_A_m4_medium_011.png,medium,0.55,4,116,11,A,HYDROSHIP-M5-A,backscatter|blur|color|ripple,0.5187,1.0209,1.056,50.2221,208.1446,0.2028,2.0138,1.4316,2.0542,2.3389,3.021,1.6063,5,1.5248,True,True,raw,HYDROSHIP-M5-A
medium/qr_A_m4_medium_012.png,medium,0.55,4,116,12,A,HYDROSHIP-M5-A,backscatter|blur|color|ripple,0.4833,0.9505,1.0219,56.9207,210.9021,0.2038,1.819,1.5074,2.2369,2.5305,4.8437,3.8977,5,1.7326,True,True,raw,HYDROSHIP-M5-A
medium/qr_A_m4_medium_013.png,medium,0.55,4,116,13,A,HYDROSHIP-M5-A,backscatter|blur|color|ripple,0.4558,1.0273,1.1302,51.6921,212.5339,0.2087,1.9751,1.5795,2.1671,2.3241,3.1919,0.4149,5,1.5728,True,True,raw,HYDROSHIP-M5-A
medium/qr_A_m4_medium_014.png,medium,0.55,4,116,14,A,HYDROSHIP-M5-A,backscatter|blur|color|ripple,0.456,1.0585,1.1366,53.5585,189.5887,0.2054,1.9082,1.4604,2.0348,2.6567,0.3046,1.4853,5,1.7331,True,True,raw,HYDROSHIP-M5-A
medium/qr_A_m4_medium_015.png,medium,0.55,4,116,15,A,HYDROSHIP-M5-A,backscatter|blur|color|ripple,0.476,1.0983,1.1068,55.1533,216.5675,0.2291,1.8628,1.4734,2.126,2.3444,2.0879,4.126,5,1.6898,True,True,raw,HYDROSHIP-M5-A
medium/qr_A_m4_medium_016.png,medium,0.55,4,116,16,A,HYDROSHIP-M5-A,backscatter|blur|color|ripple,0.4847,0.9627,1.0553,55.7046,185.565,0.2278,1.9968,1.5681,2.1485,2.4757,2.1967,1.6443,5,1.7863,True,True,raw,HYDROSHIP-M5-A
medium/qr_A_m4_medium_017.png,medium,0.55,4,116,17,A,HYDROSHIP-M5-A,backscatter|blur|color|ripple,0.4839,1.0649,1.0663,56.4227,193.7082,0.2036,1.827,1.3611,1.9613,2.2716,4.759,4.306,5,1.624,True,True,raw,HYDROSHIP-M5-A
medium/qr_A_m4_medium_018.png,medium,0.55,4,116,18,A,HYDROSHIP-M5-A,backscatter|blur|color|ripple,0.5142,0.9704,1.0834,53.6495,206.827,0.228,1.8925,1.4658,2.1239,2.2755,3.5752,0.8588,5,1.5586,True,True,raw,HYDROSHIP-M5-A
medium/qr_A_m4_medium_019.png,medium,0.55,4,116,19,A,HYDROSHIP-M5-A,backscatter|blur|color|ripple,0.4862,1.108,1.0418,58.2874,198.6854,0.2143,1.9912,1.4059,2.0409,2.3043,1.7494,0.2275,5,1.6225,True,True,raw,HYDROSHIP-M5-A
medium/qr_A_m4_medium_020.png,medium,0.55,4,116,20,A,HYDROSHIP-M5-A,backscatter|blur|color|ripple,0.4631,0.9774,1.0612,57.4599,194.7218,0.2088,1.8865,1.4322,2.0404,2.4902,0.3687,2.8081,5,1.6985,True,True,raw,HYDROSHIP-M5-A
medium/qr_A_m4_medium_021.png,medium,0.55,4,116,21,A,HYDROSHIP-M5-A,backscatter|blur|color|ripple,0.4836,0.9824,1.0272,52.7055,215.166,0.2015,1.9457,1.4423,2.0271,2.6486,4.331,2.1769,5,1.7113,True,True,raw,HYDROSHIP-M5-A
medium/qr_A_m4_medium_022.png,medium,0.55,4,116,22,A,HYDROSHIP-M5-A,backscatter|blur|color|ripple,0.454,0.9793,1.1699,56.3174,202.8625,0.2042,1.9734,1.5606,2.0837,2.5051,4.7738,5.9237,5,1.5254,True,True,raw,HYDROSHIP-M5-A
medium/qr_A_m4_medium_023.png,medium,0.55,4,116,23,A,HYDROSHIP-M5-A,backscatter|blur|color|ripple,0.5075,0.9717,1.1336,54.9965,206.7214,0.2082,1.7624,1.4687,2.1601,2.3422,4.2082,5.7461,5,1.628,True,True,raw,HYDROSHIP-M5-A
medium/qr_A_m4_medium_024.png,medium,0.55,4,116,24,A,HYDROSHIP-M5-A,backscatter|blur|color|ripple,0.5085,1.0806,1.0324,55.1796,208.845,0.2281,1.8878,1.5101,2.1921,2.6021,3.8878,0.3663,5,1.5238,True,True,raw,HYDROSHIP-M5-A
medium/qr_A_m4_medium_025.png,medium,0.55,4,116,25,A,HYDROSHIP-M5-A,backscatter|blur|color|ripple,0.4856,0.9756,1.0355,55.9225,190.3516,0.2176,1.9592,1.4339,2.071,2.6261,4.2716,1.3349,5,1.7531,True,True,raw,HYDROSHIP-M5-A
medium/qr_A_m4_medium_026.png,medium,0.55,4,116,26,A,HYDROSHIP-M5-A,backscatter|blur|color|ripple,0.4653,0.9709,1.0968,57.2113,195.1311,0.2115,2.016,1.4614,2.2463,2.3186,0.1456,1.8642,5,1.6672,True,True,raw,HYDROSHIP-M5-A
medium/qr_A_m4_medium_027.png,medium,0.55,4,116,27,A,HYDROSHIP-M5-A,backscatter|blur|color|ripple,0.4993,1.0683,1.1583,56.6763,215.1535,0.2096,1.8305,1.5429,2.1202,2.4118,0.5166,4.2388,5,1.5318,True,True,raw,HYDROSHIP-M5-A
medium/qr_A_m4_medium_028.png,medium,0.55,4,116,28,A,HYDROSHIP-M5-A,backscatter|blur|color|ripple,0.4974,1.0111,1.1594,50.7694,191.9437,0.2039,1.7746,1.5013,2.1823,2.4463,4.4061,5.5067,5,1.741,False,True,upscale,HYDROSHIP-M5-A
medium/qr_A_m4_medium_029.png,medium,0.55,4,116,29,A,HYDROSHIP-M5-A,backscatter|blur|color|ripple,0.5289,1.0587,1.0478,54.1799,186.0262,0.2253,1.8699,1.4124,2.1198,2.6061,0.6551,1.4859,5,1.6339,True,True,raw,HYDROSHIP-M5-A
medium/qr_A_m4_medium_030.png,medium,0.55,4,116,30,A,HYDROSHIP-M5-A,backscatter|blur|color|ripple,0.5204,0.9762,1.0275,52.4479,213.1719,0.2203,1.7748,1.5124,1.9478,2.4299,5.9176,5.6503,5,1.6576,True,True,raw,HYDROSHIP-M5-A
medium/qr_A_m4_medium_031.png,medium,0.55,4,116,31,A,HYDROSHIP-M5-A,backscatter|blur|color|ripple,0.4984,1.0468,1.0897,55.2443,185.8772,0.2128,1.9998,1.5337,2.201,2.5273,6.082,5.5927,5,1.7608,True,True,raw,HYDROSHIP-M5-A
medium/qr_A_m4_medium_032.png,medium,0.55,4,116,32,A,HYDROSHIP-M5-A,backscatter|blur|color|ripple,0.4678,0.9782,1.1076,57.357,206.3126,0.2059,1.9214,1.4088,2.0597,2.629,1.4875,3.0377,5,1.707,False,True,upscale,HYDROSHIP-M5-A
medium/qr_A_m4_medium_033.png,medium,0.55,4,116,33,A,HYDROSHIP-M5-A,backscatter|blur|color|ripple,0.5231,1.048,1.1675,51.9939,206.5601,0.2287,1.7882,1.446,1.9389,2.3065,4.1751,5.3921,5,1.6077,True,True,raw,HYDROSHIP-M5-A
medium/qr_A_m4_medium_034.png,medium,0.55,4,116,34,A,HYDROSHIP-M5-A,backscatter|blur|color|ripple,0.4788,1.0808,1.0599,55.2012,207.741,0.2117,1.9811,1.478,1.9725,2.596,5.3936,0.5873,5,1.7766,True,True,raw,HYDROSHIP-M5-A
medium/qr_A_m4_medium_035.png,medium,0.55,4,116,35,A,HYDROSHIP-M5-A,backscatter|blur|color|ripple,0.5293,1.1053,1.0546,52.0354,214.0489,0.2046,1.884,1.3693,2.0173,2.3746,1.5413,5.1362,5,1.7575,True,True,raw,HYDROSHIP-M5-A
medium/qr_A_m4_medium_036.png,medium,0.55,4,116,36,A,HYDROSHIP-M5-A,backscatter|blur|color|ripple,0.4887,0.9711,1.1508,56.5014,212.9812,0.2108,2.0221,1.3544,2.0838,2.4426,2.8558,4.9983,5,1.7173,True,True,raw,HYDROSHIP-M5-A
medium/qr_A_m4_medium_037.png,medium,0.55,4,116,37,A,HYDROSHIP-M5-A,backscatter|blur|color|ripple,0.5013,1.0465,1.0234,52.7357,209.3242,0.2257,1.8037,1.534,2.2077,2.6285,0.7509,0.0505,5,1.6102,True,True,raw,HYDROSHIP-M5-A
medium/qr_A_m4_medium_038.png,medium,0.55,4,116,38,A,HYDROSHIP-M5-A,backscatter|blur|color|ripple,0.5223,0.9916,1.0765,54.9804,211.9018,0.2001,1.8652,1.5138,2.0033,2.6331,6.0239,3.0428,5,1.5974,True,True,raw,HYDROSHIP-M5-A
medium/qr_A_m4_medium_039.png,medium,0.55,4,116,39,A,HYDROSHIP-M5-A,backscatter|blur|color|ripple,0.5195,0.9796,1.1625,56.2665,199.4945,0.2316,1.9666,1.5362,2.1238,2.5008,0.3876,1.0541,5,1.6368,False,True,clahe,HYDROSHIP-M5-A
medium/qr_A_m4_medium_040.png,medium,0.55,4,116,40,A,HYDROSHIP-M5-A,backscatter|blur|color|ripple,0.4799,1.0794,1.1313,56.9219,192.0995,0.2089,1.9395,1.4598,2.0121,2.3533,2.8162,2.0147,5,1.5469,True,True,raw,HYDROSHIP-M5-A
medium/qr_A_m4_medium_041.png,medium,0.55,4,116,41,A,HYDROSHIP-M5-A,backscatter|blur|color|ripple,0.4596,1.0688,1.0784,55.4845,208.3323,0.2048,2.0291,1.4167,1.9699,2.5551,4.9615,0.6137,5,1.6182,True,True,raw,HYDROSHIP-M5-A
medium/qr_A_m4_medium_042.png,medium,0.55,4,116,42,A,HYDROSHIP-M5-A,backscatter|blur|color|ripple,0.5017,1.0118,1.0907,53.8192,197.4817,0.2177,1.9946,1.3646,2.1161,2.5248,5.3958,1.5717,5,1.6834,True,True,raw,HYDROSHIP-M5-A
medium/qr_A_m4_medium_043.png,medium,0.55,4,116,43,A,HYDROSHIP-M5-A,backscatter|blur|color|ripple,0.4906,0.9595,1.0395,56.2447,199.9685,0.2074,2.0164,1.5593,2.0994,2.6384,0.6165,2.4142,5,1.5603,True,True,raw,HYDROSHIP-M5-A
medium/qr_A_m4_medium_044.png,medium,0.55,4,116,44,A,HYDROSHIP-M5-A,backscatter|blur|color|ripple,0.4882,1.077,1.1547,57.0576,197.7733,0.1992,1.8451,1.5311,2.09,2.2842,4.8306,3.4591,5,1.607,True,True,raw,HYDROSHIP-M5-A
medium/qr_A_m4_medium_045.png,medium,0.55,4,116,45,A,HYDROSHIP-M5-A,backscatter|blur|color|ripple,0.4794,1.0613,1.1312,57.7784,201.9201,0.2061,1.7522,1.4764,2.2206,2.2798,5.9854,0.1676,5,1.7189,True,True,raw,HYDROSHIP-M5-A
medium/qr_A_m4_medium_046.png,medium,0.55,4,116,46,A,HYDROSHIP-M5-A,backscatter|blur|color|ripple,0.5249,0.9574,1.1703,54.6022,199.3537,0.2205,1.9685,1.503,2.0354,2.361,5.9534,4.4383,5,1.5602,True,True,raw,HYDROSHIP-M5-A
medium/qr_A_m4_medium_047.png,medium,0.55,4,116,47,A,HYDROSHIP-M5-A,backscatter|blur|color|ripple,0.4989,1.0931,1.1171,52.1504,215.1028,0.2179,1.8998,1.3964,2.1692,2.5918,0.5015,5.6995,5,1.6994,True,True,raw,HYDROSHIP-M5-A
medium/qr_A_m4_medium_048.png,medium,0.55,4,116,48,A,HYDROSHIP-M5-A,backscatter|blur|color|ripple,0.4685,1.0827,1.0772,52.2645,194.7603,0.2172,1.7755,1.4417,2.0691,2.5465,4.0399,5.7193,5,1.718,True,True,raw,HYDROSHIP-M5-A
medium/qr_A_m4_medium_049.png,medium,0.55,4,116,49,A,HYDROSHIP-M5-A,backscatter|blur|color|ripple,0.5107,1.0741,1.0288,55.4669,185.2701,0.2092,1.968,1.5085,2.1183,2.6006,0.7558,4.027,5,1.725,True,True,raw,HYDROSHIP-M5-A
medium/qr_A_m4_medium_050.png,medium,0.55,4,116,50,A,HYDROSHIP-M5-A,backscatter|blur|color|ripple,0.5121,1.1001,1.0304,55.8973,198.9223,0.2012,1.7502,1.3616,2.1714,2.5766,5.8401,2.5126,5,1.5396,True,True,raw,HYDROSHIP-M5-A
medium/qr_A_m4_medium_051.png,medium,0.55,4,116,51,A,HYDROSHIP-M5-A,backscatter|blur|color|ripple,0.499,1.1029,1.034,54.0098,189.4013,0.2166,1.8723,1.553,2.236,2.6029,5.0427,0.0594,5,1.6282,True,True,raw,HYDROSHIP-M5-A
medium/qr_A_m4_medium_052.png,medium,0.55,4,116,52,A,HYDROSHIP-M5-A,backscatter|blur|color|ripple,0.5192,1.0909,1.0303,57.1761,213.3196,0.2128,1.9791,1.5203,2.0833,2.5008,6.0007,1.1775,5,1.7236,True,True,raw,HYDROSHIP-M5-A
medium/qr_A_m4_medium_053.png,medium,0.55,4,116,53,A,HYDROSHIP-M5-A,backscatter|blur|color|ripple,0.4929,1.0448,1.1038,55.9985,197.9321,0.2284,1.8475,1.3848,2.026,2.4756,2.6761,3.0924,5,1.5818,True,True,raw,HYDROSHIP-M5-A
medium/qr_A_m4_medium_054.png,medium,0.55,4,116,54,A,HYDROSHIP-M5-A,backscatter|blur|color|ripple,0.5239,0.9988,1.174,56.4535,186.836,0.2108,1.9851,1.4175,2.1535,2.5162,4.6775,0.5046,5,1.5295,True,True,raw,HYDROSHIP-M5-A
medium/qr_A_m4_medium_055.png,medium,0.55,4,116,55,A,HYDROSHIP-M5-A,backscatter|blur|color|ripple,0.5012,1.0301,1.1479,57.0124,188.9857,0.2001,1.8397,1.3957,2.2267,2.3615,1.8122,3.4804,5,1.6923,True,True,raw,HYDROSHIP-M5-A
medium/qr_A_m4_medium_056.png,medium,0.55,4,116,56,A,HYDROSHIP-M5-A,backscatter|blur|color|ripple,0.4924,1.0076,1.1631,50.1609,196.6498,0.2303,1.7781,1.5184,2.0349,2.4989,6.2534,0.7689,5,1.7053,True,True,raw,HYDROSHIP-M5-A
medium/qr_A_m4_medium_057.png,medium,0.55,4,116,57,A,HYDROSHIP-M5-A,backscatter|blur|color|ripple,0.4873,0.9646,1.0787,53.8952,195.0767,0.2144,1.8931,1.4806,2.1926,2.2819,3.5527,0.4827,5,1.6455,True,True,raw,HYDROSHIP-M5-A
medium/qr_A_m4_medium_058.png,medium,0.55,4,116,58,A,HYDROSHIP-M5-A,backscatter|blur|color|ripple,0.4804,1.0796,1.0235,55.9082,206.8103,0.203,1.8714,1.5623,2.0526,2.6293,0.0559,2.8614,5,1.5946,True,True,raw,HYDROSHIP-M5-A
medium/qr_A_m4_medium_059.png,medium,0.55,4,116,59,A,HYDROSHIP-M5-A,backscatter|blur|color|ripple,0.5006,1.0244,1.0267,52.812,215.6066,0.2185,1.749,1.4621,2.155,2.4963,0.6158,1.4894,5,1.5979,True,True,raw,HYDROSHIP-M5-A
medium/qr_A_m4_medium_060.png,medium,0.55,4,116,60,A,HYDROSHIP-M5-A,backscatter|blur|color|ripple,0.4591,1.1076,1.1298,55.6756,184.6722,0.2307,1.8801,1.4081,2.0073,2.3862,5.4432,4.4519,5,1.6962,True,True,raw,HYDROSHIP-M5-A
medium/qr_A_m4_medium_061.png,medium,0.55,4,116,61,A,HYDROSHIP-M5-A,backscatter|blur|color|ripple,0.476,1.0858,1.1662,53.2442,195.0892,0.2288,1.8111,1.5345,1.9645,2.4322,3.6203,0.0575,5,1.5264,True,True,raw,HYDROSHIP-M5-A
medium/qr_A_m4_medium_062.png,medium,0.55,4,116,62,A,HYDROSHIP-M5-A,backscatter|blur|color|ripple,0.4916,1.1028,1.1549,54.2535,190.3344,0.2054,1.9223,1.458,2.1412,2.6247,5.0953,4.5968,5,1.7429,True,True,raw,HYDROSHIP-M5-A
medium/qr_A_m4_medium_063.png,medium,0.55,4,116,63,A,HYDROSHIP-M5-A,backscatter|blur|color|ripple,0.529,0.9498,1.0913,53.5868,195.6274,0.2089,1.7728,1.4712,1.9392,2.6036,5.3227,1.9188,5,1.7755,True,True,raw,HYDROSHIP-M5-A
medium/qr_A_m4_medium_064.png,medium,0.55,4,116,64,A,HYDROSHIP-M5-A,backscatter|blur|color|ripple,0.5149,0.9812,1.1073,57.8399,197.0337,0.2068,1.9748,1.4496,2.0745,2.4278,2.0307,0.0624,5,1.5822,True,True,raw,HYDROSHIP-M5-A
medium/qr_A_m4_medium_065.png,medium,0.55,4,116,65,A,HYDROSHIP-M5-A,backscatter|blur|color|ripple,0.5283,0.9912,1.0759,56.6506,207.6789,0.2094,2.0385,1.4851,2.2438,2.2744,5.6438,0.0067,5,1.6226,True,True,raw,HYDROSHIP-M5-A
medium/qr_A_m4_medium_066.png,medium,0.55,4,116,66,A,HYDROSHIP-M5-A,backscatter|blur|color|ripple,0.5077,1.0652,1.0334,51.784,212.3005,0.2164,2.027,1.5018,1.9655,2.3397,6.0386,5.0376,5,1.7488,True,True,raw,HYDROSHIP-M5-A
medium/qr_A_m4_medium_067.png,medium,0.55,4,116,67,A,HYDROSHIP-M5-A,backscatter|blur|color|ripple,0.4649,1.0951,1.1536,55.0908,192.1507,0.2152,2.0284,1.5338,2.1342,2.2828,1.1768,5.8094,5,1.6174,True,True,raw,HYDROSHIP-M5-A
medium/qr_A_m4_medium_068.png,medium,0.55,4,116,68,A,HYDROSHIP-M5-A,backscatter|blur|color|ripple,0.4945,1.0989,1.0836,56.8622,205.2192,0.2142,1.9974,1.4569,2.2061,2.6384,3.0507,2.6601,5,1.7826,True,True,raw,HYDROSHIP-M5-A
medium/qr_A_m4_medium_069.png,medium,0.55,4,116,69,A,HYDROSHIP-M5-A,backscatter|blur|color|ripple,0.5258,0.9481,1.1057,53.6071,213.5299,0.2155,1.9687,1.4385,2.0986,2.3461,3.6809,2.6907,5,1.7233,True,True,raw,HYDROSHIP-M5-A
medium/qr_A_m4_medium_070.png,medium,0.55,4,116,70,A,HYDROSHIP-M5-A,backscatter|blur|color|ripple,0.4851,1.0287,1.1154,56.4413,196.0046,0.2027,1.8483,1.521,2.14,2.586,1.4915,3.9111,5,1.7402,True,True,raw,HYDROSHIP-M5-A
medium/qr_A_m4_medium_071.png,medium,0.55,4,116,71,A,HYDROSHIP-M5-A,backscatter|blur|color|ripple,0.4967,0.9547,1.0209,56.4999,192.9185,0.2148,2.0423,1.3515,2.1473,2.38,1.4847,2.6536,5,1.6965,True,True,raw,HYDROSHIP-M5-A
medium/qr_A_m4_medium_072.png,medium,0.55,4,116,72,A,HYDROSHIP-M5-A,backscatter|blur|color|ripple,0.4679,0.9731,1.1065,52.3733,211.7471,0.2124,2.0444,1.4873,2.2139,2.5931,1.3615,5.3058,5,1.6264,True,True,raw,HYDROSHIP-M5-A
medium/qr_A_m4_medium_073.png,medium,0.55,4,116,73,A,HYDROSHIP-M5-A,backscatter|blur|color|ripple,0.5104,1.0357,1.1424,51.3354,205.4156,0.2069,1.777,1.3813,2.0726,2.6474,1.2953,4.5413,5,1.5972,True,True,raw,HYDROSHIP-M5-A
medium/qr_A_m4_medium_074.png,medium,0.55,4,116,74,A,HYDROSHIP-M5-A,backscatter|blur|color|ripple,0.5014,0.996,1.0627,52.0875,193.0648,0.2001,1.8614,1.5793,2.1278,2.5946,4.9282,3.8221,5,1.5711,True,True,raw,HYDROSHIP-M5-A
medium/qr_A_m4_medium_075.png,medium,0.55,4,116,75,A,HYDROSHIP-M5-A,backscatter|blur|color|ripple,0.4821,1.0717,1.1864,52.6377,206.8352,0.207,2.0324,1.5372,1.9332,2.4443,3.2411,2.7068,5,1.7122,True,True,raw,HYDROSHIP-M5-A
medium/qr_A_m4_medium_076.png,medium,0.55,4,116,76,A,HYDROSHIP-M5-A,backscatter|blur|color|ripple,0.4557,0.9734,1.1113,50.9539,187.5925,0.2106,1.8579,1.4873,2.2316,2.5645,1.7259,4.6078,5,1.5954,True,True,raw,HYDROSHIP-M5-A
medium/qr_A_m4_medium_077.png,medium,0.55,4,116,77,A,HYDROSHIP-M5-A,backscatter|blur|color|ripple,0.5069,0.9482,1.0839,56.8398,212.8356,0.2208,1.8663,1.5656,2.2192,2.2708,6.0178,1.0149,5,1.6345,True,True,raw,HYDROSHIP-M5-A
medium/qr_A_m4_medium_078.png,medium,0.55,4,116,78,A,HYDROSHIP-M5-A,backscatter|blur|color|ripple,0.4874,1.0487,1.172,56.4975,210.4607,0.2322,2.0273,1.4985,2.1193,2.2918,4.1826,3.7701,5,1.7749,True,True,raw,HYDROSHIP-M5-A
medium/qr_A_m4_medium_079.png,medium,0.55,4,116,79,A,HYDROSHIP-M5-A,backscatter|blur|color|ripple,0.4605,1.0409,1.1619,55.0743,196.84,0.2063,1.8485,1.5315,1.9568,2.3493,3.1498,5.1551,5,1.5933,True,True,raw,HYDROSHIP-M5-A
medium/qr_A_m4_medium_080.png,medium,0.55,4,116,80,A,HYDROSHIP-M5-A,backscatter|blur|color|ripple,0.4603,1.0887,1.1372,53.0813,190.0557,0.215,1.9455,1.428,2.2341,2.4017,5.8956,2.192,5,1.6614,True,True,raw,HYDROSHIP-M5-A
medium/qr_A_m4_medium_081.png,medium,0.55,4,116,81,A,HYDROSHIP-M5-A,backscatter|blur|color|ripple,0.4738,0.9903,1.1858,52.3999,205.1049,0.2047,1.9487,1.4703,2.1997,2.6317,4.3053,1.7765,5,1.6012,True,True,raw,HYDROSHIP-M5-A
medium/qr_A_m4_medium_082.png,medium,0.55,4,116,82,A,HYDROSHIP-M5-A,backscatter|blur|color|ripple,0.4878,1.0166,1.1438,57.17,193.2527,0.2111,1.9633,1.5576,2.2219,2.6162,4.6499,5.9459,5,1.6972,False,True,clahe,HYDROSHIP-M5-A
medium/qr_A_m4_medium_083.png,medium,0.55,4,116,83,A,HYDROSHIP-M5-A,backscatter|blur|color|ripple,0.484,0.9588,1.0753,57.8484,197.3172,0.2076,1.9891,1.5227,1.9589,2.2888,1.683,3.9282,5,1.6885,True,True,raw,HYDROSHIP-M5-A
deep/qr_A_m4_deep_000.png,deep,0.85,4,116,0,A,HYDROSHIP-M5-A,backscatter|blur|color|ripple,0.3049,1.0948,1.1723,80.4416,187.6025,0.3134,2.642,2.3048,2.8282,3.2206,1.8025,4.2134,5,2.2579,False,False,fail,
deep/qr_A_m4_deep_001.png,deep,0.85,4,116,1,A,HYDROSHIP-M5-A,backscatter|blur|color|ripple,0.3128,0.9879,1.1416,77.7178,161.9083,0.3054,2.7109,2.2569,2.8981,3.1969,4.3726,5.7141,5,2.2069,False,True,upscale,HYDROSHIP-M5-A
deep/qr_A_m4_deep_002.png,deep,0.85,4,116,2,A,HYDROSHIP-M5-A,backscatter|blur|color|ripple,0.2763,1.1205,1.2174,84.3646,167.191,0.292,2.5644,2.2231,2.5295,3.1929,1.6963,1.8256,5,2.2245,False,False,fail,
deep/qr_A_m4_deep_003.png,deep,0.85,4,116,3,A,HYDROSHIP-M5-A,backscatter|blur|color|ripple,0.3201,1.0147,1.2096,79.3955,187.0398,0.3179,2.5961,2.2282,2.8845,3.3835,3.9745,5.7653,5,2.1477,False,True,upscale,HYDROSHIP-M5-A
deep/qr_A_m4_deep_004.png,deep,0.85,4,116,4,A,HYDROSHIP-M5-A,backscatter|blur|color|ripple,0.3104,1.038,1.0741,77.2525,188.626,0.3259,2.6185,2.0947,2.5577,3.2408,1.0256,3.1641,5,2.1207,False,True,clahe,HYDROSHIP-M5-A
deep/qr_A_m4_deep_005.png,deep,0.85,4,116,5,A,HYDROSHIP-M5-A,backscatter|blur|color|ripple,0.2741,1.096,1.1365,83.1836,167.4629,0.3256,2.6967,2.2867,2.7891,3.1968,3.9126,3.532,5,2.3162,False,False,fail,
deep/qr_A_m4_deep_006.png,deep,0.85,4,116,6,A,HYDROSHIP-M5-A,backscatter|blur|color|ripple,0.2964,0.9706,1.1777,81.145,182.7564,0.3086,2.6997,1.9933,2.8493,3.1496,3.5421,1.0781,5,2.2503,False,False,fail,
deep/qr_A_m4_deep_007.png,deep,0.85,4,116,7,A,HYDROSHIP-M5-A,backscatter|blur|color|ripple,0.3135,0.9945,1.1653,73.6071,186.4193,0.3042,2.6821,2.0644,2.5868,3.3381,2.6464,3.1188,5,2.4104,False,False,fail,
deep/qr_A_m4_deep_008.png,deep,0.85,4,116,8,A,HYDROSHIP-M5-A,backscatter|blur|color|ripple,0.3017,1.0191,1.2179,83.0043,166.3751,0.3151,2.7341,2.1636,2.7057,3.0322,0.098,3.1967,5,2.2963,True,True,raw,HYDROSHIP-M5-A
deep/qr_A_m4_deep_009.png,deep,0.85,4,116,9,A,HYDROSHIP-M5-A,backscatter|blur|color|ripple,0.2933,1.0679,1.2122,74.8776,175.6419,0.2951,2.6593,2.2801,2.7896,3.0873,1.5325,4.9359,5,2.1193,False,False,fail,
deep/qr_A_m4_deep_010.png,deep,0.85,4,116,10,A,HYDROSHIP-M5-A,backscatter|blur|color|ripple,0.3187,0.965,1.2345,83.0094,178.5065,0.3317,2.6423,2.0186,2.6737,3.2007,3.6424,0.5891,5,2.1716,True,True,raw,HYDROSHIP-M5-A
deep/qr_A_m4_deep_011.png,deep,0.85,4,116,11,A,HYDROSHIP-M5-A,backscatter|blur|color|ripple,0.2928,0.9678,1.1913,75.1738,168.8144,0.3204,2.7724,2.3089,2.8868,3.1224,0.1022,2.0682,5,2.1307,False,False,fail,
deep/qr_A_m4_deep_012.png,deep,0.85,4,116,12,A,HYDROSHIP-M5-A,backscatter|blur|color|ripple,0.2879,0.9926,1.1874,75.5475,186.7274,0.332,2.8155,2.0714,2.8125,3.0276,5.2122,4.8172,5,2.111,False,False,fail,
deep/qr_A_m4_deep_013.png,deep,0.85,4,116,13,A,HYDROSHIP-M5-A,backscatter|blur|color|ripple,0.3092,0.9783,1.0975,76.4257,166.1643,0.3044,2.8418,2.1095,2.5175,3.3986,3.7184,4.3083,5,2.2607,False,False,fail,
deep/qr_A_m4_deep_014.png,deep,0.85,4,116,14,A,HYDROSHIP-M5-A,backscatter|blur|color|ripple,0.3099,1.0449,1.0942,73.789,168.4306,0.3191,2.7093,2.1435,2.531,3.0701,4.8359,1.858,5,2.2344,True,True,raw,HYDROSHIP-M5-A
deep/qr_A_m4_deep_015.png,deep,0.85,4,116,15,A,HYDROSHIP-M5-A,backscatter|blur|color|ripple,0.2924,1.0846,1.217,81.6278,167.3319,0.3113,2.5887,2.2628,2.6751,2.9119,5.5696,4.4715,5,2.435,False,False,fail,
deep/qr_A_m4_deep_016.png,deep,0.85,4,116,16,A,HYDROSHIP-M5-A,backscatter|blur|color|ripple,0.3139,1.094,1.2297,76.2426,174.8408,0.3009,2.6621,2.1568,2.6929,3.3574,4.2924,3.9569,5,2.4206,False,False,fail,
deep/qr_A_m4_deep_017.png,deep,0.85,4,116,17,A,HYDROSHIP-M5-A,backscatter|blur|color|ripple,0.3046,0.9597,1.227,73.1735,179.6521,0.3153,2.5599,2.2695,2.8469,2.9705,4.5078,1.0087,5,2.415,False,False,fail,
deep/qr_A_m4_deep_018.png,deep,0.85,4,116,18,A,HYDROSHIP-M5-A,backscatter|blur|color|ripple,0.2777,1.0969,1.0688,74.9302,166.5605,0.3265,2.7653,2.0424,2.7654,3.3041,5.3371,4.9254,5,2.3548,False,False,fail,
deep/qr_A_m4_deep_019.png,deep,0.85,4,116,19,A,HYDROSHIP-M5-A,backscatter|blur|color|ripple,0.2865,1.019,1.1978,73.7123,188.1268,0.3091,2.8907,2.1329,2.8363,2.949,2.6657,6.0384,5,2.3742,False,False,fail,
deep/qr_A_m4_deep_020.png,deep,0.85,4,116,20,A,HYDROSHIP-M5-A,backscatter|blur|color|ripple,0.3095,0.9809,1.0974,74.2187,179.2461,0.3329,2.6458,2.2361,2.796,2.9314,4.129,4.1717,5,2.2179,False,True,upscale,HYDROSHIP-M5-A
deep/qr_A_m4_deep_021.png,deep,0.85,4,116,21,A,HYDROSHIP-M5-A,backscatter|blur|color|ripple,0.2929,0.9781,1.1282,81.8649,163.3151,0.3034,2.8757,2.0368,2.9101,3.1991,2.1064,3.88,5,2.4351,False,False,fail,
deep/qr_A_m4_deep_022.png,deep,0.85,4,116,22,A,HYDROSHIP-M5-A,backscatter|blur|color|ripple,0.2847,1.0209,1.1324,85.3532,164.7988,0.296,2.6157,2.0974,2.8228,3.295,3.3536,0.2673,5,2.2176,False,True,clahe,HYDROSHIP-M5-A
deep/qr_A_m4_deep_023.png,deep,0.85,4,116,23,A,HYDROSHIP-M5-A,backscatter|blur|color|ripple,0.2868,0.9966,1.1145,82.0689,169.932,0.3191,2.9458,2.248,2.8459,2.9865,4.8569,3.0727,5,2.3418,True,True,raw,HYDROSHIP-M5-A
deep/qr_A_m4_deep_024.png,deep,0.85,4,116,24,A,HYDROSHIP-M5-A,backscatter|blur|color|ripple,0.2964,1.0869,1.0928,85.7137,172.8651,0.3108,2.7587,2.0251,2.5518,3.3946,3.5463,5.9959,5,2.2682,True,True,raw,HYDROSHIP-M5-A
deep/qr_A_m4_deep_025.png,deep,0.85,4,116,25,A,HYDROSHIP-M5-A,backscatter|blur|color|ripple,0.2862,1.0386,1.208,78.1461,165.1058,0.3237,2.6453,2.1637,2.7497,3.2678,1.2575,5.3791,5,2.2759,False,True,clahe,HYDROSHIP-M5-A
deep/qr_A_m4_deep_026.png,deep,0.85,4,116,26,A,HYDROSHIP-M5-A,backscatter|blur|color|ripple,0.2875,0.9997,1.1603,85.6093,171.1261,0.3092,2.6837,1.9915,2.6183,3.1889,5.9612,5.4743,5,2.2093,False,True,upscale,HYDROSHIP-M5-A
deep/qr_A_m4_deep_027.png,deep,0.85,4,116,27,A,HYDROSHIP-M5-A,backscatter|blur|color|ripple,0.3198,1.086,1.0692,82.543,165.4153,0.3263,2.5937,2.1552,2.7181,3.1831,4.896,0.361,5,2.1444,False,False,fail,
deep/qr_A_m4_deep_028.png,deep,0.85,4,116,28,A,HYDROSHIP-M5-A,backscatter|blur|color|ripple,0.3094,1.0115,1.1732,74.0429,186.2431,0.3045,2.952,2.0142,2.9044,3.3931,2.2268,0.7609,5,2.4152,False,False,fail,
deep/qr_A_m4_deep_029.png,deep,0.85,4,116,29,A,HYDROSHIP-M5-A,backscatter|blur|color|ripple,0.3208,1.0215,1.1643,74.9497,174.8077,0.3333,2.5992,1.9925,2.6593,3.0779,0.3938,0.4705,5,2.3104,True,True,raw,HYDROSHIP-M5-A
deep/qr_A_m4_deep_030.png,deep,0.85,4,116,30,A,HYDROSHIP-M5-A,backscatter|blur|color|ripple,0.298,1.0293,1.0772,77.0858,175.4165,0.2932,2.9489,2.3027,2.549,3.2779,5.9019,2.4629,5,2.1073,False,False,fail,
deep/qr_A_m4_deep_031.png,deep,0.85,4,116,31,A,HYDROSHIP-M5-A,backscatter|blur|color|ripple,0.296,1.0247,1.1882,82.9913,168.2905,0.3291,2.9826,2.1933,2.7367,3.0096,3.2628,2.7858,5,2.3884,True,True,raw,HYDROSHIP-M5-A
deep/qr_A_m4_deep_032.png,deep,0.85,4,116,32,A,HYDROSHIP-M5-A,backscatter|blur|color|ripple,0.2778,1.0305,1.1896,83.5434,176.9054,0.3246,2.5772,2.2811,2.5818,3.1061,2.5065,2.4805,5,2.1772,True,True,raw,HYDROSHIP-M5-A
deep/qr_A_m4_deep_033.png,deep,0.85,4,116,33,A,HYDROSHIP-M5-A,backscatter|blur|color|ripple,0.3042,1.0081,1.1017,84.5643,179.1062,0.3024,2.5479,2.0647,2.8474,2.9917,5.5736,0.9049,5,2.1045,False,False,fail,
deep/qr_A_m4_deep_034.png,deep,0.85,4,116,34,A,HYDROSHIP-M5-A,backscatter|blur|color|ripple,0.2958,1.0103,1.2075,79.2958,162.3224,0.317,2.7238,1.9872,2.5291,3.331,5.724,0.8621,5,2.4195,False,True,clahe,HYDROSHIP-M5-A
deep/qr_A_m4_deep_035.png,deep,0.85,4,116,35,A,HYDROSHIP-M5-A,backscatter|blur|color|ripple,0.2943,1.0224,1.2365,83.4461,163.4515,0.3249,2.8541,2.2734,2.6073,3.1709,2.9659,1.7778,5,2.4014,False,False,fail,
deep/qr_A_m4_deep_036.png,deep,0.85,4,116,36,A,HYDROSHIP-M5-A,backscatter|blur|color|ripple,0.3009,1.0027,1.216,73.7444,161.3981,0.2924,2.5766,2.2775,2.9078,3.0777,5.1612,4.8911,5,2.1968,False,False,fail,
deep/qr_A_m4_deep_037.png,deep,0.85,4,116,37,A,HYDROSHIP-M5-A,backscatter|blur|color|ripple,0.31,1.1194,1.1201,75.7136,187.9653,0.2895,2.8094,1.9933,2.704,2.948,3.4913,0.3762,5,2.3583,False,True,clahe,HYDROSHIP-M5-A
deep/qr_A_m4_deep_038.png,deep,0.85,4,116,38,A,HYDROSHIP-M5-A,backscatter|blur|color|ripple,0.3183,1.0291,1.1078,82.2304,173.9843,0.3078,2.6706,2.0598,2.7187,3.2642,2.3702,5.7699,5,2.4242,True,True,raw,HYDROSHIP-M5-A
deep/qr_A_m4_deep_039.png,deep,0.85,4,116,39,A,HYDROSHIP-M5-A,backscatter|blur|color|ripple,0.2903,1.0107,1.1625,85.3361,183.2105,0.3271,2.8177,2.1841,2.8904,3.306,0.8221,3.0548,5,2.3679,False,False,fail,
deep/qr_A_m4_deep_040.png,deep,0.85,4,116,40,A,HYDROSHIP-M5-A,backscatter|blur|color|ripple,0.3103,1.0804,1.0761,73.2153,182.5535,0.2977,2.7592,2.0842,2.8701,3.015,4.5627,1.3566,5,2.4035,False,False,fail,
deep/qr_A_m4_deep_041.png,deep,0.85,4,116,41,A,HYDROSHIP-M5-A,backscatter|blur|color|ripple,0.3206,1.0304,1.2447,75.6869,170.9059,0.3,2.9264,2.2407,2.9146,3.3293,1.0493,5.6484,5,2.3083,False,True,upscale,HYDROSHIP-M5-A
deep/qr_A_m4_deep_042.png,deep,0.85,4,116,42,A,HYDROSHIP-M5-A,backscatter|blur|color|ripple,0.2773,0.9707,1.0938,79.1469,178.8462,0.3074,2.9338,2.1634,2.6374,3.1224,4.2106,2.6378,5,2.2661,False,True,clahe,HYDROSHIP-M5-A
deep/qr_A_m4_deep_043.png,deep,0.85,4,116,43,A,HYDROSHIP-M5-A,backscatter|blur|color|ripple,0.315,1.0502,1.1204,82.0384,167.9436,0.3269,2.8281,1.9946,2.8197,3.223,3.7887,1.1965,5,2.2903,True,True,raw,HYDROSHIP-M5-A
deep/qr_A_m4_deep_044.png,deep,0.85,4,116,44,A,HYDROSHIP-M5-A,backscatter|blur|color|ripple,0.3178,1.0824,1.0965,79.3357,163.0694,0.3337,2.8204,1.989,2.8608,3.1978,5.5913,2.7033,5,2.3446,True,True,raw,HYDROSHIP-M5-A
deep/qr_A_m4_deep_045.png,deep,0.85,4,116,45,A,HYDROSHIP-M5-A,backscatter|blur|color|ripple,0.2915,0.994,1.1645,74.022,161.9497,0.3065,2.8005,2.2538,2.4843,3.37,5.122,4.228,5,2.2477,False,False,fail,
deep/qr_A_m4_deep_046.png,deep,0.85,4,116,46,A,HYDROSHIP-M5-A,backscatter|blur|color|ripple,0.2915,1.0939,1.2154,80.0516,177.0739,0.3328,2.7595,2.1724,2.8879,3.2225,1.8507,1.605,5,2.3921,False,False,fail,
deep/qr_A_m4_deep_047.png,deep,0.85,4,116,47,A,HYDROSHIP-M5-A,backscatter|blur|color|ripple,0.2861,1.0471,1.1358,75.1606,179.6106,0.2971,2.6745,2.0961,2.7198,3.1383,2.2433,5.6229,5,2.4044,True,True,raw,HYDROSHIP-M5-A
deep/qr_A_m4_deep_048.png,deep,0.85,4,116,48,A,HYDROSHIP-M5-A,backscatter|blur|color|ripple,0.2823,1.0784,1.1631,84.0437,166.2694,0.333,2.844,2.041,2.6645,3.3318,3.8108,1.0096,5,2.4149,False,False,fail,
deep/qr_A_m4_deep_049.png,deep,0.85,4,116,49,A,HYDROSHIP-M5-A,backscatter|blur|color|ripple,0.3025,1.0247,1.0862,78.7527,188.6694,0.3121,2.9149,2.2426,2.8365,3.0573,1.4334,1.9647,5,2.164,False,False,fail,
deep/qr_A_m4_deep_050.png,deep,0.85,4,116,50,A,HYDROSHIP-M5-A,backscatter|blur|color|ripple,0.3012,1.0864,1.0641,77.7936,187.4865,0.2905,2.6109,2.254,2.756,2.9675,4.8974,3.8387,5,2.1713,False,True,clahe,HYDROSHIP-M5-A
deep/qr_A_m4_deep_051.png,deep,0.85,4,116,51,A,HYDROSHIP-M5-A,backscatter|blur|color|ripple,0.2837,1.0096,1.1543,79.4364,172.9794,0.317,2.8333,2.1626,2.685,3.121,3.8044,0.9564,5,2.4271,False,True,upscale,HYDROSHIP-M5-A
deep/qr_A_m4_deep_052.png,deep,0.85,4,116,52,A,HYDROSHIP-M5-A,backscatter|blur|color|ripple,0.2745,1.0978,1.1491,73.8719,172.8351,0.3165,2.5976,2.0865,2.9059,3.179,1.1176,0.5105,5,2.2547,False,True,upscale,HYDROSHIP-M5-A
deep/qr_A_m4_deep_053.png,deep,0.85,4,116,53,A,HYDROSHIP-M5-A,backscatter|blur|color|ripple,0.2996,0.9608,1.1395,73.3472,165.9212,0.2993,2.6511,2.0702,2.5464,3.2053,2.5547,1.4946,5,2.2829,False,False,fail,
deep/qr_A_m4_deep_054.png,deep,0.85,4,116,54,A,HYDROSHIP-M5-A,backscatter|blur|color|ripple,0.2804,1.1039,1.1195,83.0537,185.3509,0.3072,2.6675,2.0115,2.8671,3.3022,1.3871,4.327,5,2.4669,False,False,fail,
deep/qr_A_m4_deep_055.png,deep,0.85,4,116,55,A,HYDROSHIP-M5-A,backscatter|blur|color|ripple,0.2862,1.019,1.1851,78.0666,175.9162,0.291,2.6686,2.1097,2.9061,3.0636,2.3223,0.6538,5,2.2431,False,False,fail,
deep/qr_A_m4_deep_056.png,deep,0.85,4,116,56,A,HYDROSHIP-M5-A,backscatter|blur|color|ripple,0.3014,1.0263,1.0926,83.017,188.0253,0.3343,2.7662,2.0315,2.8896,3.3745,1.5448,3.6585,5,2.1831,False,False,fail,
deep/qr_A_m4_deep_057.png,deep,0.85,4,116,57,A,HYDROSHIP-M5-A,backscatter|blur|color|ripple,0.309,1.0038,1.104,83.563,163.837,0.3186,2.5559,2.1709,2.6215,3.3357,2.2875,5.1381,5,2.2038,True,True,raw,HYDROSHIP-M5-A
deep/qr_A_m4_deep_058.png,deep,0.85,4,116,58,A,HYDROSHIP-M5-A,backscatter|blur|color|ripple,0.2948,0.9909,1.0611,76.0885,181.5363,0.2937,2.7481,2.1755,2.774,3.2095,1.3002,3.5708,5,2.2211,False,False,fail,
deep/qr_A_m4_deep_059.png,deep,0.85,4,116,59,A,HYDROSHIP-M5-A,backscatter|blur|color|ripple,0.3211,1.062,1.2288,77.6567,175.8973,0.3095,2.5903,2.0921,2.6161,3.1221,4.5755,3.5707,5,2.4022,True,True,raw,HYDROSHIP-M5-A
deep/qr_A_m4_deep_060.png,deep,0.85,4,116,60,A,HYDROSHIP-M5-A,backscatter|blur|color|ripple,0.2826,1.0264,1.1456,79.4102,178.2767,0.3253,2.7209,2.0133,2.7571,3.2724,5.9632,4.3721,5,2.1533,False,False,fail,
deep/qr_A_m4_deep_061.png,deep,0.85,4,116,61,A,HYDROSHIP-M5-A,backscatter|blur|color|ripple,0.3149,1.0978,1.0993,78.9686,161.3197,0.2994,2.7481,1.9879,2.5643,3.0471,0.0495,5.8206,5,2.4241,True,True,raw,HYDROSHIP-M5-A
deep/qr_A_m4_deep_062.png,deep,0.85,4,116,62,A,HYDROSHIP-M5-A,backscatter|blur|color|ripple,0.3053,0.9778,1.167,79.2533,188.8714,0.2988,2.9139,2.084,2.5371,3.1252,4.4842,0.7002,5,2.4025,True,True,raw,HYDROSHIP-M5-A
deep/qr_A_m4_deep_063.png,deep,0.85,4,116,63,A,HYDROSHIP-M5-A,backscatter|blur|color|ripple,0.2874,1.0344,1.1429,74.1276,179.3033,0.3238,2.9215,2.321,2.7969,3.3965,4.8667,1.2178,5,2.2176,False,False,fail,
deep/qr_A_m4_deep_064.png,deep,0.85,4,116,64,A,HYDROSHIP-M5-A,backscatter|blur|color|ripple,0.3019,1.0286,1.2139,81.7417,174.266,0.2987,2.835,2.3022,2.6163,3.2585,3.377,3.0597,5,2.1285,False,True,clahe,HYDROSHIP-M5-A
deep/qr_A_m4_deep_065.png,deep,0.85,4,116,65,A,HYDROSHIP-M5-A,backscatter|blur|color|ripple,0.2806,1.0225,1.1962,80.2947,184.1302,0.3154,2.8078,2.1253,2.6674,3.1433,0.0291,0.0327,5,2.2793,True,True,raw,HYDROSHIP-M5-A
deep/qr_A_m4_deep_066.png,deep,0.85,4,116,66,A,HYDROSHIP-M5-A,backscatter|blur|color|ripple,0.2934,1.1096,1.1529,78.8705,184.8482,0.3251,2.7641,2.0693,2.8012,2.9728,4.0028,5.3812,5,2.4527,False,False,fail,
deep/qr_A_m4_deep_067.png,deep,0.85,4,116,67,A,HYDROSHIP-M5-A,backscatter|blur|color|ripple,0.2827,1.1206,1.1959,85.2094,179.1571,0.3105,2.9348,2.2937,2.533,3.0948,1.8371,0.03,5,2.3755,True,True,raw,HYDROSHIP-M5-A
deep/qr_A_m4_deep_068.png,deep,0.85,4,116,68,A,HYDROSHIP-M5-A,backscatter|blur|color|ripple,0.2843,0.9672,1.1403,76.5153,182.4425,0.2975,2.8787,2.1615,2.5275,3.3298,0.7175,3.4871,5,2.3816,False,True,upscale,HYDROSHIP-M5-A
deep/qr_A_m4_deep_069.png,deep,0.85,4,116,69,A,HYDROSHIP-M5-A,backscatter|blur|color|ripple,0.2744,1.0099,1.1658,82.2833,173.1088,0.3194,2.6898,2.2065,2.8709,3.212,5.4283,2.8183,5,2.4088,False,False,fail,
deep/qr_A_m4_deep_070.png,deep,0.85,4,116,70,A,HYDROSHIP-M5-A,backscatter|blur|color|ripple,0.2933,1.123,1.221,83.7875,165.7463,0.3056,2.5992,1.9888,2.5365,3.1418,2.1232,0.0896,5,2.2713,True,True,raw,HYDROSHIP-M5-A
deep/qr_A_m4_deep_071.png,deep,0.85,4,116,71,A,HYDROSHIP-M5-A,backscatter|blur|color|ripple,0.293,0.9694,1.2184,85.1131,163.5507,0.3315,2.9519,2.2,2.803,3.4062,1.9684,2.4504,5,2.4129,True,True,raw,HYDROSHIP-M5-A
deep/qr_A_m4_deep_072.png,deep,0.85,4,116,72,A,HYDROSHIP-M5-A,backscatter|blur|color|ripple,0.2887,0.9775,1.1937,85.5584,170.4242,0.3316,2.7976,2.3004,2.7834,3.3407,1.0865,1.9845,5,2.3995,True,True,raw,HYDROSHIP-M5-A
deep/qr_A_m4_deep_073.png,deep,0.85,4,116,73,A,HYDROSHIP-M5-A,backscatter|blur|color|ripple,0.2813,1.0666,1.2294,83.1666,181.6676,0.3097,2.6883,2.2028,2.7689,2.94,1.6704,2.705,5,2.3504,False,False,fail,
deep/qr_A_m4_deep_074.png,deep,0.85,4,116,74,A,HYDROSHIP-M5-A,backscatter|blur|color|ripple,0.3003,0.9762,1.2284,83.0078,174.6683,0.3367,2.5641,2.3159,2.6239,3.2792,0.6224,4.8325,5,2.1553,False,False,fail,
deep/qr_A_m4_deep_075.png,deep,0.85,4,116,75,A,HYDROSHIP-M5-A,backscatter|blur|color|ripple,0.2761,0.98,1.0697,78.3813,175.6379,0.2951,2.6705,2.1192,2.687,3.1853,4.2316,0.0943,5,2.2121,True,True,raw,HYDROSHIP-M5-A
deep/qr_A_m4_deep_076.png,deep,0.85,4,116,76,A,HYDROSHIP-M5-A,backscatter|blur|color|ripple,0.2921,1.0791,1.0739,84.9769,188.3047,0.2961,2.8472,2.0188,2.7696,3.3073,0.8105,1.3398,5,2.376,True,True,raw,HYDROSHIP-M5-A
deep/qr_A_m4_deep_077.png,deep,0.85,4,116,77,A,HYDROSHIP-M5-A,backscatter|blur|color|ripple,0.3135,0.9719,1.2371,83.7834,179.2812,0.3289,2.7406,2.0488,2.808,3.1003,4.5078,0.2149,5,2.3225,False,True,clahe,HYDROSHIP-M5-A
deep/qr_A_m4_deep_078.png,deep,0.85,4,116,78,A,HYDROSHIP-M5-A,backscatter|blur|color|ripple,0.3151,1.0146,1.1315,84.0699,177.6485,0.2986,2.8295,2.0945,2.743,3.225,3.2863,0.9214,5,2.4222,False,False,fail,
deep/qr_A_m4_deep_079.png,deep,0.85,4,116,79,A,HYDROSHIP-M5-A,backscatter|blur|color|ripple,0.3177,0.9844,1.1716,75.8094,173.4403,0.3191,2.9128,2.1859,2.4843,2.9138,2.3929,1.3971,5,2.4119,True,True,raw,HYDROSHIP-M5-A
deep/qr_A_m4_deep_080.png,deep,0.85,4,116,80,A,HYDROSHIP-M5-A,backscatter|blur|color|ripple,0.3173,1.0607,1.1659,73.9299,179.3324,0.3294,2.7339,2.0913,2.7469,3.3032,2.8154,6.1301,5,2.2534,True,True,raw,HYDROSHIP-M5-A
deep/qr_A_m4_deep_081.png,deep,0.85,4,116,81,A,HYDROSHIP-M5-A,backscatter|blur|color|ripple,0.278,1.0841,1.074,75.046,172.7433,0.3005,2.8574,2.1604,2.822,3.142,0.3186,5.8939,5,2.1405,True,True,raw,HYDROSHIP-M5-A
deep/qr_A_m4_deep_082.png,deep,0.85,4,116,82,A,HYDROSHIP-M5-A,backscatter|blur|color|ripple,0.3096,1.0473,1.1286,76.4826,164.5858,0.2974,2.8035,2.2132,2.7536,3.1267,0.9626,4.5799,5,2.2669,False,False,fail,
deep/qr_A_m4_deep_083.png,deep,0.85,4,116,83,A,HYDROSHIP-M5-A,backscatter|blur|color|ripple,0.3184,1.015,1.1258,81.2461,181.9987,0.318,2.6542,2.1197,2.5931,3.3152,6.2211,4.2577,5,2.3856,False,False,fail,
shallow/qr_A_m6_shallow_000.png,shallow,0.25,6,174,0,A,HYDROSHIP-M5-A,backscatter|blur|color|ripple,0.6411,0.9566,1.1192,28.5877,236.1405,0.1251,0.9825,0.8096,1.5903,1.8866,1.694,4.7734,3,0.9862,True,True,raw,HYDROSHIP-M5-A
shallow/qr_A_m6_shallow_001.png,shallow,0.25,6,174,1,A,HYDROSHIP-M5-A,backscatter|blur|color|ripple,0.7289,1.0654,1.0189,29.9822,230.7873,0.1243,0.9839,0.7852,1.6176,1.7475,5.9562,6.2404,3,1.007,True,True,raw,HYDROSHIP-M5-A
shallow/qr_A_m6_shallow_002.png,shallow,0.25,6,174,2,A,HYDROSHIP-M5-A,backscatter|blur|color|ripple,0.6711,0.9474,1.1014,30.009,219.0709,0.127,1.091,0.7736,1.4403,1.8156,4.5079,3.2743,3,0.9965,True,True,raw,HYDROSHIP-M5-A
shallow/qr_A_m6_shallow_003.png,shallow,0.25,6,174,3,A,HYDROSHIP-M5-A,backscatter|blur|color|ripple,0.7272,1.0304,1.1089,29.4554,230.8108,0.1295,1.028,0.7418,1.6129,1.7376,5.873,2.697,3,1.022,True,True,raw,HYDROSHIP-M5-A
shallow/qr_A_m6_shallow_004.png,shallow,0.25,6,174,4,A,HYDROSHIP-M5-A,backscatter|blur|color|ripple,0.7311,1.0931,1.0815,29.0225,228.4416,0.1215,1.0549,0.7649,1.5365,1.7977,1.2259,5.7378,3,1.0491,True,True,raw,HYDROSHIP-M5-A
shallow/qr_A_m6_shallow_005.png,shallow,0.25,6,174,5,A,HYDROSHIP-M5-A,backscatter|blur|color|ripple,0.6819,1.0464,1.0522,30.9141,242.8447,0.1138,1.0429,0.7511,1.5429,1.7847,6.0413,3.8642,3,1.011,True,True,raw,HYDROSHIP-M5-A
shallow/qr_A_m6_shallow_006.png,shallow,0.25,6,174,6,A,HYDROSHIP-M5-A,backscatter|blur|color|ripple,0.6835,1.0922,0.9952,29.3403,241.7509,0.1255,1.104,0.7765,1.5221,1.7133,5.9786,3.1347,3,0.9804,True,True,raw,HYDROSHIP-M5-A
shallow/qr_A_m6_shallow_007.png,shallow,0.25,6,174,7,A,HYDROSHIP-M5-A,backscatter|blur|color|ripple,0.6356,0.9974,1.077,29.5267,234.5381,0.1185,0.9645,0.8038,1.5815,1.7154,4.0368,4.1209,3,1.0205,True,True,raw,HYDROSHIP-M5-A
shallow/qr_A_m6_shallow_008.png,shallow,0.25,6,174,8,A,HYDROSHIP-M5-A,backscatter|blur|color|ripple,0.6581,0.9741,0.9776,28.7461,222.8905,0.1168,0.9515,0.7586,1.5007,1.7049,1.7486,2.7823,3,1.0367,True,True,raw,HYDROSHIP-M5-A
shallow/qr_A_m6_shallow_009.png,shallow,0.25,6,174,9,A,HYDROSHIP-M5-A,backscatter|blur|color|ripple,0.7288,1.0333,0.9888,30.423,226.7602,0.1179,1.0531,0.7165,1.4852,1.856,1.3882,3.6926,3,1.0055,True,True,raw,HYDROSHIP-M5-A
shallow/qr_A_m6_shallow_010.png,shallow,0.25,6,174,10,A,HYDROSHIP-M5-A,backscatter|blur|color|ripple,0.7413,0.9846,1.025,28.3129,231.1027,0.111,0.9945,0.7922,1.5363,1.7496,3.7194,1.36,3,1.015,True,True,raw,HYDROSHIP-M5-A
shallow/qr_A_m6_shallow_011.png,shallow,0.25,6,174,11,A,HYDROSHIP-M5-A,backscatter|blur|color|ripple,0.7043,0.9871,1.08,27.6592,216.0806,0.1247,1.0095,0.8307,1.413,1.8922,2.2827,4.4703,3,1.0068,True,True,raw,HYDROSHIP-M5-A
shallow/qr_A_m6_shallow_012.png,shallow,0.25,6,174,12,A,HYDROSHIP-M5-A,backscatter|blur|color|ripple,0.6588,1.0861,1.0957,29.8223,226.8815,0.1221,1.0669,0.799,1.5406,1.8083,6.163,3.442,3,1.0182,True,True,raw,HYDROSHIP-M5-A
shallow/qr_A_m6_shallow_013.png,shallow,0.25,6,174,13,A,HYDROSHIP-M5-A,backscatter|blur|color|ripple,0.68,0.9768,1.0324,27.5911,243.2445,0.1225,1.0036,0.7416,1.5171,1.8497,0.6056,1.3349,3,0.9636,True,True,raw,HYDROSHIP-M5-A
shallow/qr_A_m6_shallow_014.png,shallow,0.25,6,174,14,A,HYDROSHIP-M5-A,backscatter|blur|color|ripple,0.6326,0.9637,1.0941,30.5004,221.5916,0.1173,1.0516,0.7278,1.5517,1.7259,1.3267,4.7396,3,0.9568,True,True,raw,HYDROSHIP-M5-A
shallow/qr_A_m6_shallow_015.png,shallow,0.25,6,174,15,A,HYDROSHIP-M5-A,backscatter|blur|color|ripple,0.7189,1.0282,0.9862,30.3374,242.7591,0.12,1.0857,0.7622,1.5275,1.6825,2.0657,0.7094,3,1.0107,True,True,raw,HYDROSHIP-M5-A
shallow/qr_A_m6_shallow_016.png,shallow,0.25,6,174,16,A,HYDROSHIP-M5-A,backscatter|blur|color|ripple,0.7006,0.9501,0.9779,29.0677,218.1975,0.1137,0.9728,0.7936,1.4532,1.7187,3.9234,3.35,3,0.973,True,True,raw,HYDROSHIP-M5-A
shallow/qr_A_m6_shallow_017.png,shallow,0.25,6,174,17,A,HYDROSHIP-M5-A,backscatter|blur|color|ripple,0.6976,1.0038,1.0959,28.78,216.5983,0.1291,1.0072,0.7431,1.5886,1.7502,4.9408,1.5284,3,0.9927,True,True,raw,HYDROSHIP-M5-A
shallow/qr_A_m6_shallow_018.png,shallow,0.25,6,174,18,A,HYDROSHIP-M5-A,backscatter|blur|color|ripple,0.652,1.0884,0.9898,30.0272,218.52,0.1165,0.9741,0.7188,1.6012,1.8745,5.8585,2.7025,3,1.0101,True,True,raw,HYDROSHIP-M5-A
shallow/qr_A_m6_shallow_019.png,shallow,0.25,6,174,19,A,HYDROSHIP-M5-A,backscatter|blur|color|ripple,0.7413,1.042,1.1173,28.1762,236.2845,0.1251,1.0816,0.8049,1.5753,1.694,5.574,1.193,3,0.9729,True,True,raw,HYDROSHIP-M5-A
shallow/qr_A_m6_shallow_020.png,shallow,0.25,6,174,20,A,HYDROSHIP-M5-A,backscatter|blur|color|ripple,0.6664,1.0104,1.1236,30.4471,217.3072,0.1181,1.0415,0.8234,1.5485,1.7647,1.7323,5.7669,3,0.953,True,True,raw,HYDROSHIP-M5-A
shallow/qr_A_m6_shallow_021.png,shallow,0.25,6,174,21,A,HYDROSHIP-M5-A,backscatter|blur|color|ripple,0.7021,1.0444,1.073,28.3822,218.5872,0.1211,1.0263,0.8213,1.4143,1.7537,1.4172,0.0581,3,1.0198,True,True,raw,HYDROSHIP-M5-A
shallow/qr_A_m6_shallow_022.png,shallow,0.25,6,174,22,A,HYDROSHIP-M5-A,backscatter|blur|color|ripple,0.6927,1.0611,1.109,27.3126,221.9973,0.1215,0.9587,0.729,1.4613,1.6892,4.2367,4.8335,3,1.0807,True,True,raw,HYDROSHIP-M5-A
shallow/qr_A_m6_shallow_023.png,shallow,0.25,6,174,23,A,HYDROSHIP-M5-A,backscatter|blur|color|ripple,0.6466,0.9471,1.0817,29.6618,237.4007,0.125,0.9667,0.7549,1.4199,1.6614,0.1955,5.8177,3,1.0073,True,True,raw,HYDROSHIP-M5-A
shallow/qr_A_m6_shallow_024.png,shallow,0.25,6,174,24,A,HYDROSHIP-M5-A,backscatter|blur|color|ripple,0.6896,0.9657,1.1217,29.8893,218.3067,0.1132,1.053,0.7704,1.5605,1.8094,5.225,4.704,3,1.0671,True,True,raw,HYDROSHIP-M5-A
shallow/qr_A_m6_shallow_025.png,shallow,0.25,6,174,25,A,HYDROSHIP-M5-A,backscatter|blur|color|ripple,0.6643,0.9725,1.0674,28.1272,217.1143,0.1247,1.078,0.8214,1.5504,1.8484,5.5021,5.1249,3,1.0626,True,True,raw,HYDROSHIP-M5-A
shallow/qr_A_m6_shallow_026.png,shallow,0.25,6,174,26,A,HYDROSHIP-M5-A,backscatter|blur|color|ripple,0.6357,1.0095,1.0087,27.8224,215.4918,0.123,1.0312,0.7429,1.381,1.638,0.128,0.0906,3,1.004,True,True,raw,HYDROSHIP-M5-A
shallow/qr_A_m6_shallow_027.png,shallow,0.25,6,174,27,A,HYDROSHIP-M5-A,backscatter|blur|color|ripple,0.723,1.069,0.9744,27.2368,227.9793,0.1243,0.979,0.8203,1.385,1.8273,4.5727,5.4139,3,1.1,True,True,raw,HYDROSHIP-M5-A
shallow/qr_A_m6_shallow_028.png,shallow,0.25,6,174,28,A,HYDROSHIP-M5-A,backscatter|blur|color|ripple,0.6901,0.9381,0.9929,28.5284,229.6532,0.1197,0.9673,0.8343,1.5044,1.7923,1.7859,2.9237,3,1.0907,True,True,raw,HYDROSHIP-M5-A
shallow/qr_A_m6_shallow_029.png,shallow,0.25,6,174,29,A,HYDROSHIP-M5-A,backscatter|blur|color|ripple,0.7234,0.9958,1.1215,29.5137,227.8493,0.1183,0.9961,0.7489,1.586,1.8029,4.5039,3.5377,3,0.967,True,True,raw,HYDROSHIP-M5-A
shallow/qr_A_m6_shallow_030.png,shallow,0.25,6,174,30,A,HYDROSHIP-M5-A,backscatter|blur|color|ripple,0.7236,1.0251,1.0205,28.2084,239.3536,0.1183,0.9542,0.7603,1.4257,1.9134,2.2315,3.6039,3,1.0385,True,True,raw,HYDROSHIP-M5-A
shallow/qr_A_m6_shallow_031.png,shallow,0.25,6,174,31,A,HYDROSHIP-M5-A,backscatter|blur|color|ripple,0.6333,0.9867,1.0092,27.757,232.4894,0.124,1.0718,0.8012,1.4374,1.7633,1.1744,0.5148,3,0.9609,True,True,raw,HYDROSHIP-M5-A
shallow/qr_A_m6_shallow_032.png,shallow,0.25,6,174,32,A,HYDROSHIP-M5-A,backscatter|blur|color|ripple,0.6472,0.9539,0.9943,27.2519,219.8652,0.1203,0.9602,0.8308,1.5005,1.7645,4.8544,0.0214,3,1.0719,True,True,raw,HYDROSHIP-M5-A
shallow/qr_A_m6_shallow_033.png,shallow,0.25,6,174,33,A,HYDROSHIP-M5-A,backscatter|blur|color|ripple,0.665,1.0069,1.0212,27.8302,223.652,0.116,1.0044,0.8278,1.4607,1.7612,5.7168,3.9728,3,0.9892,True,True,raw,HYDROSHIP-M5-A
shallow/qr_A_m6_shallow_034.png,shallow,0.25,6,174,34,A,HYDROSHIP-M5-A,backscatter|blur|color|ripple,0.6684,1.0173,0.9702,29.7155,233.908,0.1224,0.9957,0.7509,1.4261,1.8551,5.8085,2.2402,3,1.0055,True,True,raw,HYDROSHIP-M5-A
shallow/qr_A_m6_shallow_035.png,shallow,0.25,6,174,35,A,HYDROSHIP-M5-A,backscatter|blur|color|ripple,0.6441,0.9907,1.0864,31.2327,241.8431,0.1108,1.0925,0.7383,1.4635,1.7075,1.9064,0.6704,3,0.9933,True,True,raw,HYDROSHIP-M5-A
shallow/qr_A_m6_shallow_036.png,shallow,0.25,6,174,36,A,HYDROSHIP-M5-A,backscatter|blur|color|ripple,0.6898,0.9472,0.9835,28.7382,225.6566,0.1153,0.9585,0.751,1.5081,1.8075,5.8053,1.8755,3,1.0978,True,True,raw,HYDROSHIP-M5-A
shallow/qr_A_m6_shallow_037.png,shallow,0.25,6,174,37,A,HYDROSHIP-M5-A,backscatter|blur|color|ripple,0.6387,0.9777,1.0906,31.2144,221.5254,0.1164,1.0862,0.7479,1.6187,1.6959,1.135,6.033,3,1.0373,True,True,raw,HYDROSHIP-M5-A
shallow/qr_A_m6_shallow_038.png,shallow,0.25,6,174,38,A,HYDROSHIP-M5-A,backscatter|blur|color|ripple,0.7317,0.9823,1.0656,27.7432,237.1813,0.1114,0.96,0.7635,1.5999,1.8485,4.069,1.6534,3,1.0763,True,True,raw,HYDROSHIP-M5-A
shallow/qr_A_m6_shallow_039.png,shallow,0.25,6,174,39,A,HYDROSHIP-M5-A,backscatter|blur|color|ripple,0.7145,1.0309,0.9635,26.9516,243.5493,0.1295,1.0664,0.713,1.5205,1.7675,0.516,5.5098,3,0.9531,True,True,raw,HYDROSHIP-M5-A
shallow/qr_A_m6_shallow_040.png,shallow,0.25,6,174,40,A,HYDROSHIP-M5-A,backscatter|blur|color|ripple,0.6623,0.9634,1.0745,27.9534,238.2322,0.123,0.9502,0.7324,1.5279,1.6559,1.1618,2.5354,3,1.0597,True,True,raw,HYDROSHIP-M5-A
shallow/qr_A_m6_shallow_041.png,shallow,0.25,6,174,41,A,HYDROSHIP-M5-A,backscatter|blur|color|ripple,0.6531,1.0231,1.0515,29.1653,218.616,0.1195,1.0766,0.8308,1.4779,1.6745,0.0517,4.3243,3,0.9437,True,True,raw,HYDROSHIP-M5-A
shallow/qr_A_m6_shallow_042.png,shallow,0.25,6,174,42,A,HYDROSHIP-M5-A,backscatter|blur|color|ripple,0.7303,1.0295,1.1122,27.6104,223.7342,0.1201,1.0166,0.7436,1.5243,1.8694,0.0073,3.2584,3,0.9567,True,True,raw,HYDROSHIP-M5-A
shallow/qr_A_m6_shallow_043.png,shallow,0.25,6,174,43,A,HYDROSHIP-M5-A,backscatter|blur|color|ripple,0.6751,1.0629,1.0512,28.3367,231.667,0.1232,1.0996,0.799,1.4588,1.6994,5.8266,1.763,3,1.0659,True,True,raw,HYDROSHIP-M5-A
shallow/qr_A_m6_shallow_044.png,shallow,0.25,6,174,44,A,HYDROSHIP-M5-A,backscatter|blur|color|ripple,0.7107,0.9941,1.0348,30.8761,225.2991,0.1148,1.0065,0.7214,1.5263,1.7842,3.554,5.8118,3,0.9941,True,True,raw,HYDROSHIP-M5-A
shallow/qr_A_m6_shallow_045.png,shallow,0.25,6,174,45,A,HYDROSHIP-M5-A,backscatter|blur|color|ripple,0.6595,1.0728,0.9998,29.2387,218.403,0.1169,1.0977,0.7287,1.4153,1.7256,0.7421,3.6028,3,1.0741,True,True,raw,HYDROSHIP-M5-A
shallow/qr_A_m6_shallow_046.png,shallow,0.25,6,174,46,A,HYDROSHIP-M5-A,backscatter|blur|color|ripple,0.7067,0.9859,1.0793,28.5213,212.5124,0.1235,1.0548,0.7204,1.5636,1.823,2.3137,2.783,3,0.9818,True,True,raw,HYDROSHIP-M5-A
shallow/qr_A_m6_shallow_047.png,shallow,0.25,6,174,47,A,HYDROSHIP-M5-A,backscatter|blur|color|ripple,0.7175,1.0264,0.9716,28.3203,240.6401,0.1276,0.9443,0.7708,1.5347,1.6383,1.5683,0.3903,3,1.0111,True,True,raw,HYDROSHIP-M5-A
shallow/qr_A_m6_shallow_048.png,shallow,0.25,6,174,48,A,HYDROSHIP-M5-A,backscatter|blur|color|ripple,0.7084,1.035,0.9907,29.4864,223.705,0.1256,1.1065,0.811,1.4635,1.7197,4.0365,2.1772,3,1.0409,True,True,raw,HYDROSHIP-M5-A
shallow/qr_A_m6_shallow_049.png,shallow,0.25,6,174,49,A,HYDROSHIP-M5-A,backscatter|blur|color|ripple,0.6593,1.0539,1.0135,29.2862,230.3652,0.1273,1.0836,0.8045,1.4302,1.8436,5.0498,5.1434,3,1.0767,True,True,raw,HYDROSHIP-M5-A
shallow/qr_A_m6_shallow_050.png,shallow,0.25,6,174,50,A,HYDROSHIP-M5-A,backscatter|blur|color|ripple,0.6612,1.0273,0.9921,26.7586,229.5903,0.1156,1.0836,0.7871,1.4122,1.718,5.4887,5.5765,3,1.0711,True,True,raw,HYDROSHIP-M5-A
shallow/qr_A_m6_shallow_051.png,shallow,0.25,6,174,51,A,HYDROSHIP-M5-A,backscatter|blur|color|ripple,0.6717,1.0155,1.0693,30.4088,229.1907,0.1261,0.9582,0.7917,1.4458,1.869,4.6053,3.1522,3,0.9441,True,True,raw,HYDROSHIP-M5-A
shallow/qr_A_m6_shallow_052.png,shallow,0.25,6,174,52,A,HYDROSHIP-M5-A,backscatter|blur|color|ripple,0.6617,1.0376,1.0318,31.2468,223.402,0.1291,1.0051,0.8275,1.5338,1.7466,0.6058,5.7567,3,1.0136,True,True,raw,HYDROSHIP-M5-A
shallow/qr_A_m6_shallow_053.png,shallow,0.25,6,174,53,A,HYDROSHIP-M5-A,backscatter|blur|color|ripple,0.7149,1.0683,1.0307,30.4193,234.853,0.1225,1.0118,0.7708,1.4365,1.7327,2.6255,5.9929,3,1.0078,True,True,raw,HYDROSHIP-M5-A
shallow/qr_A_m6_shallow_054.png,shallow,0.25,6,174,54,A,HYDROSHIP-M5-A,backscatter|blur|color|ripple,0.7212,0.969,1.1029,29.63,237.3798,0.1119,0.9967,0.8085,1.5238,1.6948,3.5687,4.8762,3,1.0996,True,True,raw,HYDROSHIP-M5-A
shallow/qr_A_m6_shallow_055.png,shallow,0.25,6,174,55,A,HYDROSHIP-M5-A,backscatter|blur|color|ripple,0.668,0.993,1.0285,28.3804,208.6146,0.1145,1.068,0.8355,1.4451,1.856,1.7678,5.1166,3,1.053,True,True,raw,HYDROSHIP-M5-A
shallow/qr_A_m6_shallow_056.png,shallow,0.25,6,174,56,A,HYDROSHIP-M5-A,backscatter|blur|color|ripple,0.735,0.9478,0.9829,27.7827,224.6191,0.1221,0.9567,0.7943,1.3869,1.6722,1.8993,0.2719,3,1.0506,True,True,raw,HYDROSHIP-M5-A
shallow/qr_A_m6_shallow_057.png,shallow,0.25,6,174,57,A,HYDROSHIP-M5-A,backscatter|blur|color|ripple,0.7309,0.9431,1.1222,29.8348,210.5043,0.1221,0.9733,0.7214,1.4922,1.8024,0.8579,4.1317,3,1.0486,True,True,raw,HYDROSHIP-M5-A
shallow/qr_A_m6_shallow_058.png,shallow,0.25,6,174,58,A,HYDROSHIP-M5-A,backscatter|blur|color|ripple,0.676,0.9783,1.0871,30.4942,242.4225,0.1109,1.0137,0.8275,1.4791,1.8969,2.1679,2.0019,3,0.9834,True,True,raw,HYDROSHIP-M5-A
shallow/qr_A_m6_shallow_059.png,shallow,0.25,6,174,59,A,HYDROSHIP-M5-A,backscatter|blur|color|ripple,0.6584,1.0839,1.1038,31.3078,233.5352,0.1169,0.9765,0.8162,1.607,1.8845,4.1033,3.9679,3,1.0568,True,True,raw,HYDROSHIP-M5-A
shallow/qr_A_m6_shallow_060.png,shallow,0.25,6,174,60,A,HYDROSHIP-M5-A,backscatter|blur|color|ripple,0.7179,1.0154,0.9726,28.7651,244.0073,0.1178,1.0312,0.7401,1.5362,1.8067,3.5957,4.5845,3,1.0326,True,True,raw,HYDROSHIP-M5-A
shallow/qr_A_m6_shallow_061.png,shallow,0.25,6,174,61,A,HYDROSHIP-M5-A,backscatter|blur|color|ripple,0.7338,1.0324,0.9757,29.648,226.782,0.1156,1.0184,0.7783,1.4129,1.7717,4.7261,4.677,3,1.0307,True,True,raw,HYDROSHIP-M5-A
shallow/qr_A_m6_shallow_062.png,shallow,0.25,6,174,62,A,HYDROSHIP-M5-A,backscatter|blur|color|ripple,0.6568,0.933,1.1041,30.9656,229.4746,0.1127,1.0723,0.8179,1.4042,1.6734,4.6588,3.6822,3,1.0637,True,True,raw,HYDROSHIP-M5-A
shallow/qr_A_m6_shallow_063.png,shallow,0.25,6,174,63,A,HYDROSHIP-M5-A,backscatter|blur|color|ripple,0.6917,1.0385,1.1127,27.9133,240.0987,0.1286,0.9669,0.816,1.5094,1.7687,1.0755,3.5541,3,0.9591,True,True,raw,HYDROSHIP-M5-A
shallow/qr_A_m6_shallow_064.png,shallow,0.25,6,174,64,A,HYDROSHIP-M5-A,backscatter|blur|color|ripple,0.6797,1.0219,1.045,30.0924,231.4552,0.1227,1.0093,0.7955,1.5111,1.6982,3.4672,1.7622,3,1.0499,True,True,raw,HYDROSHIP-M5-A
shallow/qr_A_m6_shallow_065.png,shallow,0.25,6,174,65,A,HYDROSHIP-M5-A,backscatter|blur|color|ripple,0.694,0.9464,1.0266,27.7463,242.1393,0.122,0.9644,0.8116,1.6114,1.6339,4.2704,2.1577,3,0.9951,True,True,raw,HYDROSHIP-M5-A
shallow/qr_A_m6_shallow_066.png,shallow,0.25,6,174,66,A,HYDROSHIP-M5-A,backscatter|blur|color|ripple,0.7052,1.0318,0.9627,27.4221,211.9859,0.1178,0.9931,0.7868,1.533,1.8501,0.1109,1.4517,3,1.0744,True,True,raw,HYDROSHIP-M5-A
shallow/qr_A_m6_shallow_067.png,shallow,0.25,6,174,67,A,HYDROSHIP-M5-A,backscatter|blur|color|ripple,0.6926,1.0067,1.01,28.8081,241.654,0.1249,1.0408,0.7477,1.4748,1.7549,3.6294,1.2325,3,1.0946,True,True,raw,HYDROSHIP-M5-A
shallow/qr_A_m6_shallow_068.png,shallow,0.25,6,174,68,A,HYDROSHIP-M5-A,backscatter|blur|color|ripple,0.68,1.007,1.0783,29.4843,244.5909,0.128,1.081,0.7789,1.4985,1.6782,4.5286,3.7919,3,0.955,True,True,raw,HYDROSHIP-M5-A
shallow/qr_A_m6_shallow_069.png,shallow,0.25,6,174,69,A,HYDROSHIP-M5-A,backscatter|blur|color|ripple,0.733,1.0197,1.0966,26.9891,212.9854,0.1266,1.0249,0.8094,1.4034,1.7442,1.0137,0.9726,3,0.9826,True,True,raw,HYDROSHIP-M5-A
shallow/qr_A_m6_shallow_070.png,shallow,0.25,6,174,70,A,HYDROSHIP-M5-A,backscatter|blur|color|ripple,0.6877,0.96,1.116,27.8191,224.9518,0.1224,1.0118,0.8257,1.4733,1.6564,0.7918,2.6762,3,0.9663,True,True,raw,HYDROSHIP-M5-A
shallow/qr_A_m6_shallow_071.png,shallow,0.25,6,174,71,A,HYDROSHIP-M5-A,backscatter|blur|color|ripple,0.7052,1.0625,1.0891,29.0798,214.524,0.1141,1.0893,0.7938,1.5425,1.7035,1.7697,1.4943,3,1.0131,True,True,raw,HYDROSHIP-M5-A
shallow/qr_A_m6_shallow_072.png,shallow,0.25,6,174,72,A,HYDROSHIP-M5-A,backscatter|blur|color|ripple,0.7284,0.9367,0.974,31.3041,240.9427,0.1155,1.1054,0.7578,1.6156,1.8389,1.2946,0.0722,3,1.094,True,True,raw,HYDROSHIP-M5-A
shallow/qr_A_m6_shallow_073.png,shallow,0.25,6,174,73,A,HYDROSHIP-M5-A,backscatter|blur|color|ripple,0.6788,0.9743,1.0264,29.3993,216.0112,0.1234,0.9715,0.8327,1.4244,1.789,4.9368,5.6041,3,0.9629,True,True,raw,HYDROSHIP-M5-A
shallow/qr_A_m6_shallow_074.png,shallow,0.25,6,174,74,A,HYDROSHIP-M5-A,backscatter|blur|color|ripple,0.708,1.0778,1.0602,31.0373,214.9875,0.112,1.0071,0.7528,1.4424,1.8933,1.6394,1.6226,3,1.0094,True,True,raw,HYDROSHIP-M5-A
shallow/qr_A_m6_shallow_075.png,shallow,0.25,6,174,75,A,HYDROSHIP-M5-A,backscatter|blur|color|ripple,0.7233,0.9866,1.0985,28.2826,224.6749,0.1189,1.074,0.7666,1.3813,1.892,3.4442,2.9617,3,1.0252,True,True,raw,HYDROSHIP-M5-A
shallow/qr_A_m6_shallow_076.png,shallow,0.25,6,174,76,A,HYDROSHIP-M5-A,backscatter|blur|color|ripple,0.6508,0.9977,1.0493,30.2588,230.7927,0.1171,0.9952,0.8293,1.4462,1.764,4.3594,0.3329,3,1.0368,True,True,raw,HYDROSHIP-M5-A
shallow/qr_A_m6_shallow_077.png,shallow,0.25,6,174,77,A,HYDROSHIP-M5-A,backscatter|blur|color|ripple,0.7039,0.9419,1.0032,27.7975,236.9975,0.1116,1.0061,0.8275,1.4833,1.7577,5.734,1.214,3,0.9818,True,True,raw,HYDROSHIP-M5-A
shallow/qr_A_m6_shallow_078.png,shallow,0.25,6,174,78,A,HYDROSHIP-M5-A,backscatter|blur|color|ripple,0.6941,1.0883,0.9883,27.3248,235.7218,0.1158,1.0074,0.7993,1.6181,1.8076,3.9034,3.819,3,0.9505,True,True,raw,HYDROSHIP-M5-A
shallow/qr_A_m6_shallow_079.png,shallow,0.25,6,174,79,A,HYDROSHIP-M5-A,backscatter|blur|color|ripple,0.6398,0.9649,1.0723,30.5605,208.4298,0.1219,0.9503,0.7889,1.6188,1.8074,4.183,3.0038,3,0.9898,True,True,raw,HYDROSHIP-M5-A
shallow/qr_A_m6_shallow_080.png,shallow,0.25,6,174,80,A,HYDROSHIP-M5-A,backscatter|blur|color|ripple,0.6661,1.0392,1.0479,29.5273,236.7002,0.1237,1.0003,0.7659,1.5731,1.8573,0.25,4.9407,3,0.9802,True,True,raw,HYDROSHIP-M5-A
shallow/qr_A_m6_shallow_081.png,shallow,0.25,6,174,81,A,HYDROSHIP-M5-A,backscatter|blur|color|ripple,0.6958,0.9962,0.9916,29.2644,235.9253,0.123,0.9445,0.7189,1.6068,1.9163,0.2045,0.1221,3,0.9741,True,True,raw,HYDROSHIP-M5-A
shallow/qr_A_m6_shallow_082.png,shallow,0.25,6,174,82,A,HYDROSHIP-M5-A,backscatter|blur|color|ripple,0.6882,1.0473,1.0328,26.7665,221.6225,0.1116,1.0294,0.7291,1.4934,1.8868,4.5151,5.0155,3,1.0206,True,True,raw,HYDROSHIP-M5-A
shallow/qr_A_m6_shallow_083.png,shallow,0.25,6,174,83,A,HYDROSHIP-M5-A,backscatter|blur|color|ripple,0.638,1.0493,1.0208,31.1747,240.7491,0.1151,1.0989,0.8101,1.489,1.7373,0.5968,4.2074,3,1.0182,True,True,raw,HYDROSHIP-M5-A
medium/qr_A_m6_medium_000.png,medium,0.55,6,174,0,A,HYDROSHIP-M5-A,backscatter|blur|color|ripple,0.4746,1.0836,1.0897,53.7584,195.9628,0.2147,2.0446,1.3993,2.0628,2.4932,4.3015,4.8603,5,1.6554,True,True,raw,HYDROSHIP-M5-A
medium/qr_A_m6_medium_001.png,medium,0.55,6,174,1,A,HYDROSHIP-M5-A,backscatter|blur|color|ripple,0.4979,1.0041,1.1295,53.5913,212.3414,0.2012,2.0453,1.5071,2.0936,2.4062,2.2498,1.5798,5,1.5251,True,True,raw,HYDROSHIP-M5-A
medium/qr_A_m6_medium_002.png,medium,0.55,6,174,2,A,HYDROSHIP-M5-A,backscatter|blur|color|ripple,0.4786,1.0788,1.1237,57.3405,215.8998,0.2299,1.8542,1.4589,2.2533,2.598,3.679,0.6115,5,1.6831,True,True,raw,HYDROSHIP-M5-A
medium/qr_A_m6_medium_003.png,medium,0.55,6,174,3,A,HYDROSHIP-M5-A,backscatter|blur|color|ripple,0.4864,1.0501,1.0496,53.5508,208.3507,0.2148,1.8677,1.4078,2.2021,2.4366,5.3783,3.2273,5,1.6728,True,True,raw,HYDROSHIP-M5-A
medium/qr_A_m6_medium_004.png,medium,0.55,6,174,4,A,HYDROSHIP-M5-A,backscatter|blur|color|ripple,0.5208,1.0075,1.0354,50.1972,193.8811,0.2316,1.8751,1.5754,2.2097,2.538,4.5745,2.177,5,1.7678,True,True,raw,HYDROSHIP-M5-A
medium/qr_A_m6_medium_005.png,medium,0.55,6,174,5,A,HYDROSHIP-M5-A,backscatter|blur|color|ripple,0.5192,0.9621,1.1204,55.4813,191.5809,0.2275,1.847,1.5067,2.1692,2.5052,5.535,1.6868,5,1.6741,True,True,raw,HYDROSHIP-M5-A
medium/qr_A_m6_medium_006.png,medium,0.55,6,174,6,A,HYDROSHIP-M5-A,backscatter|blur|color|ripple,0.5038,1.071,1.089,54.465,197.7087,0.2304,1.9538,1.5166,2.1276,2.3414,5.4879,3.2309,5,1.6877,True,True,raw,HYDROSHIP-M5-A
medium/qr_A_m6_medium_007.png,medium,0.55,6,174,7,A,HYDROSHIP-M5-A,backscatter|blur|color|ripple,0.5261,1.0838,1.0754,57.2929,194.973,0.2084,1.7669,1.3706,2.1481,2.4452,1.4169,4.9264,5,1.6261,True,True,raw,HYDROSHIP-M5-A
medium/qr_A_m6_medium_008.png,medium,0.55,6,174,8,A,HYDROSHIP-M5-A,backscatter|blur|color|ripple,0.4868,1.0568,1.1536,49.942,214.2601,0.226,1.9244,1.4206,2.0671,2.542,1.8851,1.0573,5,1.7104,True,True,raw,HYDROSHIP-M5-A
medium/qr_A_m6_medium_009.png,medium,0.55,6,174,9,A,HYDROSHIP-M5-A,backscatter|blur|color|ripple,0.5076,1.0179,1.1725,51.5846,187.7602,0.203,2.0328,1.5434,2.1296,2.4535,5.8676,0.0276,5,1.6621,True,True,raw,HYDROSHIP-M5-A
medium/qr_A_m6_medium_010.png,medium,0.55,6,174,10,A,HYDROSHIP-M5-A,backscatter|blur|color|ripple,0.4853,1.0736,1.1447,55.0723,192.5126,0.2242,1.9686,1.4502,2.0146,2.328,0.009,5.9237,5,1.6044,True,True,raw,HYDROSHIP-M5-A
medium/qr_A_m6_medium_011.png,medium,0.55,6,174,11,A,HYDROSHIP-M5-A,backscatter|blur|color|ripple,0.4551,1.0585,1.0721,54.3438,196.7496,0.2274,1.9888,1.3904,2.0131,2.5761,0.1363,0.1432,5,1.5436,True,True,raw,HYDROSHIP-M5-A
medium/qr_A_m6_medium_012.png,medium,0.55,6,174,12,A,HYDROSHIP-M5-A,backscatter|blur|color|ripple,0.4792,0.9772,1.0925,53.2871,200.6901,0.2108,1.9562,1.4877,2.194,2.5743,0.8389,5.5447,5,1.6998,True,True,raw,HYDROSHIP-M5-A
medium/qr_A_m6_medium_013.png,medium,0.55,6,174,13,A,HYDROSHIP-M5-A,backscatter|blur|color|ripple,0.4744,0.9489,1.0285,51.7428,200.4347,0.2015,1.7512,1.4281,2.2663,2.3272,1.8483,1.9903,5,1.5656,True,True,raw,HYDROSHIP-M5-A
medium/qr_A_m6_medium_014.png,medium,0.55,6,174,14,A,HYDROSHIP-M5-A,backscatter|blur|color|ripple,0.4609,1.1009,1.1387,54.4043,200.3457,0.2206,1.8862,1.4835,2.1257,2.2988,0.2451,5.4671,5,1.7652,True,True,raw,HYDROSHIP-M5-A
medium/qr_A_m6_medium_015.png,medium,0.55,6,174,15,A,HYDROSHIP-M5-A,backscatter|blur|color|ripple,0.5254,1.0816,1.0705,56.9332,187.9847,0.2083,1.7611,1.464,1.9646,2.5095,0.8834,4.8163,5,1.6897,True,True,raw,HYDROSHIP-M5-A
medium/qr_A_m6_medium_016.png,medium,0.55,6,174,16,A,HYDROSHIP-M5-A,backscatter|blur|color|ripple,0.501,1.0778,1.0279,52.0783,211.5859,0.2073,1.7656,1.4898,2.1155,2.6602,4.5054,3.7409,5,1.655,True,True,raw,HYDROSHIP-M5-A
medium/qr_A_m6_medium_017.png,medium,0.55,6,174,17,A,HYDROSHIP-M5-A,backscatter|blur|color|ripple,0.4542,1.0923,1.1489,50.7363,188.7389,0.2318,1.8168,1.551,2.2538,2.4578,5.2628,0.3865,5,1.5672,True,True,raw,HYDROSHIP-M5-A
medium/qr_A_m6_medium_018.png,medium,0.55,6,174,18,A,HYDROSHIP-M5-A,backscatter|blur|color|ripple,0.5288,1.006,1.1709,58.0724,186.3952,0.2071,2.015,1.4567,2.0686,2.6535,3.4586,0.3861,5,1.5559,True,True,raw,HYDROSHIP-M5-A
medium/qr_A_m6_medium_019.png,medium,0.55,6,174,19,A,HYDROSHIP-M5-A,backscatter|blur|color|ripple,0.4922,1.1066,1.099,50.7253,202.1888,0.2189,1.7473,1.3887,2.1997,2.3241,2.4926,5.5043,5,1.6336,True,True,raw,HYDROSHIP-M5-A
medium/qr_A_m6_medium_020.png,medium,0.55,6,174,20,A,HYDROSHIP-M5-A,backscatter|blur|color|ripple,0.4939,1.0418,1.0122,54.4318,195.126,0.2226,1.9147,1.349,1.951,2.413,4.7149,4.2621,5,1.6934,True,True,raw,HYDROSHIP-M5-A
medium/qr_A_m6_medium_021.png,medium,0.55,6,174,21,A,HYDROSHIP-M5-A,backscatter|blur|color|ripple,0.5138,1.06,1.1686,55.798,204.8473,0.2203,1.9948,1.447,2.0552,2.4687,5.022,2.8964,5,1.5786,True,True,raw,HYDROSHIP-M5-A
medium/qr_A_m6_medium_022.png,medium,0.55,6,174,22,A,HYDROSHIP-M5-A,backscatter|blur|color|ripple,0.462,0.955,1.0873,52.9487,197.4896,0.2209,1.904,1.3673,1.9685,2.5616,5.6126,5.3455,5,1.7788,True,True,raw,HYDROSHIP-M5-A
medium/qr_A_m6_medium_023.png,medium,0.55,6,174,23,A,HYDROSHIP-M5-A,backscatter|blur|color|ripple,0.4668,1.0825,1.0677,54.6442,185.5302,0.2299,1.792,1.413,2.2594,2.4127,2.7075,4.5151,5,1.5284,True,True,raw,HYDROSHIP-M5-A
medium/qr_A_m6_medium_024.png,medium,0.55,6,174,24,A,HYDROSHIP-M5-A,backscatter|blur|color|ripple,0.5271,1.0441,1.1844,53.7416,195.6303,0.2322,1.823,1.5423,2.0047,2.449,5.3138,2.0329,5,1.544,True,True,raw,HYDROSHIP-M5-A
medium/qr_A_m6_medium_025.png,medium,0.55,6,174,25,A,HYDROSHIP-M5-A,backscatter|blur|color|ripple,0.4704,1.0904,1.097,57.7649,204.8424,0.2037,1.9352,1.4573,1.9543,2.3111,3.8181,5.3093,5,1.6112,True,True,raw,HYDROSHIP-M5-A
medium/qr_A_m6_medium_026.png,medium,0.55,6,174,26,A,HYDROSHIP-M5-A,backscatter|blur|color|ripple,0.5188,1.027,1.0839,56.219,207.8699,0.22,1.9787,1.5781,2.1666,2.5439,5.0586,2.8766,5,1.6676,True,True,raw,HYDROSHIP-M5-A
medium/qr_A_m6_medium_027.png,medium,0.55,6,174,27,A,HYDROSHIP-M5-A,backscatter|blur|color|ripple,0.4614,1.0114,1.1455,57.7426,201.0963,0.2058,1.7743,1.3881,1.9521,2.352,6.1203,1.3001,5,1.6537,True,True,raw,HYDROSHIP-M5-A
medium/qr_A_m6_medium_028.png,medium,0.55,6,174,28,A,HYDROSHIP-M5-A,backscatter|blur|color|ripple,0.5257,0.9555,1.1105,52.6751,214.0098,0.2007,1.9933,1.4508,2.1633,2.2731,0.8102,4.3394,5,1.7435,True,True,raw,HYDROSHIP-M5-A
medium/qr_A_m6_medium_029.png,medium,0.55,6,174,29,A,HYDROSHIP-M5-A,backscatter|blur|color|ripple,0.4728,1.0615,1.0446,54.9282,213.328,0.2048,2.0206,1.4063,2.0092,2.4781,5.2016,3.7574,5,1.7503,True,True,raw,HYDROSHIP-M5-A
medium/qr_A_m6_medium_030.png,medium,0.55,6,174,30,A,HYDROSHIP-M5-A,backscatter|blur|color|ripple,0.528,1.0242,1.1249,58.2709,198.9999,0.2295,1.9546,1.3927,2.0054,2.4645,0.665,0.8998,5,1.6555,True,True,raw,HYDROSHIP-M5-A
medium/qr_A_m6_medium_031.png,medium,0.55,6,174,31,A,HYDROSHIP-M5-A,backscatter|blur|color|ripple,0.5027,0.9515,1.1212,55.2214,192.4875,0.2144,2.014,1.5231,2.0152,2.5964,6.1603,1.3965,5,1.6153,True,True,raw,HYDROSHIP-M5-A
medium/qr_A_m6_medium_032.png,medium,0.55,6,174,32,A,HYDROSHIP-M5-A,backscatter|blur|color|ripple,0.5016,0.9865,1.1058,56.6848,202.4383,0.231,1.8739,1.503,2.1027,2.2713,5.4696,4.5453,5,1.7594,True,True,raw,HYDROSHIP-M5-A
medium/qr_A_m6_medium_033.png,medium,0.55,6,174,33,A,HYDROSHIP-M5-A,backscatter|blur|color|ripple,0.5004,1.0391,1.0834,50.326,195.4897,0.214,1.938,1.4796,2.2059,2.3359,0.9193,5.3178,5,1.5359,True,True,raw,HYDROSHIP-M5-A
medium/qr_A_m6_medium_034.png,medium,0.55,6,174,34,A,HYDROSHIP-M5-A,backscatter|blur|color|ripple,0.4705,1.1023,1.1311,52.6193,198.5475,0.2068,1.7579,1.5294,2.2217,2.2715,4.1622,0.8272,5,1.5508,True,True,raw,HYDROSHIP-M5-A
medium/qr_A_m6_medium_035.png,medium,0.55,6,174,35,A,HYDROSHIP-M5-A,backscatter|blur|color|ripple,0.5007,1.0577,1.1194,50.1726,210.3912,0.2206,1.8269,1.3905,2.1733,2.4435,0.7766,2.032,5,1.5399,True,True,raw,HYDROSHIP-M5-A
medium/qr_A_m6_medium_036.png,medium,0.55,6,174,36,A,HYDROSHIP-M5-A,backscatter|blur|color|ripple,0.5186,1.0997,1.0121,52.7427,216.0439,0.2274,1.996,1.4619,2.178,2.6266,5.6559,4.0403,5,1.7416,True,True,raw,HYDROSHIP-M5-A
medium/qr_A_m6_medium_037.png,medium,0.55,6,174,37,A,HYDROSHIP-M5-A,backscatter|blur|color|ripple,0.5034,1.0432,1.0716,51.3943,193.4659,0.206,1.7633,1.3745,1.9815,2.6077,1.4597,5.9323,5,1.5374,True,True,raw,HYDROSHIP-M5-A
medium/qr_A_m6_medium_038.png,medium,0.55,6,174,38,A,HYDROSHIP-M5-A,backscatter|blur|color|ripple,0.5123,0.9835,1.0523,51.0623,215.4049,0.2084,1.8892,1.4228,1.986,2.4463,0.567,5.1177,5,1.5324,True,True,raw,HYDROSHIP-M5-A
medium/qr_A_m6_medium_039.png,medium,0.55,6,174,39,A,HYDROSHIP-M5-A,backscatter|blur|color|ripple,0.4932,1.0471,1.0697,56.0804,199.2992,0.233,1.8069,1.5225,2.0737,2.6572,2.5303,4.6395,5,1.6302,True,True,raw,HYDROSHIP-M5-A
medium/qr_A_m6_medium_040.png,medium,0.55,6,174,40,A,HYDROSHIP-M5-A,backscatter|blur|color|ripple,0.4776,0.9884,1.0297,53.7503,189.5462,0.2224,1.9526,1.4868,2.0427,2.3661,2.3007,4.0116,5,1.579,True,True,raw,HYDROSHIP-M5-A
medium/qr_A_m6_medium_041.png,medium,0.55,6,174,41,A,HYDROSHIP-M5-A,backscatter|blur|color|ripple,0.5093,1.0448,1.0121,51.818,197.3694,0.2157,1.9598,1.4179,1.9457,2.3543,5.3929,2.974,5,1.7807,True,True,raw,HYDROSHIP-M5-A
medium/qr_A_m6_medium_042.png,medium,0.55,6,174,42,A,HYDROSHIP-M5-A,backscatter|blur|color|ripple,0.4832,1.047,1.1239,51.8804,199.7626,0.2182,1.8439,1.3703,2.0279,2.4998,5.2377,4.2314,5,1.7703,True,True,raw,HYDROSHIP-M5-A
medium/qr_A_m6_medium_043.png,medium,0.55,6,174,43,A,HYDROSHIP-M5-A,backscatter|blur|color|ripple,0.5198,1.056,1.0176,52.5578,202.4736,0.2221,1.752,1.3607,2.1182,2.4677,4.0875,1.089,5,1.7094,True,True,raw,HYDROSHIP-M5-A
medium/qr_A_m6_medium_044.png,medium,0.55,6,174,44,A,HYDROSHIP-M5-A,backscatter|blur|color|ripple,0.464,1.0262,1.179,53.7728,196.9994,0.2205,1.7504,1.5353,2.1068,2.2998,1.7159,6.2578,5,1.6129,True,True,raw,HYDROSHIP-M5-A
medium/qr_A_m6_medium_045.png,medium,0.55,6,174,45,A,HYDROSHIP-M5-A,backscatter|blur|color|ripple,0.495,1.0818,1.0166,53.7759,205.5327,0.2316,1.8921,1.5762,1.9667,2.5008,3.7743,4.374,5,1.5598,True,True,raw,HYDROSHIP-M5-A
medium/qr_A_m6_medium_046.png,medium,0.55,6,174,46,A,HYDROSHIP-M5-A,backscatter|blur|color|ripple,0.5186,0.9831,1.1319,51.8712,203.5351,0.2102,1.8245,1.5027,2.2124,2.2923,0.0829,5.0145,5,1.5524,True,True,raw,HYDROSHIP-M5-A
medium/qr_A_m6_medium_047.png,medium,0.55,6,174,47,A,HYDROSHIP-M5-A,backscatter|blur|color|ripple,0.5196,1.0665,1.1596,57.4819,197.39,0.2276,1.9081,1.4974,2.1075,2.4017,0.4989,2.0788,5,1.7777,True,True,raw,HYDROSHIP-M5-A
medium/qr_A_m6_medium_048.png,medium,0.55,6,174,48,A,HYDROSHIP-M5-A,backscatter|blur|color|ripple,0.4686,1.0386,1.1749,55.7696,202.2957,0.2039,1.8509,1.4642,2.2176,2.47,5.2545,4.0882,5,1.7376,True,True,raw,HYDROSHIP-M5-A
medium/qr_A_m6_medium_049.png,medium,0.55,6,174,49,A,HYDROSHIP-M5-A,backscatter|blur|color|ripple,0.5217,0.9465,1.0767,55.3518,202.2648,0.2099,1.914,1.4208,2.1042,2.356,1.0136,1.8162,5,1.7341,True,True,raw,HYDROSHIP-M5-A
medium/qr_A_m6_medium_050.png,medium,0.55,6,174,50,A,HYDROSHIP-M5-A,backscatter|blur|color|ripple,0.5176,1.0258,1.0517,51.6172,197.0203,0.2319,2.0378,1.5264,1.9634,2.3076,1.3665,1.7116,5,1.7525,True,True,raw,HYDROSHIP-M5-A
medium/qr_A_m6_medium_051.png,medium,0.55,6,174,51,A,HYDROSHIP-M5-A,backscatter|blur|color|ripple,0.4975,1.0348,1.0677,54.5377,188.2558,0.2042,2.0284,1.4078,2.173,2.3863,0.2657,6.2442,5,1.7024,True,True,raw,HYDROSHIP-M5-A
medium/qr_A_m6_medium_052.png,medium,0.55,6,174,52,A,HYDROSHIP-M5-A,backscatter|blur|color|ripple,0.4618,1.0369,1.0776,55.4934,185.385,0.2173,1.7951,1.4613,1.9601,2.4552,1.6245,5.9427,5,1.5361,True,True,raw,HYDROSHIP-M5-A
medium/qr_A_m6_medium_053.png,medium,0.55,6,174,53,A,HYDROSHIP-M5-A,backscatter|blur|color|ripple,0.4557,1.0914,1.155,51.5645,211.7648,0.2129,1.9594,1.4658,2.237,2.4018,2.5232,1.2301,5,1.5379,True,True,raw,HYDROSHIP-M5-A
medium/qr_A_m6_medium_054.png,medium,0.55,6,174,54,A,HYDROSHIP-M5-A,backscatter|blur|color|ripple,0.5186,1.0586,1.0596,52.3528,203.7062,0.2015,1.7661,1.4727,2.0677,2.4161,2.7068,3.0095,5,1.7271,True,True,raw,HYDROSHIP-M5-A
medium/qr_A_m6_medium_055.png,medium,0.55,6,174,55,A,HYDROSHIP-M5-A,backscatter|blur|color|ripple,0.5207,1.0033,1.0981,49.9558,214.0803,0.2118,1.9775,1.581,2.0688,2.5555,4.9011,6.2128,5,1.6157,True,True,raw,HYDROSHIP-M5-A
medium/qr_A_m6_medium_056.png,medium,0.55,6,174,56,A,HYDROSHIP-M5-A,backscatter|blur|color|ripple,0.5231,1.0937,1.0315,49.9635,207.1477,0.2084,2.0406,1.487,1.9613,2.2696,1.4073,5.5354,5,1.569,True,True,raw,HYDROSHIP-M5-A
medium/qr_A_m6_medium_057.png,medium,0.55,6,174,57,A,HYDROSHIP-M5-A,backscatter|blur|color|ripple,0.463,1.0435,1.1421,56.464,202.657,0.2243,1.8538,1.5808,2.2461,2.4474,3.3995,4.858,5,1.5299,True,True,raw,HYDROSHIP-M5-A
medium/qr_A_m6_medium_058.png,medium,0.55,6,174,58,A,HYDROSHIP-M5-A,backscatter|blur|color|ripple,0.4847,0.9843,1.0817,56.8495,205.3544,0.2176,1.9874,1.4237,1.9777,2.6059,0.6823,1.784,5,1.6531,True,True,raw,HYDROSHIP-M5-A
medium/qr_A_m6_medium_059.png,medium,0.55,6,174,59,A,HYDROSHIP-M5-A,backscatter|blur|color|ripple,0.5303,1.0374,1.0158,52.1611,185.2231,0.218,1.8953,1.5065,2.2347,2.4399,1.094,2.704,5,1.634,True,True,raw,HYDROSHIP-M5-A
medium/qr_A_m6_medium_060.png,medium,0.55,6,174,60,A,HYDROSHIP-M5-A,backscatter|blur|color|ripple,0.4562,0.9737,1.0195,56.0192,189.3162,0.2109,1.9529,1.4428,1.9576,2.5483,1.3854,6.2374,5,1.7802,True,True,raw,HYDROSHIP-M5-A
medium/qr_A_m6_medium_061.png,medium,0.55,6,174,61,A,HYDROSHIP-M5-A,backscatter|blur|color|ripple,0.5065,1.0011,1.0973,58.296,215.3728,0.2141,2.0297,1.3764,2.1574,2.3465,3.48,1.6492,5,1.6681,True,True,raw,HYDROSHIP-M5-A
medium/qr_A_m6_medium_062.png,medium,0.55,6,174,62,A,HYDROSHIP-M5-A,backscatter|blur|color|ripple,0.5014,0.9873,1.1564,57.6711,189.683,0.228,1.8228,1.511,2.0382,2.6169,3.7002,3.3035,5,1.7819,True,True,raw,HYDROSHIP-M5-A
medium/qr_A_m6_medium_063.png,medium,0.55,6,174,63,A,HYDROSHIP-M5-A,backscatter|blur|color|ripple,0.5154,1.0163,1.0515,56.3469,193.4336,0.2153,1.7869,1.4333,2.101,2.3931,3.3682,6.1983,5,1.5886,True,True,raw,HYDROSHIP-M5-A
medium/qr_A_m6_medium_064.png,medium,0.55,6,174,64,A,HYDROSHIP-M5-A,backscatter|blur|color|ripple,0.4773,1.0687,1.0242,57.8436,213.4862,0.2201,1.8037,1.5188,2.0195,2.2699,0.5988,0.0602,5,1.5827,True,True,raw,HYDROSHIP-M5-A
medium/qr_A_m6_medium_065.png,medium,0.55,6,174,65,A,HYDROSHIP-M5-A,backscatter|blur|color|ripple,0.5095,1.0206,1.1121,50.3245,215.9439,0.2,1.8069,1.4392,2.0634,2.4172,6.2548,5.6425,5,1.6583,True,True,raw,HYDROSHIP-M5-A
medium/qr_A_m6_medium_066.png,medium,0.55,6,174,66,A,HYDROSHIP-M5-A,backscatter|blur|color|ripple,0.4671,1.0897,1.1518,53.5596,204.3758,0.2255,1.9629,1.3726,2.2513,2.3339,3.5844,5.6939,5,1.7385,True,True,raw,HYDROSHIP-M5-A
medium/qr_A_m6_medium_067.png,medium,0.55,6,174,67,A,HYDROSHIP-M5-A,backscatter|blur|color|ripple,0.4649,0.9531,1.0357,54.8096,196.4414,0.228,1.8451,1.3948,2.1645,2.3423,5.4334,3.1125,5,1.7205,True,True,raw,HYDROSHIP-M5-A
medium/qr_A_m6_medium_068.png,medium,0.55,6,174,68,A,HYDROSHIP-M5-A,backscatter|blur|color|ripple,0.5245,0.9614,1.171,52.5521,199.1052,0.2134,1.7995,1.3874,2.2208,2.5412,5.6686,3.564,5,1.7066,True,True,raw,HYDROSHIP-M5-A
medium/qr_A_m6_medium_069.png,medium,0.55,6,174,69,A,HYDROSHIP-M5-A,backscatter|blur|color|ripple,0.53,0.9871,1.0367,49.9616,198.1891,0.2322,1.8064,1.3524,2.1717,2.3732,2.6756,3.8482,5,1.5392,True,True,raw,HYDROSHIP-M5-A
medium/qr_A_m6_medium_070.png,medium,0.55,6,174,70,A,HYDROSHIP-M5-A,backscatter|blur|color|ripple,0.4678,0.9679,1.1462,55.8028,215.3157,0.2041,1.9297,1.4292,2.1441,2.5862,4.3921,5.8935,5,1.7271,True,True,raw,HYDROSHIP-M5-A
medium/qr_A_m6_medium_071.png,medium,0.55,6,174,71,A,HYDROSHIP-M5-A,backscatter|blur|color|ripple,0.4846,1.1033,1.0144,49.9242,195.1157,0.2159,2.0168,1.4044,2.224,2.323,3.3909,1.2015,5,1.5488,True,True,raw,HYDROSHIP-M5-A
medium/qr_A_m6_medium_072.png,medium,0.55,6,174,72,A,HYDROSHIP-M5-A,backscatter|blur|color|ripple,0.4796,0.9713,1.0253,52.6606,215.4992,0.2188,2.0251,1.5231,2.0617,2.6056,0.9314,3.7614,5,1.7192,True,True,raw,HYDROSHIP-M5-A
medium/qr_A_m6_medium_073.png,medium,0.55,6,174,73,A,HYDROSHIP-M5-A,backscatter|blur|color|ripple,0.4783,1.0128,1.0861,50.7049,210.3475,0.2233,1.9036,1.5426,2.2532,2.6587,2.6767,6.2793,5,1.5949,True,True,raw,HYDROSHIP-M5-A
medium/qr_A_m6_medium_074.png,medium,0.55,6,174,74,A,HYDROSHIP-M5-A,backscatter|blur|color|ripple,0.4892,1.0069,1.0653,50.3018,202.1555,0.2094,1.7699,1.461,2.2283,2.3268,0.2211,5.6913,5,1.6888,True,True,raw,HYDROSHIP-M5-A
medium/qr_A_m6_medium_075.png,medium,0.55,6,174,75,A,HYDROSHIP-M5-A,backscatter|blur|color|ripple,0.4966,0.9563,1.0175,58.4704,212.6205,0.2201,2.0008,1.4381,1.967,2.5502,0.6306,4.2448,5,1.5987,True,True,raw,HYDROSHIP-M5-A
medium/qr_A_m6_medium_076.png,medium,0.55,6,174,76,A,HYDROSHIP-M5-A,backscatter|blur|color|ripple,0.4862,1.0232,1.0166,50.4164,198.759,0.2173,2.0301,1.5636,1.9515,2.6256,6.2354,4.6705,5,1.7823,True,True,raw,HYDROSHIP-M5-A
medium/qr_A_m6_medium_077.png,medium,0.55,6,174,77,A,HYDROSHIP-M5-A,backscatter|blur|color|ripple,0.5068,1.0514,1.1239,51.7693,203.1084,0.2323,1.9663,1.4634,2.1561,2.5842,1.12,2.0675,5,1.7546,True,True,raw,HYDROSHIP-M5-A
medium/qr_A_m6_medium_078.png,medium,0.55,6,174,78,A,HYDROSHIP-M5-A,backscatter|blur|color|ripple,0.5204,1.0143,1.1688,52.5538,192.9113,0.2219,1.8839,1.5258,2.1343,2.5644,3.4259,1.5521,5,1.7321,True,True,raw,HYDROSHIP-M5-A
medium/qr_A_m6_medium_079.png,medium,0.55,6,174,79,A,HYDROSHIP-M5-A,backscatter|blur|color|ripple,0.4577,0.9648,1.0618,51.9362,189.9604,0.2055,2.0465,1.3798,2.0246,2.3043,0.4714,0.6325,5,1.6499,True,True,raw,HYDROSHIP-M5-A
medium/qr_A_m6_medium_080.png,medium,0.55,6,174,80,A,HYDROSHIP-M5-A,backscatter|blur|color|ripple,0.497,0.9962,1.0779,57.7119,201.6547,0.2148,1.8723,1.434,2.2339,2.6011,1.5335,1.122,5,1.6391,True,True,raw,HYDROSHIP-M5-A
medium/qr_A_m6_medium_081.png,medium,0.55,6,174,81,A,HYDROSHIP-M5-A,backscatter|blur|color|ripple,0.5259,1.0168,1.0344,53.04,213.636,0.2039,1.8069,1.4875,2.1063,2.4162,4.6759,3.4234,5,1.7688,True,True,raw,HYDROSHIP-M5-A
medium/qr_A_m6_medium_082.png,medium,0.55,6,174,82,A,HYDROSHIP-M5-A,backscatter|blur|color|ripple,0.4861,0.987,1.1687,53.6231,197.1272,0.1995,2.025,1.4563,1.984,2.3417,5.6875,5.6842,5,1.6768,True,True,raw,HYDROSHIP-M5-A
medium/qr_A_m6_medium_083.png,medium,0.55,6,174,83,A,HYDROSHIP-M5-A,backscatter|blur|color|ripple,0.515,1.0268,1.0718,55.2452,215.4891,0.2056,1.8749,1.393,2.0603,2.37,4.8432,5.7548,5,1.7239,True,True,raw,HYDROSHIP-M5-A
deep/qr_A_m6_deep_000.png,deep,0.85,6,174,0,A,HYDROSHIP-M5-A,backscatter|blur|color|ripple,0.2863,1.0363,1.2363,80.7819,188.1175,0.3147,2.661,2.2519,2.7668,3.4021,3.8836,2.6089,5,2.2005,True,True,raw,HYDROSHIP-M5-A
deep/qr_A_m6_deep_001.png,deep,0.85,6,174,1,A,HYDROSHIP-M5-A,backscatter|blur|color|ripple,0.3167,1.1126,1.0814,78.6125,186.1069,0.2976,2.7159,2.1444,2.6793,3.1964,3.1637,4.5744,5,2.1601,False,False,fail,
deep/qr_A_m6_deep_002.png,deep,0.85,6,174,2,A,HYDROSHIP-M5-A,backscatter|blur|color|ripple,0.2738,0.9599,1.2307,77.2425,163.4681,0.3179,2.8237,2.0677,2.641,2.9266,3.8508,4.5442,5,2.4618,True,True,raw,HYDROSHIP-M5-A
deep/qr_A_m6_deep_003.png,deep,0.85,6,174,3,A,HYDROSHIP-M5-A,backscatter|blur|color|ripple,0.2985,1.0994,1.2109,74.3233,165.7019,0.3285,2.5659,2.1948,2.6539,2.9058,5.815,0.7081,5,2.3972,True,True,raw,HYDROSHIP-M5-A
deep/qr_A_m6_deep_004.png,deep,0.85,6,174,4,A,HYDROSHIP-M5-A,backscatter|blur|color|ripple,0.3124,1.012,1.1306,74.2685,165.2393,0.3363,2.7166,2.0885,2.6705,3.1951,3.568,2.4661,5,2.4405,True,True,raw,HYDROSHIP-M5-A
deep/qr_A_m6_deep_005.png,deep,0.85,6,174,5,A,HYDROSHIP-M5-A,backscatter|blur|color|ripple,0.3068,1.1258,1.1935,82.6042,172.8365,0.2941,2.7193,2.2693,2.8399,3.0022,3.1614,2.7953,5,2.3079,False,False,fail,
deep/qr_A_m6_deep_006.png,deep,0.85,6,174,6,A,HYDROSHIP-M5-A,backscatter|blur|color|ripple,0.2771,0.9981,1.0734,79.2004,175.9637,0.3102,2.6709,2.0238,2.8162,3.0357,3.3426,0.2922,5,2.1236,True,True,raw,HYDROSHIP-M5-A
deep/qr_A_m6_deep_007.png,deep,0.85,6,174,7,A,HYDROSHIP-M5-A,backscatter|blur|color|ripple,0.2989,1.1202,1.1571,77.9304,169.6542,0.2909,2.7943,2.1376,2.5987,3.3303,2.5728,5.7789,5,2.2617,True,True,raw,HYDROSHIP-M5-A
deep/qr_A_m6_deep_008.png,deep,0.85,6,174,8,A,HYDROSHIP-M5-A,backscatter|blur|color|ripple,0.3076,1.077,1.1114,77.57,176.1687,0.2983,2.9153,2.1785,2.8792,3.0495,3.1267,3.9007,5,2.3517,False,True,clahe,HYDROSHIP-M5-A
deep/qr_A_m6_deep_009.png,deep,0.85,6,174,9,A,HYDROSHIP-M5-A,backscatter|blur|color|ripple,0.3006,1.027,1.0714,82.2086,173.6836,0.3173,2.6541,2.2266,2.9067,3.365,5.432,4.8181,5,2.3867,False,False,fail,
deep/qr_A_m6_deep_010.png,deep,0.85,6,174,10,A,HYDROSHIP-M5-A,backscatter|blur|color|ripple,0.3132,1.0263,1.0719,76.4143,172.991,0.3019,2.8923,2.3155,2.883,2.9902,2.2974,4.954,5,2.1369,False,False,fail,
deep/qr_A_m6_deep_011.png,deep,0.85,6,174,11,A,HYDROSHIP-M5-A,backscatter|blur|color|ripple,0.2876,1.0413,1.2175,80.0276,185.9822,0.2875,2.6674,2.2354,2.8521,3.225,0.4043,5.3929,5,2.3284,False,True,upscale,HYDROSHIP-M5-A
deep/qr_A_m6_deep_012.png,deep,0.85,6,174,12,A,HYDROSHIP-M5-A,backscatter|blur|color|ripple,0.2766,1.0709,1.1551,79.5332,174.1527,0.3094,2.8386,2.1909,2.699,3.0641,1.0549,2.9547,5,2.3838,True,True,raw,HYDROSHIP-M5-A
deep/qr_A_m6_deep_013.png,deep,0.85,6,174,13,A,HYDROSHIP-M5-A,backscatter|blur|color|ripple,0.2825,1.0701,1.1471,75.8912,182.1927,0.3229,2.9627,2.3123,2.8391,2.9379,5.0577,5.4485,5,2.2065,False,False,fail,
deep/qr_A_m6_deep_014.png,deep,0.85,6,174,14,A,HYDROSHIP-M5-A,backscatter|blur|color|ripple,0.2894,1.1177,1.231,81.4723,172.4268,0.3086,2.6523,1.9861,2.491,3.2082,2.0032,2.8495,5,2.439,True,True,raw,HYDROSHIP-M5-A
deep/qr_A_m6_deep_015.png,deep,0.85,6,174,15,A,HYDROSHIP-M5-A,backscatter|blur|color|ripple,0.2807,1.0769,1.0718,81.1474,181.8972,0.3311,2.9039,2.2938,2.5501,3.2504,4.5566,2.9205,5,2.4324,True,True,raw,HYDROSHIP-M5-A
deep/qr_A_m6_deep_016.png,deep,0.85,6,174,16,A,HYDROSHIP-M5-A,backscatter|blur|color|ripple,0.2865,1.025,1.2416,75.6348,185.1412,0.2956,2.9795,2.2472,2.663,3.1507,5.5318,0.406,5,2.1666,False,True,clahe,HYDROSHIP-M5-A
deep/qr_A_m6_deep_017.png,deep,0.85,6,174,17,A,HYDROSHIP-M5-A,backscatter|blur|color|ripple,0.3044,0.9715,1.1338,75.6344,177.5271,0.2979,2.6084,2.0541,2.5897,3.3981,0.6218,5.2593,5,2.4136,False,True,clahe,HYDROSHIP-M5-A
deep/qr_A_m6_deep_018.png,deep,0.85,6,174,18,A,HYDROSHIP-M5-A,backscatter|blur|color|ripple,0.2982,1.0572,1.2075,73.652,161.4382,0.2948,2.5601,2.2949,2.5759,2.9731,2.7983,5.3409,5,2.2858,False,False,fail,
deep/qr_A_m6_deep_019.png,deep,0.85,6,174,19,A,HYDROSHIP-M5-A,backscatter|blur|color|ripple,0.2912,1.0781,1.1616,78.9742,176.4805,0.3239,2.7657,2.2054,2.8388,3.3299,3.7693,4.665,5,2.236,False,False,fail,
deep/qr_A_m6_deep_020.png,deep,0.85,6,174,20,A,HYDROSHIP-M5-A,backscatter|blur|color|ripple,0.2821,1.0935,1.1123,78.971,166.3889,0.3139,2.9514,2.1269,2.5885,3.0046,3.1105,0.0037,5,2.4407,False,True,upscale,HYDROSHIP-M5-A
deep/qr_A_m6_deep_021.png,deep,0.85,6,174,21,A,HYDROSHIP-M5-A,backscatter|blur|color|ripple,0.3063,1.0161,1.0676,79.5425,171.4903,0.3107,2.9349,2.0171,2.7883,3.1465,0.4186,2.1035,5,2.3083,False,True,cv2_fallback,HYDROSHIP-M5-A
deep/qr_A_m6_deep_022.png,deep,0.85,6,174,22,A,HYDROSHIP-M5-A,backscatter|blur|color|ripple,0.3083,1.1256,1.242,82.2904,176.9124,0.3037,2.6128,2.1263,2.5587,3.3874,2.7741,1.492,5,2.1474,False,False,fail,
deep/qr_A_m6_deep_023.png,deep,0.85,6,174,23,A,HYDROSHIP-M5-A,backscatter|blur|color|ripple,0.2757,1.0672,1.23,85.7296,176.6574,0.3172,2.9034,2.0399,2.5357,2.9859,3.6477,5.4535,5,2.238,False,False,fail,
deep/qr_A_m6_deep_024.png,deep,0.85,6,174,24,A,HYDROSHIP-M5-A,backscatter|blur|color|ripple,0.3069,1.0956,1.2098,81.6465,164.196,0.3,2.9662,2.0115,2.7671,3.3509,3.9866,4.512,5,2.2958,False,False,fail,
deep/qr_A_m6_deep_025.png,deep,0.85,6,174,25,A,HYDROSHIP-M5-A,backscatter|blur|color|ripple,0.2912,0.974,1.1453,76.8689,173.9559,0.3082,2.7283,2.0978,2.7275,3.2671,4.3892,2.247,5,2.2422,False,True,clahe,HYDROSHIP-M5-A
deep/qr_A_m6_deep_026.png,deep,0.85,6,174,26,A,HYDROSHIP-M5-A,backscatter|blur|color|ripple,0.2934,0.9652,1.1127,78.4752,181.4474,0.3069,2.8753,2.0702,2.804,3.0385,5.1439,0.7271,5,2.166,False,True,upscale,HYDROSHIP-M5-A
deep/qr_A_m6_deep_027.png,deep,0.85,6,174,27,A,HYDROSHIP-M5-A,backscatter|blur|color|ripple,0.2818,0.9636,1.0947,82.4576,168.429,0.2982,2.6216,2.3202,2.7582,2.9652,2.4435,3.8675,5,2.2812,True,True,raw,HYDROSHIP-M5-A
deep/qr_A_m6_deep_028.png,deep,0.85,6,174,28,A,HYDROSHIP-M5-A,backscatter|blur|color|ripple,0.3013,1.1077,1.1408,81.7182,167.1324,0.3357,2.5718,2.2616,2.6019,3.333,6.1489,1.2292,5,2.3888,False,False,fail,
deep/qr_A_m6_deep_029.png,deep,0.85,6,174,29,A,HYDROSHIP-M5-A,backscatter|blur|color|ripple,0.284,0.9746,1.2223,84.0064,161.3393,0.3259,2.6907,2.0079,2.602,3.2994,3.1389,4.5731,5,2.2051,True,True,raw,HYDROSHIP-M5-A
deep/qr_A_m6_deep_030.png,deep,0.85,6,174,30,A,HYDROSHIP-M5-A,backscatter|blur|color|ripple,0.3102,1.061,1.2194,83.5636,178.6957,0.3009,2.8496,2.2608,2.5328,2.9624,1.9324,2.2622,5,2.1935,False,True,upscale,HYDROSHIP-M5-A
deep/qr_A_m6_deep_031.png,deep,0.85,6,174,31,A,HYDROSHIP-M5-A,backscatter|blur|color|ripple,0.2948,1.0694,1.1096,77.846,181.635,0.295,2.7825,2.2002,2.7637,3.0538,3.3731,3.536,5,2.2815,False,True,upscale,HYDROSHIP-M5-A
deep/qr_A_m6_deep_032.png,deep,0.85,6,174,32,A,HYDROSHIP-M5-A,backscatter|blur|color|ripple,0.2767,0.9804,1.0927,74.7604,174.8155,0.2939,2.7172,2.0602,2.6959,2.9083,5.4442,1.5375,5,2.2711,False,True,clahe,HYDROSHIP-M5-A
deep/qr_A_m6_deep_033.png,deep,0.85,6,174,33,A,HYDROSHIP-M5-A,backscatter|blur|color|ripple,0.2799,1.0331,1.1398,81.2567,177.3772,0.3345,2.7547,2.2261,2.799,3.1888,1.467,0.7542,5,2.1763,False,False,fail,
deep/qr_A_m6_deep_034.png,deep,0.85,6,174,34,A,HYDROSHIP-M5-A,backscatter|blur|color|ripple,0.316,1.0212,1.2424,74.6318,182.16,0.3263,2.8846,2.1608,2.8245,2.9773,5.5562,2.3445,5,2.2377,False,False,fail,
deep/qr_A_m6_deep_035.png,deep,0.85,6,174,35,A,HYDROSHIP-M5-A,backscatter|blur|color|ripple,0.2926,0.969,1.213,78.9649,186.3563,0.2976,2.8427,2.0288,2.8911,3.403,2.2149,5.18,5,2.3654,True,True,raw,HYDROSHIP-M5-A
deep/qr_A_m6_deep_036.png,deep,0.85,6,174,36,A,HYDROSHIP-M5-A,backscatter|blur|color|ripple,0.305,1.0454,1.2199,77.9026,170.1339,0.3036,2.5616,2.0447,2.6606,3.3644,2.0749,2.3143,5,2.394,True,True,raw,HYDROSHIP-M5-A
deep/qr_A_m6_deep_037.png,deep,0.85,6,174,37,A,HYDROSHIP-M5-A,backscatter|blur|color|ripple,0.3171,1.0197,1.0653,83.037,167.4307,0.3276,2.8215,2.304,2.6239,3.3445,1.3606,0.2315,5,2.1322,True,True,raw,HYDROSHIP-M5-A
deep/qr_A_m6_deep_038.png,deep,0.85,6,174,38,A,HYDROSHIP-M5-A,backscatter|blur|color|ripple,0.3009,1.0225,1.1806,75.1872,170.7949,0.3124,2.7694,2.0541,2.4981,3.0644,2.5075,1.4769,5,2.3191,False,False,fail,
deep/qr_A_m6_deep_039.png,deep,0.85,6,174,39,A,HYDROSHIP-M5-A,backscatter|blur|color|ripple,0.2945,1.0508,1.1872,73.966,177.1152,0.3359,2.5602,2.0961,2.5547,3.3131,4.5541,2.8516,5,2.3577,True,True,raw,HYDROSHIP-M5-A
deep/qr_A_m6_deep_040.png,deep,0.85,6,174,40,A,HYDROSHIP-M5-A,backscatter|blur|color|ripple,0.2765,1.1241,1.2214,85.1233,162.3328,0.2912,2.9301,2.1226,2.8067,2.956,5.543,1.9268,5,2.4005,False,False,fail,
deep/qr_A_m6_deep_041.png,deep,0.85,6,174,41,A,HYDROSHIP-M5-A,backscatter|blur|color|ripple,0.2837,1.0717,1.1859,81.822,187.4356,0.2952,2.6522,2.1199,2.8218,2.9955,5.161,3.6567,5,2.4521,False,False,fail,
deep/qr_A_m6_deep_042.png,deep,0.85,6,174,42,A,HYDROSHIP-M5-A,backscatter|blur|color|ripple,0.2879,1.0728,1.1957,84.62,166.9916,0.2905,2.8235,2.1995,2.7157,3.1136,3.8051,4.3558,5,2.3492,False,False,fail,
deep/qr_A_m6_deep_043.png,deep,0.85,6,174,43,A,HYDROSHIP-M5-A,backscatter|blur|color|ripple,0.3156,0.9677,1.2413,84.0192,173.2034,0.3292,2.7754,2.0938,2.5188,3.1149,0.6843,2.7318,5,2.3093,False,True,upscale,HYDROSHIP-M5-A
deep/qr_A_m6_deep_044.png,deep,0.85,6,174,44,A,HYDROSHIP-M5-A,backscatter|blur|color|ripple,0.2807,1.0963,1.0798,84.5522,168.9548,0.3214,2.6008,2.2688,2.897,3.0662,5.7468,0.7911,5,2.1733,True,True,raw,HYDROSHIP-M5-A
deep/qr_A_m6_deep_045.png,deep,0.85,6,174,45,A,HYDROSHIP-M5-A,backscatter|blur|color|ripple,0.2994,0.9843,1.0642,83.8198,186.6512,0.3002,2.7785,2.23,2.5747,3.3741,4.7457,0.5256,5,2.1577,False,False,fail,
deep/qr_A_m6_deep_046.png,deep,0.85,6,174,46,A,HYDROSHIP-M5-A,backscatter|blur|color|ripple,0.296,1.0291,1.2006,77.567,178.876,0.3142,2.9571,2.14,2.6545,3.3572,4.2562,3.686,5,2.3173,False,False,fail,
deep/qr_A_m6_deep_047.png,deep,0.85,6,174,47,A,HYDROSHIP-M5-A,backscatter|blur|color|ripple,0.2907,1.0844,1.0994,84.354,164.833,0.3083,2.5643,2.0044,2.852,3.3091,0.0798,2.6259,5,2.4567,False,False,fail,
deep/qr_A_m6_deep_048.png,deep,0.85,6,174,48,A,HYDROSHIP-M5-A,backscatter|blur|color|ripple,0.3119,1.0454,1.2305,79.3563,186.2322,0.2965,2.7811,2.1534,2.9095,3.3106,3.7989,2.7358,5,2.3894,False,True,clahe,HYDROSHIP-M5-A
deep/qr_A_m6_deep_049.png,deep,0.85,6,174,49,A,HYDROSHIP-M5-A,backscatter|blur|color|ripple,0.2776,1.0449,1.1482,85.3343,187.1274,0.3364,2.7803,2.1365,2.5204,3.1447,4.4067,4.8063,5,2.3412,False,True,cv2_fallback,HYDROSHIP-M5-A
deep/qr_A_m6_deep_050.png,deep,0.85,6,174,50,A,HYDROSHIP-M5-A,backscatter|blur|color|ripple,0.2976,1.0914,1.1795,82.356,162.8048,0.3222,2.9016,2.3113,2.5408,3.1093,2.727,4.9956,5,2.1465,False,False,fail,
deep/qr_A_m6_deep_051.png,deep,0.85,6,174,51,A,HYDROSHIP-M5-A,backscatter|blur|color|ripple,0.318,0.9704,1.1295,80.2307,185.8504,0.3361,2.9367,2.2182,2.7309,3.0375,6.0101,1.3682,5,2.4306,False,False,fail,
deep/qr_A_m6_deep_052.png,deep,0.85,6,174,52,A,HYDROSHIP-M5-A,backscatter|blur|color|ripple,0.2807,0.9955,1.0638,77.5315,178.1227,0.2945,2.8241,2.02,2.8377,3.0563,0.3236,2.9419,5,2.21,False,True,upscale,HYDROSHIP-M5-A
deep/qr_A_m6_deep_053.png,deep,0.85,6,174,53,A,HYDROSHIP-M5-A,backscatter|blur|color|ripple,0.2885,1.0524,1.0848,80.4298,176.8991,0.3215,2.7649,2.0316,2.9033,2.9735,5.9834,5.1632,5,2.2376,False,False,fail,
deep/qr_A_m6_deep_054.png,deep,0.85,6,174,54,A,HYDROSHIP-M5-A,backscatter|blur|color|ripple,0.3018,1.0666,1.0724,83.2899,185.7433,0.3327,2.5878,2.3271,2.6341,3.1264,6.1246,1.4614,5,2.411,False,False,fail,
deep/qr_A_m6_deep_055.png,deep,0.85,6,174,55,A,HYDROSHIP-M5-A,backscatter|blur|color|ripple,0.3206,0.9602,1.0615,83.4158,171.3584,0.3195,2.8088,2.2192,2.8908,3.1898,5.0239,3.9933,5,2.2025,False,False,fail,
deep/qr_A_m6_deep_056.png,deep,0.85,6,174,56,A,HYDROSHIP-M5-A,backscatter|blur|color|ripple,0.3139,0.9855,1.1416,77.7397,175.5214,0.2905,2.9708,2.1894,2.6209,3.1953,2.122,0.2273,5,2.3837,False,True,clahe,HYDROSHIP-M5-A
deep/qr_A_m6_deep_057.png,deep,0.85,6,174,57,A,HYDROSHIP-M5-A,backscatter|blur|color|ripple,0.313,1.0288,1.1963,77.6635,169.9577,0.29,2.8668,2.1834,2.8995,3.0974,6.0412,1.9535,5,2.4405,False,False,fail,
deep/qr_A_m6_deep_058.png,deep,0.85,6,174,58,A,HYDROSHIP-M5-A,backscatter|blur|color|ripple,0.3208,1.0321,1.2177,78.8051,161.1888,0.3227,2.9237,2.2955,2.6294,2.9628,4.9388,1.7703,5,2.1267,False,False,fail,
deep/qr_A_m6_deep_059.png,deep,0.85,6,174,59,A,HYDROSHIP-M5-A,backscatter|blur|color|ripple,0.3109,1.0254,1.1132,79.7135,188.3623,0.3171,2.7489,2.3185,2.589,2.9336,3.7701,3.1103,5,2.1436,False,False,fail,
deep/qr_A_m6_deep_060.png,deep,0.85,6,174,60,A,HYDROSHIP-M5-A,backscatter|blur|color|ripple,0.2913,1.0288,1.0837,83.0032,171.0349,0.3121,2.9385,2.1752,2.7629,3.2984,4.0993,0.1387,5,2.3318,True,True,raw,HYDROSHIP-M5-A
deep/qr_A_m6_deep_061.png,deep,0.85,6,174,61,A,HYDROSHIP-M5-A,backscatter|blur|color|ripple,0.2829,1.067,1.0666,77.6891,182.3828,0.318,2.8912,2.1042,2.5291,2.9879,2.2094,4.0426,5,2.1413,True,True,raw,HYDROSHIP-M5-A
deep/qr_A_m6_deep_062.png,deep,0.85,6,174,62,A,HYDROSHIP-M5-A,backscatter|blur|color|ripple,0.3036,1.0973,1.0753,79.0898,175.3141,0.2881,2.8565,2.1528,2.6579,3.0437,2.1734,0.3301,5,2.2351,True,True,raw,HYDROSHIP-M5-A
deep/qr_A_m6_deep_063.png,deep,0.85,6,174,63,A,HYDROSHIP-M5-A,backscatter|blur|color|ripple,0.3121,0.9679,1.2116,81.5367,185.3601,0.2892,2.9616,2.1268,2.6471,3.0427,4.8658,6.2635,5,2.3054,True,True,raw,HYDROSHIP-M5-A
deep/qr_A_m6_deep_064.png,deep,0.85,6,174,64,A,HYDROSHIP-M5-A,backscatter|blur|color|ripple,0.2764,1.0125,1.0892,82.8216,161.9671,0.3347,2.8516,2.0482,2.6579,3.3339,0.4843,3.0803,5,2.3903,False,True,upscale,HYDROSHIP-M5-A
deep/qr_A_m6_deep_065.png,deep,0.85,6,174,65,A,HYDROSHIP-M5-A,backscatter|blur|color|ripple,0.2955,0.9738,1.1799,83.7904,175.2649,0.3318,2.7985,2.052,2.7146,3.0391,3.5859,0.0466,5,2.3498,True,True,raw,HYDROSHIP-M5-A
deep/qr_A_m6_deep_066.png,deep,0.85,6,174,66,A,HYDROSHIP-M5-A,backscatter|blur|color|ripple,0.2771,1.108,1.0612,82.2135,174.7541,0.3047,2.7043,2.0948,2.7146,3.2167,4.9327,4.2504,5,2.2267,False,False,fail,
deep/qr_A_m6_deep_067.png,deep,0.85,6,174,67,A,HYDROSHIP-M5-A,backscatter|blur|color|ripple,0.2956,1.1042,1.1432,81.521,172.588,0.3101,2.75,2.1326,2.6518,3.1143,2.0636,2.6974,5,2.1433,True,True,raw,HYDROSHIP-M5-A
deep/qr_A_m6_deep_068.png,deep,0.85,6,174,68,A,HYDROSHIP-M5-A,backscatter|blur|color|ripple,0.3118,1.0516,1.1295,73.2014,166.3296,0.2923,2.8494,2.1882,2.6344,3.0347,0.686,4.0222,5,2.1556,False,False,fail,
deep/qr_A_m6_deep_069.png,deep,0.85,6,174,69,A,HYDROSHIP-M5-A,backscatter|blur|color|ripple,0.2899,0.9668,1.0957,84.4817,182.8074,0.3169,2.8884,2.1956,2.9083,2.9035,0.648,4.7802,5,2.2359,False,False,fail,
deep/qr_A_m6_deep_070.png,deep,0.85,6,174,70,A,HYDROSHIP-M5-A,backscatter|blur|color|ripple,0.2814,0.9937,1.1769,76.8321,163.8393,0.2928,2.5797,2.2311,2.5966,3.1362,3.7625,2.4915,5,2.2781,False,False,fail,
deep/qr_A_m6_deep_071.png,deep,0.85,6,174,71,A,HYDROSHIP-M5-A,backscatter|blur|color|ripple,0.3115,1.0719,1.1069,85.4072,173.2587,0.2879,2.8417,2.2133,2.5292,3.1852,0.6811,0.7455,5,2.4609,False,False,fail,
deep/qr_A_m6_deep_072.png,deep,0.85,6,174,72,A,HYDROSHIP-M5-A,backscatter|blur|color|ripple,0.2938,0.9874,1.2173,75.9337,166.5508,0.3171,2.8449,2.2482,2.7723,3.3376,1.4708,0.9183,5,2.2856,False,False,fail,
deep/qr_A_m6_deep_073.png,deep,0.85,6,174,73,A,HYDROSHIP-M5-A,backscatter|blur|color|ripple,0.304,1.0417,1.0807,83.2902,163.3367,0.3066,2.656,2.0336,2.5981,3.2033,2.9887,2.4145,5,2.2372,True,True,raw,HYDROSHIP-M5-A
deep/qr_A_m6_deep_074.png,deep,0.85,6,174,74,A,HYDROSHIP-M5-A,backscatter|blur|color|ripple,0.3033,0.9942,1.235,74.6619,184.7118,0.3205,2.7413,2.3057,2.6405,3.202,2.7773,0.6486,5,2.3208,False,False,fail,
deep/qr_A_m6_deep_075.png,deep,0.85,6,174,75,A,HYDROSHIP-M5-A,backscatter|blur|color|ripple,0.2772,1.1176,1.1066,74.3168,163.4947,0.329,2.8792,2.2034,2.8307,2.9292,2.7746,1.2546,5,2.1993,False,True,upscale,HYDROSHIP-M5-A
deep/qr_A_m6_deep_076.png,deep,0.85,6,174,76,A,HYDROSHIP-M5-A,backscatter|blur|color|ripple,0.3021,1.0899,1.1622,79.8127,173.3094,0.3074,2.6195,2.288,2.6032,2.9513,0.7082,1.6636,5,2.1032,False,False,fail,
deep/qr_A_m6_deep_077.png,deep,0.85,6,174,77,A,HYDROSHIP-M5-A,backscatter|blur|color|ripple,0.3153,1.0331,1.2183,75.2047,179.5854,0.3295,2.5912,2.2917,2.8462,3.3606,3.2875,5.6279,5,2.1506,True,True,raw,HYDROSHIP-M5-A
deep/qr_A_m6_deep_078.png,deep,0.85,6,174,78,A,HYDROSHIP-M5-A,backscatter|blur|color|ripple,0.3032,1.0432,1.2178,73.3548,177.6903,0.3062,2.9077,2.0473,2.7785,3.068,3.4435,1.5867,5,2.2044,False,False,fail,
deep/qr_A_m6_deep_079.png,deep,0.85,6,174,79,A,HYDROSHIP-M5-A,backscatter|blur|color|ripple,0.2886,1.1175,1.2243,78.824,174.7109,0.3347,2.5948,2.2869,2.9071,2.9524,3.1866,3.4325,5,2.2706,False,True,upscale,HYDROSHIP-M5-A
deep/qr_A_m6_deep_080.png,deep,0.85,6,174,80,A,HYDROSHIP-M5-A,backscatter|blur|color|ripple,0.3117,0.9857,1.1695,79.9767,181.8679,0.3266,2.7412,2.1364,2.5447,3.1818,0.299,2.6793,5,2.3613,True,True,raw,HYDROSHIP-M5-A
deep/qr_A_m6_deep_081.png,deep,0.85,6,174,81,A,HYDROSHIP-M5-A,backscatter|blur|color|ripple,0.3163,1.0353,1.0987,74.5656,179.5816,0.3341,2.8972,2.2275,2.8213,3.1587,0.6836,4.339,5,2.3614,False,False,fail,
deep/qr_A_m6_deep_082.png,deep,0.85,6,174,82,A,HYDROSHIP-M5-A,backscatter|blur|color|ripple,0.2852,1.0808,1.1079,82.441,167.8566,0.3359,2.9175,2.0877,2.5605,3.2105,2.6177,2.1262,5,2.2701,False,True,upscale,HYDROSHIP-M5-A
deep/qr_A_m6_deep_083.png,deep,0.85,6,174,83,A,HYDROSHIP-M5-A,backscatter|blur|color|ripple,0.2936,0.9978,1.1681,78.8674,161.4709,0.2901,2.5938,2.0287,2.6723,2.9934,1.3928,3.0559,5,2.3769,True,True,raw,HYDROSHIP-M5-A
shallow/qr_A_m8_shallow_000.png,shallow,0.25,8,232,0,A,HYDROSHIP-M5-A,backscatter|blur|color|ripple,0.6929,1.0851,0.9648,27.8891,212.6223,0.114,0.9527,0.8266,1.5877,1.8431,1.3646,3.8936,3,1.0036,True,True,raw,HYDROSHIP-M5-A
shallow/qr_A_m8_shallow_001.png,shallow,0.25,8,232,1,A,HYDROSHIP-M5-A,backscatter|blur|color|ripple,0.6784,1.0846,1.0276,29.5796,213.4179,0.1114,1.0286,0.778,1.3835,1.7581,2.9974,5.1501,3,0.9886,True,True,raw,HYDROSHIP-M5-A
shallow/qr_A_m8_shallow_002.png,shallow,0.25,8,232,2,A,HYDROSHIP-M5-A,backscatter|blur|color|ripple,0.7126,0.995,1.0062,29.872,237.7859,0.1253,1.0012,0.7336,1.564,1.9082,1.2201,4.6558,3,1.0383,True,True,raw,HYDROSHIP-M5-A
shallow/qr_A_m8_shallow_003.png,shallow,0.25,8,232,3,A,HYDROSHIP-M5-A,backscatter|blur|color|ripple,0.6867,1.0138,0.989,28.9913,237.4622,0.1245,1.0305,0.761,1.4085,1.6843,5.1475,1.9937,3,1.0327,True,True,raw,HYDROSHIP-M5-A
shallow/qr_A_m8_shallow_004.png,shallow,0.25,8,232,4,A,HYDROSHIP-M5-A,backscatter|blur|color|ripple,0.7005,0.9553,1.0615,31.1735,215.8079,0.121,0.9438,0.8001,1.6187,1.7764,2.1975,0.7516,3,1.0456,True,True,raw,HYDROSHIP-M5-A
shallow/qr_A_m8_shallow_005.png,shallow,0.25,8,232,5,A,HYDROSHIP-M5-A,backscatter|blur|color|ripple,0.718,0.9336,1.0336,27.7518,209.3557,0.1149,1.0561,0.7796,1.5158,1.6717,3.4551,4.2134,3,0.9542,True,True,raw,HYDROSHIP-M5-A
shallow/qr_A_m8_shallow_006.png,shallow,0.25,8,232,6,A,HYDROSHIP-M5-A,backscatter|blur|color|ripple,0.7238,1.0101,1.0389,29.1742,240.0105,0.1144,1.013,0.7238,1.3955,1.7971,2.6549,5.0855,3,0.9903,True,True,raw,HYDROSHIP-M5-A
shallow/qr_A_m8_shallow_007.png,shallow,0.25,8,232,7,A,HYDROSHIP-M5-A,backscatter|blur|color|ripple,0.647,1.024,1.0565,27.6067,219.7201,0.1211,1.0275,0.7455,1.4709,1.7027,1.8882,3.5587,3,1.0863,True,True,raw,HYDROSHIP-M5-A
shallow/qr_A_m8_shallow_008.png,shallow,0.25,8,232,8,A,HYDROSHIP-M5-A,backscatter|blur|color|ripple,0.6848,1.0364,1.1256,28.4666,228.2133,0.121,0.972,0.7201,1.5581,1.654,1.2632,2.0204,3,0.959,True,True,raw,HYDROSHIP-M5-A
shallow/qr_A_m8_shallow_009.png,shallow,0.25,8,232,9,A,HYDROSHIP-M5-A,backscatter|blur|color|ripple,0.6853,0.9377,0.9656,30.6606,243.9706,0.1149,1.0608,0.8309,1.5231,1.6431,2.3519,2.8269,3,1.1026,True,True,raw,HYDROSHIP-M5-A
shallow/qr_A_m8_shallow_010.png,shallow,0.25,8,232,10,A,HYDROSHIP-M5-A,backscatter|blur|color|ripple,0.6544,0.9651,1.0584,29.5401,240.3539,0.1183,0.992,0.7524,1.3993,1.7045,2.7108,3.6035,3,0.9996,True,True,raw,HYDROSHIP-M5-A
shallow/qr_A_m8_shallow_011.png,shallow,0.25,8,232,11,A,HYDROSHIP-M5-A,backscatter|blur|color|ripple,0.6861,1.0821,0.9799,28.2199,223.8156,0.1109,0.9906,0.7813,1.6058,1.6991,3.2319,4.8052,3,0.9491,True,True,raw,HYDROSHIP-M5-A
shallow/qr_A_m8_shallow_012.png,shallow,0.25,8,232,12,A,HYDROSHIP-M5-A,backscatter|blur|color|ripple,0.6367,0.9394,1.1115,28.9942,236.5085,0.1178,1.0047,0.8184,1.5871,1.716,5.8429,6.2176,3,0.9633,True,True,raw,HYDROSHIP-M5-A
shallow/qr_A_m8_shallow_013.png,shallow,0.25,8,232,13,A,HYDROSHIP-M5-A,backscatter|blur|color|ripple,0.6487,1.0473,1.0543,28.1113,214.4616,0.1168,0.9871,0.7904,1.5191,1.8368,1.2495,5.4207,3,0.9605,True,True,raw,HYDROSHIP-M5-A
shallow/qr_A_m8_shallow_014.png,shallow,0.25,8,232,14,A,HYDROSHIP-M5-A,backscatter|blur|color|ripple,0.647,1.0065,0.9667,26.6913,230.9644,0.1178,1.0661,0.7606,1.5522,1.6856,3.2101,5.1641,3,1.0678,True,True,raw,HYDROSHIP-M5-A
shallow/qr_A_m8_shallow_015.png,shallow,0.25,8,232,15,A,HYDROSHIP-M5-A,backscatter|blur|color|ripple,0.6724,0.9819,1.0224,29.9247,242.8657,0.1263,1.002,0.8221,1.4069,1.7602,6.2239,3.8752,3,1.0742,True,True,raw,HYDROSHIP-M5-A
shallow/qr_A_m8_shallow_016.png,shallow,0.25,8,232,16,A,HYDROSHIP-M5-A,backscatter|blur|color|ripple,0.7199,0.9697,1.1065,28.7562,235.7802,0.1247,0.9832,0.7632,1.4426,1.8179,5.3426,2.6881,3,0.9967,True,True,raw,HYDROSHIP-M5-A
shallow/qr_A_m8_shallow_017.png,shallow,0.25,8,232,17,A,HYDROSHIP-M5-A,backscatter|blur|color|ripple,0.7282,1.0489,0.9868,29.483,219.9091,0.1294,1.0009,0.7955,1.393,1.8433,4.9758,0.1467,3,1.0053,True,True,raw,HYDROSHIP-M5-A
shallow/qr_A_m8_shallow_018.png,shallow,0.25,8,232,18,A,HYDROSHIP-M5-A,backscatter|blur|color|ripple,0.6978,0.9827,1.084,29.2025,231.7198,0.1192,0.9899,0.7587,1.6142,1.7401,5.8314,1.8213,3,1.097,True,True,raw,HYDROSHIP-M5-A
shallow/qr_A_m8_shallow_019.png,shallow,0.25,8,232,19,A,HYDROSHIP-M5-A,backscatter|blur|color|ripple,0.7067,1.0105,0.9755,28.1674,210.462,0.1201,1.0411,0.7755,1.5687,1.6447,4.8259,5.7767,3,0.9653,True,True,raw,HYDROSHIP-M5-A
shallow/qr_A_m8_shallow_020.png,shallow,0.25,8,232,20,A,HYDROSHIP-M5-A,backscatter|blur|color|ripple,0.6886,1.0099,1.0397,27.2519,230.7192,0.1184,0.962,0.7776,1.4303,1.7574,1.5092,0.7611,3,1.0622,True,True,raw,HYDROSHIP-M5-A
shallow/qr_A_m8_shallow_021.png,shallow,0.25,8,232,21,A,HYDROSHIP-M5-A,backscatter|blur|color|ripple,0.7326,0.988,1.0539,29.6086,218.7628,0.1106,1.0783,0.7404,1.4339,1.6754,4.0716,2.4748,3,1.024,True,True,raw,HYDROSHIP-M5-A
shallow/qr_A_m8_shallow_022.png,shallow,0.25,8,232,22,A,HYDROSHIP-M5-A,backscatter|blur|color|ripple,0.6479,1.0642,0.9698,27.2753,216.704,0.1151,1.0228,0.768,1.5769,1.7028,3.6455,3.5382,3,1.0499,True,True,raw,HYDROSHIP-M5-A
shallow/qr_A_m8_shallow_023.png,shallow,0.25,8,232,23,A,HYDROSHIP-M5-A,backscatter|blur|color|ripple,0.7184,0.9789,1.0681,30.2736,231.3622,0.1228,0.9431,0.7191,1.5892,1.7735,0.5361,0.764,3,0.9718,True,True,raw,HYDROSHIP-M5-A
shallow/qr_A_m8_shallow_024.png,shallow,0.25,8,232,24,A,HYDROSHIP-M5-A,backscatter|blur|color|ripple,0.7133,0.9438,1.049,30.7851,220.6479,0.1271,1.0243,0.7802,1.4927,1.6745,0.3389,3.6228,3,1.0644,True,True,raw,HYDROSHIP-M5-A
shallow/qr_A_m8_shallow_025.png,shallow,0.25,8,232,25,A,HYDROSHIP-M5-A,backscatter|blur|color|ripple,0.7397,1.0156,1.1088,27.8684,229.7039,0.1183,1.0061,0.7427,1.4431,1.7599,4.3736,1.8307,3,0.9804,True,True,raw,HYDROSHIP-M5-A
shallow/qr_A_m8_shallow_026.png,shallow,0.25,8,232,26,A,HYDROSHIP-M5-A,backscatter|blur|color|ripple,0.6505,0.9984,0.9704,26.762,223.8511,0.1238,0.9731,0.797,1.4778,1.8672,4.9508,3.043,3,1.0574,True,True,raw,HYDROSHIP-M5-A
shallow/qr_A_m8_shallow_027.png,shallow,0.25,8,232,27,A,HYDROSHIP-M5-A,backscatter|blur|color|ripple,0.6797,0.9612,1.075,31.2968,233.7746,0.1179,1.0582,0.7385,1.4644,1.8787,0.6895,3.0321,3,0.9705,True,True,raw,HYDROSHIP-M5-A
shallow/qr_A_m8_shallow_028.png,shallow,0.25,8,232,28,A,HYDROSHIP-M5-A,backscatter|blur|color|ripple,0.6672,0.9521,0.9667,29.6334,235.717,0.1247,0.9538,0.8358,1.3857,1.7347,1.2563,0.786,3,1.0237,True,True,raw,HYDROSHIP-M5-A
shallow/qr_A_m8_shallow_029.png,shallow,0.25,8,232,29,A,HYDROSHIP-M5-A,backscatter|blur|color|ripple,0.6509,0.9441,0.9634,31.0754,230.6115,0.1235,1.0991,0.7956,1.5523,1.7621,4.282,0.8782,3,0.9431,True,True,raw,HYDROSHIP-M5-A
shallow/qr_A_m8_shallow_030.png,shallow,0.25,8,232,30,A,HYDROSHIP-M5-A,backscatter|blur|color|ripple,0.6724,0.9632,1.0458,28.4433,225.4183,0.1256,1.0979,0.7238,1.5367,1.6648,1.7968,0.5822,3,1.0042,True,True,raw,HYDROSHIP-M5-A
shallow/qr_A_m8_shallow_031.png,shallow,0.25,8,232,31,A,HYDROSHIP-M5-A,backscatter|blur|color|ripple,0.7027,1.0089,0.9658,28.5608,231.5542,0.1258,0.9581,0.7422,1.3816,1.8594,6.2645,3.4696,3,1.1009,True,True,raw,HYDROSHIP-M5-A
shallow/qr_A_m8_shallow_032.png,shallow,0.25,8,232,32,A,HYDROSHIP-M5-A,backscatter|blur|color|ripple,0.6783,0.9902,1.0771,30.559,221.2866,0.1204,0.9799,0.7755,1.4938,1.8984,0.0893,3.221,3,1.0151,True,True,raw,HYDROSHIP-M5-A
shallow/qr_A_m8_shallow_033.png,shallow,0.25,8,232,33,A,HYDROSHIP-M5-A,backscatter|blur|color|ripple,0.692,1.0394,1.1201,28.9666,224.3904,0.114,1.0621,0.7642,1.554,1.9093,3.0254,5.999,3,1.0578,True,True,raw,HYDROSHIP-M5-A
shallow/qr_A_m8_shallow_034.png,shallow,0.25,8,232,34,A,HYDROSHIP-M5-A,backscatter|blur|color|ripple,0.6898,1.066,1.0097,28.1542,209.0561,0.1154,1.0236,0.7172,1.4955,1.6922,2.1724,2.7412,3,1.0412,True,True,raw,HYDROSHIP-M5-A
shallow/qr_A_m8_shallow_035.png,shallow,0.25,8,232,35,A,HYDROSHIP-M5-A,backscatter|blur|color|ripple,0.6934,1.0054,1.0361,30.6672,234.0234,0.1138,1.0898,0.7772,1.4307,1.7465,3.717,6.2578,3,1.0358,True,True,raw,HYDROSHIP-M5-A
shallow/qr_A_m8_shallow_036.png,shallow,0.25,8,232,36,A,HYDROSHIP-M5-A,backscatter|blur|color|ripple,0.7024,0.9631,1.0277,27.3769,225.529,0.1123,0.9801,0.7619,1.3977,1.7525,3.007,0.1063,3,0.9497,True,True,raw,HYDROSHIP-M5-A
shallow/qr_A_m8_shallow_037.png,shallow,0.25,8,232,37,A,HYDROSHIP-M5-A,backscatter|blur|color|ripple,0.7304,1.0389,0.9685,27.5974,214.8188,0.1117,1.1023,0.7981,1.3936,1.7736,4.2883,5.9525,3,1.0813,True,True,raw,HYDROSHIP-M5-A
shallow/qr_A_m8_shallow_038.png,shallow,0.25,8,232,38,A,HYDROSHIP-M5-A,backscatter|blur|color|ripple,0.6798,1.085,1.1116,27.5168,235.1023,0.1189,1.0146,0.8352,1.5361,1.6908,0.4605,3.3098,3,0.9661,True,True,raw,HYDROSHIP-M5-A
shallow/qr_A_m8_shallow_039.png,shallow,0.25,8,232,39,A,HYDROSHIP-M5-A,backscatter|blur|color|ripple,0.7246,1.0445,1.119,30.5198,213.247,0.1196,1.042,0.8081,1.4932,1.8123,5.4512,5.3424,3,1.0,True,True,raw,HYDROSHIP-M5-A
shallow/qr_A_m8_shallow_040.png,shallow,0.25,8,232,40,A,HYDROSHIP-M5-A,backscatter|blur|color|ripple,0.7013,0.9806,0.9925,28.3177,212.3752,0.1282,1.0039,0.7702,1.602,1.7018,4.3858,5.3438,3,1.0689,True,True,raw,HYDROSHIP-M5-A
shallow/qr_A_m8_shallow_041.png,shallow,0.25,8,232,41,A,HYDROSHIP-M5-A,backscatter|blur|color|ripple,0.7002,0.964,1.04,28.486,221.6696,0.116,1.0324,0.8034,1.5816,1.8695,1.7998,4.7331,3,1.0255,True,True,raw,HYDROSHIP-M5-A
shallow/qr_A_m8_shallow_042.png,shallow,0.25,8,232,42,A,HYDROSHIP-M5-A,backscatter|blur|color|ripple,0.699,1.0743,1.0066,27.2279,215.8504,0.1203,0.9592,0.7624,1.5825,1.874,1.996,5.2193,3,1.0147,True,True,raw,HYDROSHIP-M5-A
shallow/qr_A_m8_shallow_043.png,shallow,0.25,8,232,43,A,HYDROSHIP-M5-A,backscatter|blur|color|ripple,0.7413,1.0566,1.0114,28.7966,225.7054,0.1222,1.044,0.8347,1.5688,1.646,1.9656,2.0904,3,1.0859,True,True,raw,HYDROSHIP-M5-A
shallow/qr_A_m8_shallow_044.png,shallow,0.25,8,232,44,A,HYDROSHIP-M5-A,backscatter|blur|color|ripple,0.6902,1.0572,1.0927,30.5914,225.6144,0.1166,1.0501,0.7854,1.5856,1.7307,0.5468,0.7303,3,0.9816,True,True,raw,HYDROSHIP-M5-A
shallow/qr_A_m8_shallow_045.png,shallow,0.25,8,232,45,A,HYDROSHIP-M5-A,backscatter|blur|color|ripple,0.6644,1.0292,1.0914,27.4082,217.737,0.1266,1.0035,0.771,1.4339,1.6692,2.2265,5.2409,3,1.0338,True,True,raw,HYDROSHIP-M5-A
shallow/qr_A_m8_shallow_046.png,shallow,0.25,8,232,46,A,HYDROSHIP-M5-A,backscatter|blur|color|ripple,0.7347,0.9747,0.9778,28.8678,235.5058,0.1182,0.9893,0.7718,1.4593,1.8868,4.3797,5.1726,3,1.0457,True,True,raw,HYDROSHIP-M5-A
shallow/qr_A_m8_shallow_047.png,shallow,0.25,8,232,47,A,HYDROSHIP-M5-A,backscatter|blur|color|ripple,0.702,0.9652,0.9778,27.1147,237.8843,0.1224,1.0937,0.7583,1.4712,1.7902,3.8892,1.6097,3,0.9583,True,True,raw,HYDROSHIP-M5-A
shallow/qr_A_m8_shallow_048.png,shallow,0.25,8,232,48,A,HYDROSHIP-M5-A,backscatter|blur|color|ripple,0.7408,0.9791,1.0698,31.1049,223.0424,0.124,1.1037,0.7469,1.5026,1.7079,3.0843,3.3002,3,0.9839,True,True,raw,HYDROSHIP-M5-A
shallow/qr_A_m8_shallow_049.png,shallow,0.25,8,232,49,A,HYDROSHIP-M5-A,backscatter|blur|color|ripple,0.7292,0.9613,1.0352,28.56,243.2048,0.1181,1.0546,0.7617,1.3927,1.6802,0.3478,1.9434,3,1.0994,True,True,raw,HYDROSHIP-M5-A
shallow/qr_A_m8_shallow_050.png,shallow,0.25,8,232,50,A,HYDROSHIP-M5-A,backscatter|blur|color|ripple,0.6335,1.053,1.0446,26.789,218.2444,0.1263,1.0918,0.7259,1.3803,1.6333,1.5762,2.7958,3,1.1069,True,True,raw,HYDROSHIP-M5-A
shallow/qr_A_m8_shallow_051.png,shallow,0.25,8,232,51,A,HYDROSHIP-M5-A,backscatter|blur|color|ripple,0.6819,0.9945,0.971,29.0832,239.885,0.1214,0.9716,0.7842,1.5123,1.8067,5.1533,1.2601,3,1.037,True,True,raw,HYDROSHIP-M5-A
shallow/qr_A_m8_shallow_052.png,shallow,0.25,8,232,52,A,HYDROSHIP-M5-A,backscatter|blur|color|ripple,0.6578,0.9814,1.0158,28.2544,236.9273,0.1181,1.0825,0.7519,1.5759,1.7115,2.5537,2.6339,3,0.9634,True,True,raw,HYDROSHIP-M5-A
shallow/qr_A_m8_shallow_053.png,shallow,0.25,8,232,53,A,HYDROSHIP-M5-A,backscatter|blur|color|ripple,0.7015,1.0692,0.9974,29.1763,215.6121,0.1255,1.0853,0.7638,1.4454,1.8749,1.2932,0.229,3,1.0612,True,True,raw,HYDROSHIP-M5-A
shallow/qr_A_m8_shallow_054.png,shallow,0.25,8,232,54,A,HYDROSHIP-M5-A,backscatter|blur|color|ripple,0.7128,0.9683,1.1137,26.6938,227.0545,0.1163,0.985,0.8044,1.4612,1.8897,1.4101,1.0349,3,0.9798,True,True,raw,HYDROSHIP-M5-A
shallow/qr_A_m8_shallow_055.png,shallow,0.25,8,232,55,A,HYDROSHIP-M5-A,backscatter|blur|color|ripple,0.6564,1.0035,0.9665,30.2118,216.1551,0.1219,0.9545,0.7273,1.5456,1.6483,4.9199,2.118,3,1.0429,True,True,raw,HYDROSHIP-M5-A
shallow/qr_A_m8_shallow_056.png,shallow,0.25,8,232,56,A,HYDROSHIP-M5-A,backscatter|blur|color|ripple,0.6754,1.0307,1.0485,30.6743,233.1119,0.1254,0.9933,0.7852,1.4559,1.8942,4.2516,5.2261,3,1.0598,True,True,raw,HYDROSHIP-M5-A
shallow/qr_A_m8_shallow_057.png,shallow,0.25,8,232,57,A,HYDROSHIP-M5-A,backscatter|blur|color|ripple,0.7362,1.0568,1.0977,27.2895,210.3492,0.1157,1.0049,0.718,1.4675,1.8403,1.7752,2.6713,3,1.0307,True,True,raw,HYDROSHIP-M5-A
shallow/qr_A_m8_shallow_058.png,shallow,0.25,8,232,58,A,HYDROSHIP-M5-A,backscatter|blur|color|ripple,0.7065,1.0671,0.9786,27.1041,224.4787,0.1204,0.9909,0.7611,1.4612,1.8142,2.7792,3.3036,3,0.9488,True,True,raw,HYDROSHIP-M5-A
shallow/qr_A_m8_shallow_059.png,shallow,0.25,8,232,59,A,HYDROSHIP-M5-A,backscatter|blur|color|ripple,0.6761,0.9706,1.0348,28.2461,212.5631,0.1296,1.036,0.7614,1.5503,1.8201,2.1843,5.8516,3,0.9922,True,True,raw,HYDROSHIP-M5-A
shallow/qr_A_m8_shallow_060.png,shallow,0.25,8,232,60,A,HYDROSHIP-M5-A,backscatter|blur|color|ripple,0.7335,1.0527,1.0409,29.6532,229.3568,0.1205,0.9627,0.7918,1.3954,1.8442,1.3383,5.1122,3,0.9512,True,True,raw,HYDROSHIP-M5-A
shallow/qr_A_m8_shallow_061.png,shallow,0.25,8,232,61,A,HYDROSHIP-M5-A,backscatter|blur|color|ripple,0.6576,1.0133,1.0559,26.9475,211.1063,0.1199,1.0213,0.7557,1.4587,1.7322,4.4143,0.1215,3,0.9645,True,True,raw,HYDROSHIP-M5-A
shallow/qr_A_m8_shallow_062.png,shallow,0.25,8,232,62,A,HYDROSHIP-M5-A,backscatter|blur|color|ripple,0.6519,0.944,1.0277,30.2916,227.3728,0.1261,1.0391,0.7666,1.5686,1.8769,1.58,5.9822,3,0.9851,True,True,raw,HYDROSHIP-M5-A
shallow/qr_A_m8_shallow_063.png,shallow,0.25,8,232,63,A,HYDROSHIP-M5-A,backscatter|blur|color|ripple,0.6365,1.0012,0.9721,30.3143,229.3367,0.1196,1.062,0.8162,1.5241,1.7043,1.4242,3.6,3,1.0204,True,True,raw,HYDROSHIP-M5-A
shallow/qr_A_m8_shallow_064.png,shallow,0.25,8,232,64,A,HYDROSHIP-M5-A,backscatter|blur|color|ripple,0.7188,0.9799,1.1147,28.9618,214.9207,0.113,1.083,0.7156,1.5582,1.9149,0.1024,2.7839,3,1.1037,True,True,raw,HYDROSHIP-M5-A
shallow/qr_A_m8_shallow_065.png,shallow,0.25,8,232,65,A,HYDROSHIP-M5-A,backscatter|blur|color|ripple,0.7005,0.9736,1.1087,27.5202,211.3713,0.1186,0.9625,0.8237,1.5374,1.7211,5.4501,5.2687,3,0.9675,True,True,raw,HYDROSHIP-M5-A
shallow/qr_A_m8_shallow_066.png,shallow,0.25,8,232,66,A,HYDROSHIP-M5-A,backscatter|blur|color|ripple,0.6697,1.0862,1.1177,28.0525,217.8384,0.1191,0.9823,0.7937,1.5552,1.8841,3.41,2.5201,3,1.0422,True,True,raw,HYDROSHIP-M5-A
shallow/qr_A_m8_shallow_067.png,shallow,0.25,8,232,67,A,HYDROSHIP-M5-A,backscatter|blur|color|ripple,0.6762,1.0838,1.0373,31.2538,240.6887,0.1121,0.9824,0.7823,1.578,1.7615,4.4652,3.5585,3,0.9751,True,True,raw,HYDROSHIP-M5-A
shallow/qr_A_m8_shallow_068.png,shallow,0.25,8,232,68,A,HYDROSHIP-M5-A,backscatter|blur|color|ripple,0.7323,0.991,1.0156,30.2259,231.7418,0.1187,0.9586,0.7328,1.3897,1.6646,2.3063,4.0117,3,1.0195,True,True,raw,HYDROSHIP-M5-A
shallow/qr_A_m8_shallow_069.png,shallow,0.25,8,232,69,A,HYDROSHIP-M5-A,backscatter|blur|color|ripple,0.6834,1.0849,1.0028,28.2353,225.8755,0.1292,1.0654,0.7397,1.5073,1.7741,4.917,3.209,3,1.0674,True,True,raw,HYDROSHIP-M5-A
shallow/qr_A_m8_shallow_070.png,shallow,0.25,8,232,70,A,HYDROSHIP-M5-A,backscatter|blur|color|ripple,0.7385,0.9744,1.0026,27.1003,239.495,0.1266,1.107,0.8019,1.451,1.6937,1.63,0.0664,3,1.0497,True,True,raw,HYDROSHIP-M5-A
shallow/qr_A_m8_shallow_071.png,shallow,0.25,8,232,71,A,HYDROSHIP-M5-A,backscatter|blur|color|ripple,0.7084,1.0611,0.9738,28.4512,217.4608,0.1206,0.9777,0.7192,1.387,1.7432,5.8324,3.849,3,1.0095,True,True,raw,HYDROSHIP-M5-A
shallow/qr_A_m8_shallow_072.png,shallow,0.25,8,232,72,A,HYDROSHIP-M5-A,backscatter|blur|color|ripple,0.7388,1.0771,1.118,29.8319,233.2922,0.1195,1.0425,0.7708,1.5231,1.8838,4.3629,4.9211,3,1.0726,True,True,raw,HYDROSHIP-M5-A
shallow/qr_A_m8_shallow_073.png,shallow,0.25,8,232,73,A,HYDROSHIP-M5-A,backscatter|blur|color|ripple,0.7338,0.9811,1.0087,26.8008,223.4587,0.1147,1.0061,0.7636,1.5659,1.8637,4.9624,4.6566,3,1.0628,True,True,raw,HYDROSHIP-M5-A
shallow/qr_A_m8_shallow_074.png,shallow,0.25,8,232,74,A,HYDROSHIP-M5-A,backscatter|blur|color|ripple,0.6448,0.9479,0.985,30.2434,215.2304,0.1123,1.0268,0.8171,1.5902,1.6992,4.7018,2.3842,3,0.9469,True,True,raw,HYDROSHIP-M5-A
shallow/qr_A_m8_shallow_075.png,shallow,0.25,8,232,75,A,HYDROSHIP-M5-A,backscatter|blur|color|ripple,0.6486,1.0489,1.1129,30.088,239.3723,0.1197,1.0716,0.79,1.423,1.8213,2.6762,4.4203,3,0.9654,True,True,raw,HYDROSHIP-M5-A
shallow/qr_A_m8_shallow_076.png,shallow,0.25,8,232,76,A,HYDROSHIP-M5-A,backscatter|blur|color|ripple,0.7391,1.0851,1.0136,26.776,230.7309,0.1147,1.0832,0.7915,1.4061,1.7836,0.6728,3.8918,3,0.9969,True,True,raw,HYDROSHIP-M5-A
shallow/qr_A_m8_shallow_077.png,shallow,0.25,8,232,77,A,HYDROSHIP-M5-A,backscatter|blur|color|ripple,0.7395,0.9559,0.988,29.2523,223.3505,0.1289,1.0825,0.8331,1.5933,1.886,4.7543,4.6696,3,1.0308,True,True,raw,HYDROSHIP-M5-A
shallow/qr_A_m8_shallow_078.png,shallow,0.25,8,232,78,A,HYDROSHIP-M5-A,backscatter|blur|color|ripple,0.6818,0.9912,1.0057,30.4414,219.6657,0.1212,1.0761,0.802,1.4187,1.758,6.2438,1.1316,3,1.0546,True,True,raw,HYDROSHIP-M5-A
shallow/qr_A_m8_shallow_079.png,shallow,0.25,8,232,79,A,HYDROSHIP-M5-A,backscatter|blur|color|ripple,0.7353,1.0744,1.0452,30.3172,227.1049,0.1278,0.9739,0.7691,1.4676,1.7166,0.4116,2.3477,3,1.0437,True,True,raw,HYDROSHIP-M5-A
shallow/qr_A_m8_shallow_080.png,shallow,0.25,8,232,80,A,HYDROSHIP-M5-A,backscatter|blur|color|ripple,0.7192,0.994,1.0699,28.3216,235.7123,0.113,0.9488,0.8071,1.4278,1.8983,2.9921,0.9717,3,1.0292,True,True,raw,HYDROSHIP-M5-A
shallow/qr_A_m8_shallow_081.png,shallow,0.25,8,232,81,A,HYDROSHIP-M5-A,backscatter|blur|color|ripple,0.715,1.053,1.0841,28.9756,226.9238,0.113,1.0068,0.7238,1.5958,1.7128,2.3076,5.8161,3,0.9823,True,True,raw,HYDROSHIP-M5-A
shallow/qr_A_m8_shallow_082.png,shallow,0.25,8,232,82,A,HYDROSHIP-M5-A,backscatter|blur|color|ripple,0.6876,1.0464,1.0655,30.2326,240.8369,0.124,1.0184,0.8042,1.4499,1.7233,1.3581,0.1437,3,1.0257,True,True,raw,HYDROSHIP-M5-A
shallow/qr_A_m8_shallow_083.png,shallow,0.25,8,232,83,A,HYDROSHIP-M5-A,backscatter|blur|color|ripple,0.7036,1.0138,1.0792,31.2131,211.9875,0.1192,0.9617,0.7653,1.4917,1.8047,2.4221,1.7245,3,1.0829,True,True,raw,HYDROSHIP-M5-A
medium/qr_A_m8_medium_000.png,medium,0.55,8,232,0,A,HYDROSHIP-M5-A,backscatter|blur|color|ripple,0.4624,1.1071,1.1626,58.3237,187.8241,0.2264,1.7623,1.4493,2.1795,2.3291,3.5951,3.5674,5,1.5608,True,True,raw,HYDROSHIP-M5-A
medium/qr_A_m8_medium_001.png,medium,0.55,8,232,1,A,HYDROSHIP-M5-A,backscatter|blur|color|ripple,0.4933,1.0908,1.0927,55.7319,196.9814,0.2066,1.7914,1.5453,2.2498,2.558,0.3051,0.67,5,1.6084,True,True,raw,HYDROSHIP-M5-A
medium/qr_A_m8_medium_002.png,medium,0.55,8,232,2,A,HYDROSHIP-M5-A,backscatter|blur|color|ripple,0.5135,0.9915,1.0828,53.8131,211.5118,0.2183,1.844,1.5373,2.0674,2.6035,0.1211,4.954,5,1.6789,True,True,raw,HYDROSHIP-M5-A
medium/qr_A_m8_medium_003.png,medium,0.55,8,232,3,A,HYDROSHIP-M5-A,backscatter|blur|color|ripple,0.4568,1.0194,1.1387,49.9419,209.9569,0.2074,1.7582,1.3816,2.0871,2.4882,1.136,4.5905,5,1.666,True,True,raw,HYDROSHIP-M5-A
medium/qr_A_m8_medium_004.png,medium,0.55,8,232,4,A,HYDROSHIP-M5-A,backscatter|blur|color|ripple,0.5077,1.0044,1.0926,50.9378,214.5697,0.2036,1.8179,1.4253,2.2647,2.2715,0.5206,2.0359,5,1.7068,True,True,raw,HYDROSHIP-M5-A
medium/qr_A_m8_medium_005.png,medium,0.55,8,232,5,A,HYDROSHIP-M5-A,backscatter|blur|color|ripple,0.4859,1.102,1.0596,53.23,202.426,0.2063,1.7702,1.5475,2.0263,2.4748,3.5745,0.1101,5,1.5431,True,True,raw,HYDROSHIP-M5-A
medium/qr_A_m8_medium_006.png,medium,0.55,8,232,6,A,HYDROSHIP-M5-A,backscatter|blur|color|ripple,0.4635,1.1083,1.142,57.1081,216.2758,0.2176,1.8194,1.3744,2.2382,2.5422,6.0756,2.1057,5,1.5244,True,True,raw,HYDROSHIP-M5-A
medium/qr_A_m8_medium_007.png,medium,0.55,8,232,7,A,HYDROSHIP-M5-A,backscatter|blur|color|ripple,0.4616,0.9804,1.1294,56.1576,195.5335,0.2178,1.9539,1.4097,2.1896,2.5685,1.3743,2.5742,5,1.5501,True,True,raw,HYDROSHIP-M5-A
medium/qr_A_m8_medium_008.png,medium,0.55,8,232,8,A,HYDROSHIP-M5-A,backscatter|blur|color|ripple,0.4705,1.0652,1.0282,51.0891,194.6231,0.2104,1.8436,1.4374,2.1971,2.352,2.6842,2.6698,5,1.7061,True,True,raw,HYDROSHIP-M5-A
medium/qr_A_m8_medium_009.png,medium,0.55,8,232,9,A,HYDROSHIP-M5-A,backscatter|blur|color|ripple,0.5134,0.9784,1.0516,55.6116,188.0216,0.2216,1.9941,1.5211,2.1415,2.4598,3.7838,5.0626,5,1.5341,True,True,raw,HYDROSHIP-M5-A
medium/qr_A_m8_medium_010.png,medium,0.55,8,232,10,A,HYDROSHIP-M5-A,backscatter|blur|color|ripple,0.4837,1.0634,1.1229,56.939,215.7018,0.2067,2.0375,1.5215,2.2072,2.2874,2.1397,1.9534,5,1.6846,True,True,raw,HYDROSHIP-M5-A
medium/qr_A_m8_medium_011.png,medium,0.55,8,232,11,A,HYDROSHIP-M5-A,backscatter|blur|color|ripple,0.5117,1.0798,1.1146,52.8538,186.5037,0.2283,1.8691,1.4351,2.0537,2.5959,0.8642,0.9123,5,1.6313,True,True,raw,HYDROSHIP-M5-A
medium/qr_A_m8_medium_012.png,medium,0.55,8,232,12,A,HYDROSHIP-M5-A,backscatter|blur|color|ripple,0.5058,1.0906,1.0792,51.3768,206.2977,0.2068,1.8217,1.4317,2.1693,2.4446,0.4302,1.0182,5,1.7724,True,True,raw,HYDROSHIP-M5-A
medium/qr_A_m8_medium_013.png,medium,0.55,8,232,13,A,HYDROSHIP-M5-A,backscatter|blur|color|ripple,0.4686,1.108,1.1352,53.995,207.9232,0.2109,1.7635,1.5798,2.0456,2.6557,4.6343,4.8152,5,1.525,True,True,raw,HYDROSHIP-M5-A
medium/qr_A_m8_medium_014.png,medium,0.55,8,232,14,A,HYDROSHIP-M5-A,backscatter|blur|color|ripple,0.4721,1.0218,1.1466,54.8797,206.823,0.2034,1.8673,1.5552,2.1055,2.4012,5.5269,4.5361,5,1.7132,True,True,raw,HYDROSHIP-M5-A
medium/qr_A_m8_medium_015.png,medium,0.55,8,232,15,A,HYDROSHIP-M5-A,backscatter|blur|color|ripple,0.5028,1.0837,1.1429,54.6561,198.6,0.1995,1.9381,1.5575,2.1491,2.3909,5.6315,0.2843,5,1.7492,True,True,raw,HYDROSHIP-M5-A
medium/qr_A_m8_medium_016.png,medium,0.55,8,232,16,A,HYDROSHIP-M5-A,backscatter|blur|color|ripple,0.4964,1.0136,1.0305,51.7568,209.6137,0.2239,1.952,1.3963,2.1741,2.638,5.949,6.0702,5,1.608,True,True,raw,HYDROSHIP-M5-A
medium/qr_A_m8_medium_017.png,medium,0.55,8,232,17,A,HYDROSHIP-M5-A,backscatter|blur|color|ripple,0.5276,1.0642,1.1015,56.7822,213.076,0.2272,2.034,1.4842,2.2208,2.3755,4.1107,5.2721,5,1.7243,True,True,raw,HYDROSHIP-M5-A
medium/qr_A_m8_medium_018.png,medium,0.55,8,232,18,A,HYDROSHIP-M5-A,backscatter|blur|color|ripple,0.5261,1.0235,1.172,57.4711,199.6578,0.2185,1.9092,1.3823,2.1379,2.5762,3.0941,0.0837,5,1.7624,True,True,raw,HYDROSHIP-M5-A
medium/qr_A_m8_medium_019.png,medium,0.55,8,232,19,A,HYDROSHIP-M5-A,backscatter|blur|color|ripple,0.506,1.0248,1.1091,51.6115,216.1322,0.2181,1.8058,1.5191,2.2223,2.5115,4.0149,2.6367,5,1.6258,True,True,raw,HYDROSHIP-M5-A
medium/qr_A_m8_medium_020.png,medium,0.55,8,232,20,A,HYDROSHIP-M5-A,backscatter|blur|color|ripple,0.5204,0.9679,1.1331,57.1585,209.0338,0.2191,1.7982,1.5325,1.9331,2.3986,3.4681,0.0343,5,1.7177,True,True,raw,HYDROSHIP-M5-A
medium/qr_A_m8_medium_021.png,medium,0.55,8,232,21,A,HYDROSHIP-M5-A,backscatter|blur|color|ripple,0.4612,0.9557,1.0193,52.7839,184.8601,0.2211,1.8789,1.3801,2.2409,2.5274,0.4491,0.936,5,1.7857,True,True,raw,HYDROSHIP-M5-A
medium/qr_A_m8_medium_022.png,medium,0.55,8,232,22,A,HYDROSHIP-M5-A,backscatter|blur|color|ripple,0.4678,1.058,1.1678,57.1364,207.7624,0.2191,2.0321,1.358,2.1628,2.5833,3.2772,0.7997,5,1.6881,True,True,raw,HYDROSHIP-M5-A
medium/qr_A_m8_medium_023.png,medium,0.55,8,232,23,A,HYDROSHIP-M5-A,backscatter|blur|color|ripple,0.4635,1.0562,1.0954,50.176,212.7105,0.2206,1.8181,1.4607,2.2496,2.4314,3.7293,0.1051,5,1.6412,True,True,raw,HYDROSHIP-M5-A
medium/qr_A_m8_medium_024.png,medium,0.55,8,232,24,A,HYDROSHIP-M5-A,backscatter|blur|color|ripple,0.491,1.076,1.1183,51.0961,215.1223,0.2001,2.033,1.3819,2.1093,2.6081,5.5935,0.4877,5,1.5376,True,True,raw,HYDROSHIP-M5-A
medium/qr_A_m8_medium_025.png,medium,0.55,8,232,25,A,HYDROSHIP-M5-A,backscatter|blur|color|ripple,0.457,1.0556,1.0318,56.8781,200.534,0.2121,1.8991,1.4068,2.0249,2.328,4.1845,2.3994,5,1.5307,True,True,raw,HYDROSHIP-M5-A
medium/qr_A_m8_medium_026.png,medium,0.55,8,232,26,A,HYDROSHIP-M5-A,backscatter|blur|color|ripple,0.5129,0.9545,1.1646,58.2009,206.7934,0.2046,1.9238,1.3808,1.9952,2.3445,2.406,5.8351,5,1.5488,True,True,raw,HYDROSHIP-M5-A
medium/qr_A_m8_medium_027.png,medium,0.55,8,232,27,A,HYDROSHIP-M5-A,backscatter|blur|color|ripple,0.5259,1.092,1.0685,52.8643,197.5262,0.2206,1.9516,1.403,2.1707,2.3216,1.102,3.8842,5,1.5709,True,True,raw,HYDROSHIP-M5-A
medium/qr_A_m8_medium_028.png,medium,0.55,8,232,28,A,HYDROSHIP-M5-A,backscatter|blur|color|ripple,0.4813,1.0486,1.1215,50.9438,195.0298,0.2007,1.9441,1.4606,2.1396,2.3056,5.7584,1.7319,5,1.578,True,True,raw,HYDROSHIP-M5-A
medium/qr_A_m8_medium_029.png,medium,0.55,8,232,29,A,HYDROSHIP-M5-A,backscatter|blur|color|ripple,0.4769,1.0024,1.0398,55.8005,187.4971,0.2176,1.9572,1.443,1.9469,2.3592,2.0272,5.5603,5,1.6949,True,True,raw,HYDROSHIP-M5-A
medium/qr_A_m8_medium_030.png,medium,0.55,8,232,30,A,HYDROSHIP-M5-A,backscatter|blur|color|ripple,0.47,1.0451,1.1692,56.3478,205.2622,0.2225,1.995,1.5182,1.9326,2.641,4.0311,6.1252,5,1.5554,True,True,raw,HYDROSHIP-M5-A
medium/qr_A_m8_medium_031.png,medium,0.55,8,232,31,A,HYDROSHIP-M5-A,backscatter|blur|color|ripple,0.5114,1.0604,1.1697,56.4576,208.6972,0.2049,1.7735,1.397,2.2104,2.6448,5.9168,4.053,5,1.7212,True,True,raw,HYDROSHIP-M5-A
medium/qr_A_m8_medium_032.png,medium,0.55,8,232,32,A,HYDROSHIP-M5-A,backscatter|blur|color|ripple,0.4836,0.9478,1.0683,50.3431,187.5134,0.2273,1.9376,1.574,2.0523,2.4149,1.739,1.1913,5,1.7603,False,True,clahe,HYDROSHIP-M5-A
medium/qr_A_m8_medium_033.png,medium,0.55,8,232,33,A,HYDROSHIP-M5-A,backscatter|blur|color|ripple,0.4532,1.0497,1.0986,57.8969,208.9897,0.223,1.9699,1.4717,1.9492,2.3281,4.5862,5.3422,5,1.5948,True,True,raw,HYDROSHIP-M5-A
medium/qr_A_m8_medium_034.png,medium,0.55,8,232,34,A,HYDROSHIP-M5-A,backscatter|blur|color|ripple,0.5074,0.9489,1.0248,51.2166,207.9005,0.2254,1.7658,1.5815,2.0328,2.3247,5.0262,1.2866,5,1.7502,True,True,raw,HYDROSHIP-M5-A
medium/qr_A_m8_medium_035.png,medium,0.55,8,232,35,A,HYDROSHIP-M5-A,backscatter|blur|color|ripple,0.4604,0.9533,1.1129,56.3397,192.4386,0.2046,1.9181,1.4204,2.0944,2.3232,5.3169,3.8246,5,1.5901,True,True,raw,HYDROSHIP-M5-A
medium/qr_A_m8_medium_036.png,medium,0.55,8,232,36,A,HYDROSHIP-M5-A,backscatter|blur|color|ripple,0.4642,1.053,1.1586,51.4871,204.5649,0.2288,1.9945,1.4024,2.1488,2.5943,5.1398,1.2311,5,1.6434,True,True,raw,HYDROSHIP-M5-A
medium/qr_A_m8_medium_037.png,medium,0.55,8,232,37,A,HYDROSHIP-M5-A,backscatter|blur|color|ripple,0.455,1.0337,1.0591,53.4687,203.3239,0.2174,1.8567,1.5421,1.9486,2.4522,3.2775,0.0991,5,1.537,True,True,raw,HYDROSHIP-M5-A
medium/qr_A_m8_medium_038.png,medium,0.55,8,232,38,A,HYDROSHIP-M5-A,backscatter|blur|color|ripple,0.4858,1.0689,1.0506,54.5273,209.487,0.2181,1.9364,1.3783,2.1909,2.2754,6.1728,4.4092,5,1.6489,True,True,raw,HYDROSHIP-M5-A
medium/qr_A_m8_medium_039.png,medium,0.55,8,232,39,A,HYDROSHIP-M5-A,backscatter|blur|color|ripple,0.5142,0.9454,1.1585,56.9321,213.1927,0.2143,1.8859,1.4441,2.247,2.406,5.5569,0.0005,5,1.7452,True,True,raw,HYDROSHIP-M5-A
medium/qr_A_m8_medium_040.png,medium,0.55,8,232,40,A,HYDROSHIP-M5-A,backscatter|blur|color|ripple,0.4963,1.0835,1.0376,57.5182,197.7861,0.2005,1.8299,1.4764,2.2486,2.3915,2.3413,4.4756,5,1.742,True,True,raw,HYDROSHIP-M5-A
medium/qr_A_m8_medium_041.png,medium,0.55,8,232,41,A,HYDROSHIP-M5-A,backscatter|blur|color|ripple,0.5202,0.9776,1.0776,55.0374,189.4465,0.2248,1.9971,1.4498,2.0796,2.3815,3.1569,1.0672,5,1.5884,True,True,raw,HYDROSHIP-M5-A
medium/qr_A_m8_medium_042.png,medium,0.55,8,232,42,A,HYDROSHIP-M5-A,backscatter|blur|color|ripple,0.5139,1.0913,1.1258,54.3572,210.8361,0.2331,1.849,1.4246,2.059,2.4474,5.7757,0.2244,5,1.5426,True,True,raw,HYDROSHIP-M5-A
medium/qr_A_m8_medium_043.png,medium,0.55,8,232,43,A,HYDROSHIP-M5-A,backscatter|blur|color|ripple,0.5317,1.0409,1.0814,56.2396,193.759,0.2261,2.01,1.4155,2.0312,2.2758,3.2281,3.8875,5,1.6967,True,True,raw,HYDROSHIP-M5-A
medium/qr_A_m8_medium_044.png,medium,0.55,8,232,44,A,HYDROSHIP-M5-A,backscatter|blur|color|ripple,0.4968,1.0814,1.1548,57.8782,201.8108,0.2227,1.9387,1.4693,2.0886,2.3827,2.3122,6.2628,5,1.5503,True,True,raw,HYDROSHIP-M5-A
medium/qr_A_m8_medium_045.png,medium,0.55,8,232,45,A,HYDROSHIP-M5-A,backscatter|blur|color|ripple,0.5235,1.0073,1.1393,53.7244,190.5086,0.2298,1.9707,1.5586,2.0184,2.329,3.8503,0.3365,5,1.6556,True,True,raw,HYDROSHIP-M5-A
medium/qr_A_m8_medium_046.png,medium,0.55,8,232,46,A,HYDROSHIP-M5-A,backscatter|blur|color|ripple,0.4847,1.0227,1.0342,50.6243,199.1924,0.2117,1.8075,1.4703,2.0861,2.3031,2.9208,2.2617,5,1.6584,True,True,raw,HYDROSHIP-M5-A
medium/qr_A_m8_medium_047.png,medium,0.55,8,232,47,A,HYDROSHIP-M5-A,backscatter|blur|color|ripple,0.4863,1.073,1.0851,55.3527,206.7629,0.2072,1.7956,1.417,2.0672,2.5785,5.9125,1.9109,5,1.5961,True,True,raw,HYDROSHIP-M5-A
medium/qr_A_m8_medium_048.png,medium,0.55,8,232,48,A,HYDROSHIP-M5-A,backscatter|blur|color|ripple,0.5173,0.9728,1.1457,53.9138,188.2154,0.2161,2.037,1.4525,2.0243,2.4691,4.0265,4.7992,5,1.6992,True,True,raw,HYDROSHIP-M5-A
medium/qr_A_m8_medium_049.png,medium,0.55,8,232,49,A,HYDROSHIP-M5-A,backscatter|blur|color|ripple,0.4565,0.9636,1.1706,51.7126,200.962,0.2274,2.0067,1.4538,2.1623,2.3881,6.0099,4.351,5,1.7717,True,True,raw,HYDROSHIP-M5-A
medium/qr_A_m8_medium_050.png,medium,0.55,8,232,50,A,HYDROSHIP-M5-A,backscatter|blur|color|ripple,0.4693,0.9898,1.173,57.4774,202.1792,0.2327,1.8363,1.4455,2.0251,2.6121,1.2865,2.1476,5,1.5859,True,True,raw,HYDROSHIP-M5-A
medium/qr_A_m8_medium_051.png,medium,0.55,8,232,51,A,HYDROSHIP-M5-A,backscatter|blur|color|ripple,0.4537,0.995,1.1147,54.2717,216.098,0.2317,1.9584,1.4889,2.0636,2.6085,5.2742,1.477,5,1.5283,True,True,raw,HYDROSHIP-M5-A
medium/qr_A_m8_medium_052.png,medium,0.55,8,232,52,A,HYDROSHIP-M5-A,backscatter|blur|color|ripple,0.4959,0.959,1.0674,54.2202,205.4526,0.23,1.9527,1.3539,2.0935,2.6545,0.6722,3.7938,5,1.6892,True,True,raw,HYDROSHIP-M5-A
medium/qr_A_m8_medium_053.png,medium,0.55,8,232,53,A,HYDROSHIP-M5-A,backscatter|blur|color|ripple,0.4541,1.0366,1.0969,56.2608,193.8609,0.2275,1.9254,1.5051,2.0783,2.6263,4.6502,2.4438,5,1.7317,True,True,raw,HYDROSHIP-M5-A
medium/qr_A_m8_medium_054.png,medium,0.55,8,232,54,A,HYDROSHIP-M5-A,backscatter|blur|color|ripple,0.4915,0.9667,1.0783,58.0186,192.9926,0.2307,1.95,1.4457,1.9753,2.5746,2.7087,4.2508,5,1.6217,True,True,raw,HYDROSHIP-M5-A
medium/qr_A_m8_medium_055.png,medium,0.55,8,232,55,A,HYDROSHIP-M5-A,backscatter|blur|color|ripple,0.4824,0.9809,1.1075,54.0214,198.1334,0.2254,1.7981,1.5793,1.9972,2.5681,2.7802,2.643,5,1.5444,True,True,raw,HYDROSHIP-M5-A
medium/qr_A_m8_medium_056.png,medium,0.55,8,232,56,A,HYDROSHIP-M5-A,backscatter|blur|color|ripple,0.4655,1.08,1.1432,51.8183,208.4914,0.203,1.7714,1.4548,2.0549,2.3761,0.6334,3.475,5,1.7452,True,True,raw,HYDROSHIP-M5-A
medium/qr_A_m8_medium_057.png,medium,0.55,8,232,57,A,HYDROSHIP-M5-A,backscatter|blur|color|ripple,0.4634,1.0668,1.102,53.7025,191.9644,0.2084,1.9403,1.4067,1.9506,2.6219,1.2198,6.2346,5,1.5332,True,True,raw,HYDROSHIP-M5-A
medium/qr_A_m8_medium_058.png,medium,0.55,8,232,58,A,HYDROSHIP-M5-A,backscatter|blur|color|ripple,0.5225,0.9527,1.0316,54.0623,186.2189,0.2267,1.8182,1.3574,1.975,2.4708,1.3303,2.9382,5,1.5671,True,True,raw,HYDROSHIP-M5-A
medium/qr_A_m8_medium_059.png,medium,0.55,8,232,59,A,HYDROSHIP-M5-A,backscatter|blur|color|ripple,0.5024,0.9599,1.1138,53.4423,205.6253,0.2325,2.0377,1.3549,2.0572,2.4843,6.1457,2.5775,5,1.5752,True,True,raw,HYDROSHIP-M5-A
medium/qr_A_m8_medium_060.png,medium,0.55,8,232,60,A,HYDROSHIP-M5-A,backscatter|blur|color|ripple,0.5013,1.0616,1.1243,57.0594,215.7379,0.2168,1.8184,1.5122,2.0439,2.5112,3.1197,5.1162,5,1.527,True,True,raw,HYDROSHIP-M5-A
medium/qr_A_m8_medium_061.png,medium,0.55,8,232,61,A,HYDROSHIP-M5-A,backscatter|blur|color|ripple,0.489,1.0436,1.048,55.5317,187.5094,0.1988,1.8744,1.5052,1.993,2.3154,3.2368,0.3863,5,1.6586,True,True,raw,HYDROSHIP-M5-A
medium/qr_A_m8_medium_062.png,medium,0.55,8,232,62,A,HYDROSHIP-M5-A,backscatter|blur|color|ripple,0.4539,1.0381,1.0293,58.0106,197.6622,0.2131,1.7912,1.5173,2.2274,2.4736,3.3989,5.5566,5,1.7335,True,True,raw,HYDROSHIP-M5-A
medium/qr_A_m8_medium_063.png,medium,0.55,8,232,63,A,HYDROSHIP-M5-A,backscatter|blur|color|ripple,0.5168,1.0055,1.1799,56.2023,207.5884,0.2294,1.7526,1.4185,1.9768,2.4005,2.703,2.5666,5,1.6577,True,True,raw,HYDROSHIP-M5-A
medium/qr_A_m8_medium_064.png,medium,0.55,8,232,64,A,HYDROSHIP-M5-A,backscatter|blur|color|ripple,0.4932,1.0234,1.043,56.2379,197.927,0.2048,1.7824,1.4177,2.2375,2.5015,2.3445,0.6158,5,1.7301,True,True,raw,HYDROSHIP-M5-A
medium/qr_A_m8_medium_065.png,medium,0.55,8,232,65,A,HYDROSHIP-M5-A,backscatter|blur|color|ripple,0.4622,0.9872,1.1448,54.747,185.6898,0.22,1.8789,1.5701,2.082,2.3211,2.2846,4.9625,5,1.6166,True,True,raw,HYDROSHIP-M5-A
medium/qr_A_m8_medium_066.png,medium,0.55,8,232,66,A,HYDROSHIP-M5-A,backscatter|blur|color|ripple,0.5216,0.9813,1.1188,51.1833,187.6311,0.2123,1.785,1.5273,2.0404,2.5155,4.4822,3.7081,5,1.6783,True,True,raw,HYDROSHIP-M5-A
medium/qr_A_m8_medium_067.png,medium,0.55,8,232,67,A,HYDROSHIP-M5-A,backscatter|blur|color|ripple,0.4652,1.0289,1.0567,51.7233,193.1513,0.225,1.9259,1.575,2.1068,2.4265,0.015,2.5312,5,1.7659,True,True,raw,HYDROSHIP-M5-A
medium/qr_A_m8_medium_068.png,medium,0.55,8,232,68,A,HYDROSHIP-M5-A,backscatter|blur|color|ripple,0.4588,1.0267,1.0354,51.0341,208.5706,0.2206,1.7935,1.5233,1.979,2.3846,4.7152,5.3559,5,1.578,True,True,raw,HYDROSHIP-M5-A
medium/qr_A_m8_medium_069.png,medium,0.55,8,232,69,A,HYDROSHIP-M5-A,backscatter|blur|color|ripple,0.4713,0.9964,1.0364,50.1365,200.9254,0.2134,1.8298,1.5086,1.9718,2.5658,5.9149,6.0219,5,1.5984,True,True,raw,HYDROSHIP-M5-A
medium/qr_A_m8_medium_070.png,medium,0.55,8,232,70,A,HYDROSHIP-M5-A,backscatter|blur|color|ripple,0.4606,1.0455,1.0139,54.6535,209.5544,0.2313,1.9976,1.4514,2.1861,2.3217,5.7618,0.3606,5,1.768,True,True,raw,HYDROSHIP-M5-A
medium/qr_A_m8_medium_071.png,medium,0.55,8,232,71,A,HYDROSHIP-M5-A,backscatter|blur|color|ripple,0.5117,0.9747,1.0568,51.8374,203.8868,0.2261,1.9252,1.4663,2.129,2.4214,5.768,0.8023,5,1.7323,True,True,raw,HYDROSHIP-M5-A
medium/qr_A_m8_medium_072.png,medium,0.55,8,232,72,A,HYDROSHIP-M5-A,backscatter|blur|color|ripple,0.4816,1.0786,1.0879,54.073,192.3051,0.2141,1.9301,1.5589,2.0589,2.4969,5.8231,0.3234,5,1.5327,True,True,raw,HYDROSHIP-M5-A
medium/qr_A_m8_medium_073.png,medium,0.55,8,232,73,A,HYDROSHIP-M5-A,backscatter|blur|color|ripple,0.4726,0.9961,1.1495,55.7083,211.2491,0.2058,1.8695,1.4058,2.2491,2.6188,0.1814,0.51,5,1.57,True,True,raw,HYDROSHIP-M5-A
medium/qr_A_m8_medium_074.png,medium,0.55,8,232,74,A,HYDROSHIP-M5-A,backscatter|blur|color|ripple,0.4633,1.0405,1.0465,53.9667,204.452,0.2219,1.8402,1.3842,2.0753,2.4783,0.0481,5.2181,5,1.7493,True,True,raw,HYDROSHIP-M5-A
medium/qr_A_m8_medium_075.png,medium,0.55,8,232,75,A,HYDROSHIP-M5-A,backscatter|blur|color|ripple,0.4957,1.0083,1.1511,54.1033,208.3728,0.2315,1.8057,1.4913,2.2424,2.4665,3.9617,2.3447,5,1.6243,True,True,raw,HYDROSHIP-M5-A
medium/qr_A_m8_medium_076.png,medium,0.55,8,232,76,A,HYDROSHIP-M5-A,backscatter|blur|color|ripple,0.4917,1.0021,1.0813,50.2039,197.1328,0.2324,2.0426,1.3921,2.2369,2.4857,1.9549,3.516,5,1.6949,True,True,raw,HYDROSHIP-M5-A
medium/qr_A_m8_medium_077.png,medium,0.55,8,232,77,A,HYDROSHIP-M5-A,backscatter|blur|color|ripple,0.4739,1.0662,1.0583,50.8808,216.102,0.2049,1.8887,1.5508,1.9965,2.3034,5.5567,5.4833,5,1.587,True,True,raw,HYDROSHIP-M5-A
medium/qr_A_m8_medium_078.png,medium,0.55,8,232,78,A,HYDROSHIP-M5-A,backscatter|blur|color|ripple,0.4782,0.9808,1.096,58.0388,197.8081,0.2079,1.9982,1.3824,1.9805,2.3547,5.6033,4.2452,5,1.6967,True,True,raw,HYDROSHIP-M5-A
medium/qr_A_m8_medium_079.png,medium,0.55,8,232,79,A,HYDROSHIP-M5-A,backscatter|blur|color|ripple,0.4756,1.0386,1.1433,55.8151,215.7264,0.2239,1.7881,1.5503,2.1082,2.3201,2.236,0.4617,5,1.7869,True,True,raw,HYDROSHIP-M5-A
medium/qr_A_m8_medium_080.png,medium,0.55,8,232,80,A,HYDROSHIP-M5-A,backscatter|blur|color|ripple,0.4774,0.9904,1.0383,50.5104,188.7799,0.2143,1.842,1.5178,2.068,2.5996,4.0698,2.6887,5,1.6176,True,True,raw,HYDROSHIP-M5-A
medium/qr_A_m8_medium_081.png,medium,0.55,8,232,81,A,HYDROSHIP-M5-A,backscatter|blur|color|ripple,0.4899,0.982,1.1626,50.6041,208.2244,0.225,1.8415,1.5056,1.9421,2.3183,5.2291,5.0074,5,1.5928,True,True,raw,HYDROSHIP-M5-A
medium/qr_A_m8_medium_082.png,medium,0.55,8,232,82,A,HYDROSHIP-M5-A,backscatter|blur|color|ripple,0.4802,1.0111,1.1846,50.534,201.426,0.2094,1.8041,1.5307,2.2234,2.5812,2.772,0.9535,5,1.699,True,True,raw,HYDROSHIP-M5-A
medium/qr_A_m8_medium_083.png,medium,0.55,8,232,83,A,HYDROSHIP-M5-A,backscatter|blur|color|ripple,0.4866,1.0493,1.0444,55.6214,211.8667,0.23,1.7774,1.3886,1.9855,2.6048,2.8764,2.5502,5,1.6916,True,True,raw,HYDROSHIP-M5-A
deep/qr_A_m8_deep_000.png,deep,0.85,8,232,0,A,HYDROSHIP-M5-A,backscatter|blur|color|ripple,0.2789,1.0951,1.1543,73.2935,165.863,0.3024,2.6438,1.9833,2.7354,3.3858,0.2868,2.3056,5,2.2575,False,False,fail,
deep/qr_A_m8_deep_001.png,deep,0.85,8,232,1,A,HYDROSHIP-M5-A,backscatter|blur|color|ripple,0.3168,1.069,1.0943,77.9398,175.6279,0.3342,2.833,2.1713,2.5666,3.245,4.8713,4.7651,5,2.3583,False,False,fail,
deep/qr_A_m8_deep_002.png,deep,0.85,8,232,2,A,HYDROSHIP-M5-A,backscatter|blur|color|ripple,0.2942,0.9656,1.1226,79.2306,175.9419,0.3193,2.7953,2.1404,2.616,2.9948,6.061,5.907,5,2.3413,False,False,fail,
deep/qr_A_m8_deep_003.png,deep,0.85,8,232,3,A,HYDROSHIP-M5-A,backscatter|blur|color|ripple,0.2775,1.0987,1.1448,82.0683,175.1772,0.3364,2.6107,2.1864,2.7108,3.1125,0.5718,6.0104,5,2.1963,False,True,cv2_fallback,HYDROSHIP-M5-A
deep/qr_A_m8_deep_004.png,deep,0.85,8,232,4,A,HYDROSHIP-M5-A,backscatter|blur|color|ripple,0.2838,0.9935,1.2338,83.1436,185.1776,0.3071,2.8603,1.9955,2.7083,3.2252,1.1259,2.8722,5,2.2118,True,True,raw,HYDROSHIP-M5-A
deep/qr_A_m8_deep_005.png,deep,0.85,8,232,5,A,HYDROSHIP-M5-A,backscatter|blur|color|ripple,0.3007,0.9934,1.2106,79.3716,167.096,0.3164,2.5611,2.067,2.5293,3.3855,2.5332,5.8317,5,2.3985,True,True,raw,HYDROSHIP-M5-A
deep/qr_A_m8_deep_006.png,deep,0.85,8,232,6,A,HYDROSHIP-M5-A,backscatter|blur|color|ripple,0.3128,0.9977,1.0922,79.7994,181.1724,0.3334,2.8596,2.194,2.8647,3.2638,4.654,0.0514,5,2.3972,False,False,fail,
deep/qr_A_m8_deep_007.png,deep,0.85,8,232,7,A,HYDROSHIP-M5-A,backscatter|blur|color|ripple,0.3132,1.0791,1.1597,76.1238,169.7887,0.3108,2.9568,2.0337,2.7201,3.1993,0.9897,2.8362,5,2.3383,False,True,clahe,HYDROSHIP-M5-A
deep/qr_A_m8_deep_008.png,deep,0.85,8,232,8,A,HYDROSHIP-M5-A,backscatter|blur|color|ripple,0.3173,1.0191,1.1057,77.3508,177.4275,0.3078,2.8536,2.24,2.4998,3.3722,3.9743,0.3449,5,2.3173,True,True,raw,HYDROSHIP-M5-A
deep/qr_A_m8_deep_009.png,deep,0.85,8,232,9,A,HYDROSHIP-M5-A,backscatter|blur|color|ripple,0.2764,1.0916,1.0912,73.7252,161.2427,0.3304,2.8796,2.0852,2.5259,3.15,1.3333,1.7251,5,2.3352,False,True,cv2_fallback,HYDROSHIP-M5-A
deep/qr_A_m8_deep_010.png,deep,0.85,8,232,10,A,HYDROSHIP-M5-A,backscatter|blur|color|ripple,0.2977,1.0801,1.1697,73.5009,166.2433,0.3321,2.9723,2.2056,2.5777,3.0384,0.4825,3.7552,5,2.3235,False,False,fail,
deep/qr_A_m8_deep_011.png,deep,0.85,8,232,11,A,HYDROSHIP-M5-A,backscatter|blur|color|ripple,0.314,0.9763,1.2426,77.4816,174.1501,0.313,2.8593,2.0989,2.6269,3.3503,5.5152,1.7493,5,2.2241,False,False,fail,
deep/qr_A_m8_deep_012.png,deep,0.85,8,232,12,A,HYDROSHIP-M5-A,backscatter|blur|color|ripple,0.2837,1.0548,1.1569,81.6012,168.2143,0.2909,2.9697,2.2797,2.6094,3.3586,5.6201,5.2153,5,2.3727,False,False,fail,
deep/qr_A_m8_deep_013.png,deep,0.85,8,232,13,A,HYDROSHIP-M5-A,backscatter|blur|color|ripple,0.2998,1.0047,1.1947,76.4042,170.3338,0.2909,2.571,2.1825,2.9035,3.2224,2.8932,5.4404,5,2.1291,False,False,fail,
deep/qr_A_m8_deep_014.png,deep,0.85,8,232,14,A,HYDROSHIP-M5-A,backscatter|blur|color|ripple,0.3175,1.0223,1.2157,85.5746,184.4272,0.3231,2.6993,2.2931,2.7422,3.0223,4.3772,5.7981,5,2.3857,False,True,cv2_fallback,HYDROSHIP-M5-A
deep/qr_A_m8_deep_015.png,deep,0.85,8,232,15,A,HYDROSHIP-M5-A,backscatter|blur|color|ripple,0.3188,1.022,1.1208,84.5947,187.57,0.2883,2.9357,2.2399,2.7809,3.1404,1.5834,1.4701,5,2.1861,False,False,fail,
deep/qr_A_m8_deep_016.png,deep,0.85,8,232,16,A,HYDROSHIP-M5-A,backscatter|blur|color|ripple,0.2859,1.0528,1.2276,79.9509,173.2033,0.3222,2.7022,2.1268,2.5654,3.0204,4.587,3.354,5,2.2284,False,True,clahe,HYDROSHIP-M5-A
deep/qr_A_m8_deep_017.png,deep,0.85,8,232,17,A,HYDROSHIP-M5-A,backscatter|blur|color|ripple,0.2883,1.1244,1.1425,81.1679,180.3366,0.3095,2.6933,2.1482,2.9013,3.1686,2.886,2.3932,5,2.163,False,False,fail,
deep/qr_A_m8_deep_018.png,deep,0.85,8,232,18,A,HYDROSHIP-M5-A,backscatter|blur|color|ripple,0.2822,1.077,1.2252,84.3456,182.0749,0.3025,2.9133,2.0199,2.7304,3.0436,3.0493,2.106,5,2.1731,False,False,fail,
deep/qr_A_m8_deep_019.png,deep,0.85,8,232,19,A,HYDROSHIP-M5-A,backscatter|blur|color|ripple,0.3139,1.0745,1.1375,80.6921,173.7459,0.3363,2.9445,2.2037,2.7121,3.0208,3.2566,5.0789,5,2.4577,False,False,fail,
deep/qr_A_m8_deep_020.png,deep,0.85,8,232,20,A,HYDROSHIP-M5-A,backscatter|blur|color|ripple,0.3212,1.0438,1.0762,75.9588,175.9661,0.3293,2.8411,2.2166,2.7272,2.9987,4.1191,1.6818,5,2.3294,False,False,fail,
deep/qr_A_m8_deep_021.png,deep,0.85,8,232,21,A,HYDROSHIP-M5-A,backscatter|blur|color|ripple,0.2984,1.095,1.1144,75.8454,166.7246,0.31,2.6626,2.2989,2.5937,2.952,2.7791,2.2617,5,2.1508,False,False,fail,
deep/qr_A_m8_deep_022.png,deep,0.85,8,232,22,A,HYDROSHIP-M5-A,backscatter|blur|color|ripple,0.3003,0.9996,1.2378,83.4622,181.9864,0.3246,2.7516,2.1808,2.7431,3.0466,3.5418,1.7269,5,2.2532,False,False,fail,
deep/qr_A_m8_deep_023.png,deep,0.85,8,232,23,A,HYDROSHIP-M5-A,backscatter|blur|color|ripple,0.3044,1.0738,1.101,74.1822,164.1849,0.3211,2.8114,2.1812,2.8516,3.3047,6.0547,1.6309,5,2.3357,False,False,fail,
deep/qr_A_m8_deep_024.png,deep,0.85,8,232,24,A,HYDROSHIP-M5-A,backscatter|blur|color|ripple,0.2876,1.0403,1.1077,85.2561,164.2728,0.2885,2.7979,2.177,2.8698,3.0276,2.659,0.8055,5,2.4605,True,True,raw,HYDROSHIP-M5-A
deep/qr_A_m8_deep_025.png,deep,0.85,8,232,25,A,HYDROSHIP-M5-A,backscatter|blur|color|ripple,0.3023,0.9792,1.1971,74.7259,168.3354,0.3136,2.6645,2.2149,2.8425,2.9045,0.0026,4.8164,5,2.2846,False,False,fail,
deep/qr_A_m8_deep_026.png,deep,0.85,8,232,26,A,HYDROSHIP-M5-A,backscatter|blur|color|ripple,0.3019,0.9859,1.0702,77.7307,181.0447,0.3178,2.8223,2.2962,2.5088,2.9489,4.6164,3.6064,5,2.3233,True,True,raw,HYDROSHIP-M5-A
deep/qr_A_m8_deep_027.png,deep,0.85,8,232,27,A,HYDROSHIP-M5-A,backscatter|blur|color|ripple,0.2881,1.0951,1.1379,83.9643,171.9211,0.2936,2.6507,2.0205,2.5158,3.0311,4.0002,0.6856,5,2.335,False,True,clahe,HYDROSHIP-M5-A
deep/qr_A_m8_deep_028.png,deep,0.85,8,232,28,A,HYDROSHIP-M5-A,backscatter|blur|color|ripple,0.2947,1.094,1.1654,73.6166,186.3406,0.3075,2.5541,2.0399,2.7566,3.3679,2.0796,4.7609,5,2.204,False,True,cv2_fallback,HYDROSHIP-M5-A
deep/qr_A_m8_deep_029.png,deep,0.85,8,232,29,A,HYDROSHIP-M5-A,backscatter|blur|color|ripple,0.3124,1.0563,1.117,85.5698,169.5905,0.302,2.547,2.1855,2.7225,3.3952,5.7711,3.4168,5,2.4209,False,False,fail,
deep/qr_A_m8_deep_030.png,deep,0.85,8,232,30,A,HYDROSHIP-M5-A,backscatter|blur|color|ripple,0.3159,1.0062,1.0943,81.8469,165.1891,0.3057,2.5855,2.1415,2.6469,3.1206,1.9819,2.8245,5,2.451,False,True,clahe,HYDROSHIP-M5-A
deep/qr_A_m8_deep_031.png,deep,0.85,8,232,31,A,HYDROSHIP-M5-A,backscatter|blur|color|ripple,0.3037,0.9944,1.1369,78.3922,181.8283,0.2926,2.898,2.2599,2.7887,3.1057,6.1629,2.3311,5,2.2382,False,False,fail,
deep/qr_A_m8_deep_032.png,deep,0.85,8,232,32,A,HYDROSHIP-M5-A,backscatter|blur|color|ripple,0.2842,1.0506,1.155,82.4676,172.9491,0.2947,2.9126,2.1063,2.61,2.9067,5.3728,2.2209,5,2.4096,False,False,fail,
deep/qr_A_m8_deep_033.png,deep,0.85,8,232,33,A,HYDROSHIP-M5-A,backscatter|blur|color|ripple,0.3115,0.9842,1.0885,84.8229,179.2564,0.3247,2.8633,2.0023,2.9011,2.9301,2.6546,3.9724,5,2.2613,False,False,fail,
deep/qr_A_m8_deep_034.png,deep,0.85,8,232,34,A,HYDROSHIP-M5-A,backscatter|blur|color|ripple,0.3103,1.0347,1.1157,74.6034,180.6702,0.3213,2.5523,2.2551,2.4935,3.3893,4.7008,5.3713,5,2.3279,True,True,raw,HYDROSHIP-M5-A
deep/qr_A_m8_deep_035.png,deep,0.85,8,232,35,A,HYDROSHIP-M5-A,backscatter|blur|color|ripple,0.3014,1.0413,1.1529,80.5637,172.8548,0.303,2.6947,2.2274,2.777,3.066,3.1247,0.1019,5,2.4629,False,False,fail,
deep/qr_A_m8_deep_036.png,deep,0.85,8,232,36,A,HYDROSHIP-M5-A,backscatter|blur|color|ripple,0.2863,0.9618,1.2334,79.877,188.4228,0.309,2.8613,2.2245,2.7109,3.3029,4.9708,1.0739,5,2.2644,False,False,fail,
deep/qr_A_m8_deep_037.png,deep,0.85,8,232,37,A,HYDROSHIP-M5-A,backscatter|blur|color|ripple,0.2759,1.0708,1.1296,76.2022,183.3092,0.3207,2.7181,2.0032,2.816,3.3556,5.8566,0.1495,5,2.3443,False,False,fail,
deep/qr_A_m8_deep_038.png,deep,0.85,8,232,38,A,HYDROSHIP-M5-A,backscatter|blur|color|ripple,0.3208,0.9896,1.1446,74.6374,185.8591,0.3277,2.8045,2.1057,2.613,3.2849,1.1472,4.9013,5,2.3159,False,False,fail,
deep/qr_A_m8_deep_039.png,deep,0.85,8,232,39,A,HYDROSHIP-M5-A,backscatter|blur|color|ripple,0.3092,1.0145,1.1118,78.6926,162.9156,0.3216,2.6091,2.2743,2.8684,3.2041,4.1721,5.0974,5,2.1834,False,False,fail,
deep/qr_A_m8_deep_040.png,deep,0.85,8,232,40,A,HYDROSHIP-M5-A,backscatter|blur|color|ripple,0.2993,0.9702,1.2228,84.4001,179.19,0.3185,2.9332,2.1224,2.649,3.3657,2.0692,4.703,5,2.1415,False,False,fail,
deep/qr_A_m8_deep_041.png,deep,0.85,8,232,41,A,HYDROSHIP-M5-A,backscatter|blur|color|ripple,0.3184,1.0056,1.216,84.6532,181.8561,0.3279,2.8748,2.1396,2.7446,3.1281,5.0755,4.3764,5,2.2571,False,False,fail,
deep/qr_A_m8_deep_042.png,deep,0.85,8,232,42,A,HYDROSHIP-M5-A,backscatter|blur|color|ripple,0.3052,1.0341,1.1212,76.663,182.486,0.2991,2.7685,2.1456,2.8259,3.1126,0.6831,3.9181,5,2.3245,True,True,raw,HYDROSHIP-M5-A
deep/qr_A_m8_deep_043.png,deep,0.85,8,232,43,A,HYDROSHIP-M5-A,backscatter|blur|color|ripple,0.3095,1.046,1.2417,73.5499,178.7209,0.3204,2.8722,1.9878,2.5572,3.0186,0.773,6.1221,5,2.1231,False,False,fail,
deep/qr_A_m8_deep_044.png,deep,0.85,8,232,44,A,HYDROSHIP-M5-A,backscatter|blur|color|ripple,0.291,1.0618,1.1135,83.1341,176.6971,0.3317,2.5657,1.9919,2.7889,3.2976,2.1002,2.6405,5,2.2155,True,True,raw,HYDROSHIP-M5-A
deep/qr_A_m8_deep_045.png,deep,0.85,8,232,45,A,HYDROSHIP-M5-A,backscatter|blur|color|ripple,0.2926,1.119,1.1683,78.994,164.4065,0.3144,2.9034,1.9884,2.8322,3.3427,4.6927,2.1371,5,2.1336,False,False,fail,
deep/qr_A_m8_deep_046.png,deep,0.85,8,232,46,A,HYDROSHIP-M5-A,backscatter|blur|color|ripple,0.3107,0.9664,1.1384,81.0388,181.3472,0.296,2.6704,2.2127,2.5643,2.9699,0.1931,1.0401,5,2.4252,True,True,raw,HYDROSHIP-M5-A
deep/qr_A_m8_deep_047.png,deep,0.85,8,232,47,A,HYDROSHIP-M5-A,backscatter|blur|color|ripple,0.2964,0.9649,1.0743,75.6029,175.0321,0.3305,2.892,2.107,2.5148,2.9643,5.4379,0.6106,5,2.4382,True,True,raw,HYDROSHIP-M5-A
deep/qr_A_m8_deep_048.png,deep,0.85,8,232,48,A,HYDROSHIP-M5-A,backscatter|blur|color|ripple,0.296,1.0606,1.1323,84.8241,183.2371,0.3195,2.5663,2.1999,2.8211,3.311,0.3262,5.7055,5,2.3411,False,False,fail,
deep/qr_A_m8_deep_049.png,deep,0.85,8,232,49,A,HYDROSHIP-M5-A,backscatter|blur|color|ripple,0.2745,1.0043,1.1395,85.6668,163.2837,0.3078,2.9145,2.1951,2.8215,3.1634,2.0055,2.386,5,2.4354,False,False,fail,
deep/qr_A_m8_deep_050.png,deep,0.85,8,232,50,A,HYDROSHIP-M5-A,backscatter|blur|color|ripple,0.3097,1.0011,1.1529,74.6914,167.5323,0.3146,2.6161,2.1747,2.5714,3.0236,2.3332,0.132,5,2.3214,True,True,raw,HYDROSHIP-M5-A
deep/qr_A_m8_deep_051.png,deep,0.85,8,232,51,A,HYDROSHIP-M5-A,backscatter|blur|color|ripple,0.31,1.1049,1.2096,78.5866,183.7251,0.2876,2.7798,2.2651,2.5312,3.1219,3.4062,4.2556,5,2.2668,False,False,fail,
deep/qr_A_m8_deep_052.png,deep,0.85,8,232,52,A,HYDROSHIP-M5-A,backscatter|blur|color|ripple,0.2948,1.0018,1.1643,76.0221,163.5174,0.3358,2.8966,1.99,2.6129,3.285,2.4972,5.2694,5,2.2588,False,False,fail,
deep/qr_A_m8_deep_053.png,deep,0.85,8,232,53,A,HYDROSHIP-M5-A,backscatter|blur|color|ripple,0.3084,1.0496,1.0912,85.3806,165.0329,0.3142,2.7828,2.1288,2.5923,2.9061,0.0682,5.022,5,2.2617,False,False,fail,
deep/qr_A_m8_deep_054.png,deep,0.85,8,232,54,A,HYDROSHIP-M5-A,backscatter|blur|color|ripple,0.3208,1.0308,1.1713,74.0212,167.6882,0.3344,2.9346,2.0718,2.4855,3.1795,4.2789,6.1566,5,2.2844,True,True,raw,HYDROSHIP-M5-A
deep/qr_A_m8_deep_055.png,deep,0.85,8,232,55,A,HYDROSHIP-M5-A,backscatter|blur|color|ripple,0.2949,1.0578,1.0886,73.5596,182.7067,0.3161,2.6958,2.0153,2.7311,3.2398,1.9382,2.3773,5,2.2463,False,False,fail,
deep/qr_A_m8_deep_056.png,deep,0.85,8,232,56,A,HYDROSHIP-M5-A,backscatter|blur|color|ripple,0.2812,1.1139,1.2415,83.9588,163.745,0.2945,2.9435,2.0378,2.8554,3.3219,3.1954,3.9908,5,2.2283,False,False,fail,
deep/qr_A_m8_deep_057.png,deep,0.85,8,232,57,A,HYDROSHIP-M5-A,backscatter|blur|color|ripple,0.2845,0.997,1.2264,79.0301,167.663,0.2989,2.88,2.2165,2.7329,3.4013,0.1813,1.8804,5,2.42,False,False,fail,
deep/qr_A_m8_deep_058.png,deep,0.85,8,232,58,A,HYDROSHIP-M5-A,backscatter|blur|color|ripple,0.2759,0.9822,1.1097,78.0467,168.4505,0.3042,2.7691,2.0714,2.8132,2.9416,1.0254,2.7062,5,2.1957,False,True,cv2_fallback,HYDROSHIP-M5-A
deep/qr_A_m8_deep_059.png,deep,0.85,8,232,59,A,HYDROSHIP-M5-A,backscatter|blur|color|ripple,0.2822,1.0475,1.1367,74.1719,177.6616,0.2929,2.9783,2.1805,2.6965,2.9977,6.1121,3.796,5,2.2747,False,False,fail,
deep/qr_A_m8_deep_060.png,deep,0.85,8,232,60,A,HYDROSHIP-M5-A,backscatter|blur|color|ripple,0.274,0.9845,1.0629,82.2961,166.1348,0.2965,2.8209,2.3035,2.8099,3.1423,3.9199,5.334,5,2.46,False,True,cv2_fallback,HYDROSHIP-M5-A
deep/qr_A_m8_deep_061.png,deep,0.85,8,232,61,A,HYDROSHIP-M5-A,backscatter|blur|color|ripple,0.3025,1.031,1.0823,85.4849,167.1776,0.3119,2.6297,1.9997,2.7218,3.2813,4.4672,5.7157,5,2.1413,True,True,raw,HYDROSHIP-M5-A
deep/qr_A_m8_deep_062.png,deep,0.85,8,232,62,A,HYDROSHIP-M5-A,backscatter|blur|color|ripple,0.3024,1.108,1.1511,78.7283,182.3816,0.3019,2.7749,1.9881,2.5366,3.1861,4.0078,0.8486,5,2.2018,False,False,fail,
deep/qr_A_m8_deep_063.png,deep,0.85,8,232,63,A,HYDROSHIP-M5-A,backscatter|blur|color|ripple,0.2961,1.0011,1.1152,75.5248,175.5679,0.3193,2.7921,2.2273,2.6047,3.1082,6.1987,1.7267,5,2.213,False,False,fail,
deep/qr_A_m8_deep_064.png,deep,0.85,8,232,64,A,HYDROSHIP-M5-A,backscatter|blur|color|ripple,0.2914,1.0493,1.1315,79.6863,176.198,0.2941,2.843,2.2886,2.7188,3.0145,3.2711,5.1358,5,2.3397,False,False,fail,
deep/qr_A_m8_deep_065.png,deep,0.85,8,232,65,A,HYDROSHIP-M5-A,backscatter|blur|color|ripple,0.2888,0.9702,1.226,82.3467,162.3716,0.3203,2.924,2.0604,2.5031,3.0192,1.3115,5.3056,5,2.3003,False,True,cv2_fallback,HYDROSHIP-M5-A
deep/qr_A_m8_deep_066.png,deep,0.85,8,232,66,A,HYDROSHIP-M5-A,backscatter|blur|color|ripple,0.2995,1.0617,1.0635,79.0313,187.489,0.2882,2.6888,2.2774,2.7944,3.1665,2.3972,5.1045,5,2.3969,False,False,fail,
deep/qr_A_m8_deep_067.png,deep,0.85,8,232,67,A,HYDROSHIP-M5-A,backscatter|blur|color|ripple,0.3033,1.1202,1.1567,74.6,176.5959,0.3153,2.6285,2.2448,2.7218,3.4071,1.1411,6.1141,5,2.1519,True,True,raw,HYDROSHIP-M5-A
deep/qr_A_m8_deep_068.png,deep,0.85,8,232,68,A,HYDROSHIP-M5-A,backscatter|blur|color|ripple,0.2795,1.0013,1.2346,75.1462,181.5943,0.3289,2.7301,2.1548,2.7187,3.4068,5.0564,2.6898,5,2.4306,False,True,upscale,HYDROSHIP-M5-A
deep/qr_A_m8_deep_069.png,deep,0.85,8,232,69,A,HYDROSHIP-M5-A,backscatter|blur|color|ripple,0.2921,1.0675,1.0839,80.5114,187.294,0.3057,2.8035,2.0645,2.5827,3.3697,5.8133,2.0226,5,2.3529,False,False,fail,
deep/qr_A_m8_deep_070.png,deep,0.85,8,232,70,A,HYDROSHIP-M5-A,backscatter|blur|color|ripple,0.2785,1.022,1.1781,84.4077,162.7675,0.2935,2.8506,2.1307,2.6605,3.0585,5.1221,5.8768,5,2.3771,False,False,fail,
deep/qr_A_m8_deep_071.png,deep,0.85,8,232,71,A,HYDROSHIP-M5-A,backscatter|blur|color|ripple,0.3182,1.1124,1.1963,79.302,167.0949,0.299,2.8224,2.2503,2.5456,3.194,5.2808,5.8933,5,2.1416,True,True,raw,HYDROSHIP-M5-A
deep/qr_A_m8_deep_072.png,deep,0.85,8,232,72,A,HYDROSHIP-M5-A,backscatter|blur|color|ripple,0.28,1.1167,1.2411,79.8244,186.573,0.3125,2.9582,2.0327,2.88,3.3914,4.6254,5.7488,5,2.389,False,False,fail,
deep/qr_A_m8_deep_073.png,deep,0.85,8,232,73,A,HYDROSHIP-M5-A,backscatter|blur|color|ripple,0.2914,0.9831,1.1944,79.4481,180.6994,0.3018,2.5985,2.1748,2.5978,3.2817,1.032,1.8401,5,2.3564,False,True,cv2_fallback,HYDROSHIP-M5-A
deep/qr_A_m8_deep_074.png,deep,0.85,8,232,74,A,HYDROSHIP-M5-A,backscatter|blur|color|ripple,0.3091,0.9676,1.0676,78.4337,188.8396,0.3052,2.5669,2.2232,2.6549,2.9866,1.1515,2.4969,5,2.3681,False,False,fail,
deep/qr_A_m8_deep_075.png,deep,0.85,8,232,75,A,HYDROSHIP-M5-A,backscatter|blur|color|ripple,0.2985,1.0468,1.1014,75.8769,166.3297,0.2929,2.9521,2.0102,2.6009,3.3718,2.6069,5.0605,5,2.3,False,False,fail,
deep/qr_A_m8_deep_076.png,deep,0.85,8,232,76,A,HYDROSHIP-M5-A,backscatter|blur|color|ripple,0.2778,0.9732,1.2125,80.632,188.8857,0.3196,2.5577,2.2809,2.8367,3.378,4.9145,1.0321,5,2.3459,False,False,fail,
deep/qr_A_m8_deep_077.png,deep,0.85,8,232,77,A,HYDROSHIP-M5-A,backscatter|blur|color|ripple,0.2836,0.9968,1.0924,74.2357,171.5418,0.3279,2.7024,2.0378,2.6306,3.2648,0.4581,4.3717,5,2.427,False,False,fail,
deep/qr_A_m8_deep_078.png,deep,0.85,8,232,78,A,HYDROSHIP-M5-A,backscatter|blur|color|ripple,0.3096,1.089,1.2291,78.9934,179.2008,0.318,2.7834,2.1749,2.7086,3.305,4.8364,2.9924,5,2.252,True,True,raw,HYDROSHIP-M5-A
deep/qr_A_m8_deep_079.png,deep,0.85,8,232,79,A,HYDROSHIP-M5-A,backscatter|blur|color|ripple,0.3196,1.0204,1.2113,79.4724,167.8322,0.2953,2.7672,2.2758,2.6523,3.2056,6.2235,3.2305,5,2.1403,False,True,clahe,HYDROSHIP-M5-A
deep/qr_A_m8_deep_080.png,deep,0.85,8,232,80,A,HYDROSHIP-M5-A,backscatter|blur|color|ripple,0.2795,1.1142,1.1229,79.8566,187.2482,0.3143,2.7802,2.1149,2.6691,3.0026,3.2736,0.8739,5,2.1718,True,True,raw,HYDROSHIP-M5-A
deep/qr_A_m8_deep_081.png,deep,0.85,8,232,81,A,HYDROSHIP-M5-A,backscatter|blur|color|ripple,0.3199,1.094,1.111,83.0988,161.0475,0.3338,2.9303,2.2996,2.6786,3.2189,2.8247,1.5064,5,2.1898,False,False,fail,
deep/qr_A_m8_deep_082.png,deep,0.85,8,232,82,A,HYDROSHIP-M5-A,backscatter|blur|color|ripple,0.2849,0.9837,1.0853,83.1524,166.0265,0.3193,2.6234,2.0092,2.8796,3.3094,1.7485,0.9035,5,2.3286,False,False,fail,
deep/qr_A_m8_deep_083.png,deep,0.85,8,232,83,A,HYDROSHIP-M5-A,backscatter|blur|color|ripple,0.2777,1.0091,1.2034,75.0618,180.3536,0.2903,2.8551,2.0971,2.8763,3.339,5.0056,5.6649,5,2.3427,False,True,clahe,HYDROSHIP-M5-A
shallow/qr_B_m4_shallow_000.png,shallow,0.25,4,116,0,B,HYDROSHIP-M5-B,backscatter|blur|color|ripple,0.6447,0.9549,1.0371,29.8062,218.178,0.1121,1.1,0.7242,1.4812,1.7495,3.152,0.6375,3,1.0782,True,True,raw,HYDROSHIP-M5-B
shallow/qr_B_m4_shallow_001.png,shallow,0.25,4,116,1,B,HYDROSHIP-M5-B,backscatter|blur|color|ripple,0.6871,1.0422,1.1156,27.4978,230.6633,0.1242,1.0826,0.7517,1.5359,1.7572,0.6067,4.969,3,1.0527,True,True,raw,HYDROSHIP-M5-B
shallow/qr_B_m4_shallow_002.png,shallow,0.25,4,116,2,B,HYDROSHIP-M5-B,backscatter|blur|color|ripple,0.6668,1.0089,1.1057,30.8735,230.6831,0.1295,0.9653,0.7813,1.3896,1.7931,3.9862,4.0687,3,1.0682,True,True,raw,HYDROSHIP-M5-B
shallow/qr_B_m4_shallow_003.png,shallow,0.25,4,116,3,B,HYDROSHIP-M5-B,backscatter|blur|color|ripple,0.7129,1.0232,1.0195,28.7698,212.5631,0.1287,1.0696,0.7237,1.5584,1.6433,0.0026,3.2364,3,1.0416,True,True,raw,HYDROSHIP-M5-B
shallow/qr_B_m4_shallow_004.png,shallow,0.25,4,116,4,B,HYDROSHIP-M5-B,backscatter|blur|color|ripple,0.6799,0.9774,0.9709,26.6824,238.2616,0.1167,1.0263,0.8167,1.4905,1.6479,0.7556,3.7582,3,0.9904,True,True,raw,HYDROSHIP-M5-B
shallow/qr_B_m4_shallow_005.png,shallow,0.25,4,116,5,B,HYDROSHIP-M5-B,backscatter|blur|color|ripple,0.6913,1.0777,1.0138,30.2561,213.0849,0.1259,0.9886,0.776,1.5234,1.8472,0.8409,3.2379,3,1.0605,True,True,raw,HYDROSHIP-M5-B
shallow/qr_B_m4_shallow_006.png,shallow,0.25,4,116,6,B,HYDROSHIP-M5-B,backscatter|blur|color|ripple,0.6437,0.9442,1.0465,30.3961,239.1615,0.1275,1.0293,0.7584,1.4798,1.8028,5.4398,2.9222,3,1.0105,True,True,raw,HYDROSHIP-M5-B
shallow/qr_B_m4_shallow_007.png,shallow,0.25,4,116,7,B,HYDROSHIP-M5-B,backscatter|blur|color|ripple,0.7027,1.0576,1.0093,31.2562,228.1473,0.1213,1.089,0.7183,1.4395,1.7191,0.0953,3.8533,3,1.0707,True,True,raw,HYDROSHIP-M5-B
shallow/qr_B_m4_shallow_008.png,shallow,0.25,4,116,8,B,HYDROSHIP-M5-B,backscatter|blur|color|ripple,0.6956,1.015,0.9952,29.2353,210.5348,0.1159,1.1038,0.7927,1.5158,1.8153,5.6893,4.3578,3,1.0668,True,True,raw,HYDROSHIP-M5-B
shallow/qr_B_m4_shallow_009.png,shallow,0.25,4,116,9,B,HYDROSHIP-M5-B,backscatter|blur|color|ripple,0.6761,0.9533,1.0781,27.6203,244.3641,0.1108,1.0351,0.797,1.3889,1.6402,5.2389,5.582,3,1.0044,True,True,raw,HYDROSHIP-M5-B
shallow/qr_B_m4_shallow_010.png,shallow,0.25,4,116,10,B,HYDROSHIP-M5-B,backscatter|blur|color|ripple,0.6402,0.9606,1.0892,30.272,235.3904,0.1247,1.0095,0.7949,1.5648,1.8414,1.4082,4.21,3,1.0169,True,True,raw,HYDROSHIP-M5-B
shallow/qr_B_m4_shallow_011.png,shallow,0.25,4,116,11,B,HYDROSHIP-M5-B,backscatter|blur|color|ripple,0.7185,1.0888,1.1072,28.2541,239.3903,0.1132,0.9754,0.7522,1.5043,1.6622,5.3529,5.8131,3,1.0865,True,True,raw,HYDROSHIP-M5-B
shallow/qr_B_m4_shallow_012.png,shallow,0.25,4,116,12,B,HYDROSHIP-M5-B,backscatter|blur|color|ripple,0.6678,1.0615,0.9804,27.4492,229.5937,0.1169,1.083,0.7973,1.5596,1.7597,3.0917,4.52,3,0.9475,True,True,raw,HYDROSHIP-M5-B
shallow/qr_B_m4_shallow_013.png,shallow,0.25,4,116,13,B,HYDROSHIP-M5-B,backscatter|blur|color|ripple,0.7042,1.0198,1.1117,29.6264,243.9097,0.1221,1.0561,0.819,1.5364,1.7918,6.0997,2.3412,3,1.0268,True,True,raw,HYDROSHIP-M5-B
shallow/qr_B_m4_shallow_014.png,shallow,0.25,4,116,14,B,HYDROSHIP-M5-B,backscatter|blur|color|ripple,0.6399,1.0376,0.9687,27.8059,229.5472,0.1258,0.9971,0.7649,1.5864,1.7482,0.7569,3.1739,3,1.0822,True,True,raw,HYDROSHIP-M5-B
shallow/qr_B_m4_shallow_015.png,shallow,0.25,4,116,15,B,HYDROSHIP-M5-B,backscatter|blur|color|ripple,0.6504,0.9969,1.0627,31.1728,229.6491,0.1111,1.0254,0.79,1.5442,1.8563,1.5677,5.325,3,0.9605,True,True,raw,HYDROSHIP-M5-B
shallow/qr_B_m4_shallow_016.png,shallow,0.25,4,116,16,B,HYDROSHIP-M5-B,backscatter|blur|color|ripple,0.6351,1.031,1.0444,28.1047,212.6736,0.1138,1.0301,0.8362,1.6095,1.6744,5.0388,2.7245,3,1.0457,True,True,raw,HYDROSHIP-M5-B
shallow/qr_B_m4_shallow_017.png,shallow,0.25,4,116,17,B,HYDROSHIP-M5-B,backscatter|blur|color|ripple,0.6713,0.9917,1.0316,27.6994,216.9648,0.1124,0.9741,0.7573,1.4601,1.8029,2.5989,4.3253,3,1.1036,True,True,raw,HYDROSHIP-M5-B
shallow/qr_B_m4_shallow_018.png,shallow,0.25,4,116,18,B,HYDROSHIP-M5-B,backscatter|blur|color|ripple,0.6787,0.9735,1.0336,27.4224,221.817,0.1132,1.058,0.7802,1.4128,1.6428,2.746,4.9375,3,1.0668,True,True,raw,HYDROSHIP-M5-B
shallow/qr_B_m4_shallow_019.png,shallow,0.25,4,116,19,B,HYDROSHIP-M5-B,backscatter|blur|color|ripple,0.7367,1.0,1.0528,29.106,211.0824,0.122,1.0042,0.8109,1.4826,1.7849,1.939,1.1287,3,1.0625,True,True,raw,HYDROSHIP-M5-B
shallow/qr_B_m4_shallow_020.png,shallow,0.25,4,116,20,B,HYDROSHIP-M5-B,backscatter|blur|color|ripple,0.7045,1.0137,1.0056,30.4247,221.5566,0.1172,1.0664,0.7354,1.5581,1.8743,3.7081,0.4717,3,1.0207,True,True,raw,HYDROSHIP-M5-B
shallow/qr_B_m4_shallow_021.png,shallow,0.25,4,116,21,B,HYDROSHIP-M5-B,backscatter|blur|color|ripple,0.7284,0.9321,0.9916,30.0298,220.3323,0.1284,1.0918,0.8206,1.5774,1.7772,4.1133,5.5095,3,0.9719,True,True,raw,HYDROSHIP-M5-B
shallow/qr_B_m4_shallow_022.png,shallow,0.25,4,116,22,B,HYDROSHIP-M5-B,backscatter|blur|color|ripple,0.7308,0.9356,1.0891,29.0398,217.2318,0.1129,1.1068,0.7376,1.4793,1.7066,5.8101,1.9008,3,1.0585,True,True,raw,HYDROSHIP-M5-B
shallow/qr_B_m4_shallow_023.png,shallow,0.25,4,116,23,B,HYDROSHIP-M5-B,backscatter|blur|color|ripple,0.7018,1.03,1.0861,29.0373,232.5006,0.115,1.0276,0.8171,1.5897,1.8236,5.7306,2.8469,3,0.9583,True,True,raw,HYDROSHIP-M5-B
shallow/qr_B_m4_shallow_024.png,shallow,0.25,4,116,24,B,HYDROSHIP-M5-B,backscatter|blur|color|ripple,0.6836,1.068,1.0278,27.3434,238.2278,0.1144,1.0489,0.7606,1.5529,1.8725,0.5045,2.7918,3,0.9608,True,True,raw,HYDROSHIP-M5-B
shallow/qr_B_m4_shallow_025.png,shallow,0.25,4,116,25,B,HYDROSHIP-M5-B,backscatter|blur|color|ripple,0.6621,1.0893,1.0597,27.9938,208.9391,0.1291,1.0213,0.7659,1.4934,1.6617,4.6728,3.0927,3,1.0192,True,True,raw,HYDROSHIP-M5-B
shallow/qr_B_m4_shallow_026.png,shallow,0.25,4,116,26,B,HYDROSHIP-M5-B,backscatter|blur|color|ripple,0.6977,0.9522,1.0155,28.6264,214.7908,0.1152,0.9578,0.7482,1.428,1.6511,6.1957,3.9212,3,1.0389,True,True,raw,HYDROSHIP-M5-B
shallow/qr_B_m4_shallow_027.png,shallow,0.25,4,116,27,B,HYDROSHIP-M5-B,backscatter|blur|color|ripple,0.735,1.0467,1.0191,31.0419,219.9927,0.1194,1.0054,0.7568,1.5529,1.6493,3.386,5.4765,3,1.0645,True,True,raw,HYDROSHIP-M5-B
shallow/qr_B_m4_shallow_028.png,shallow,0.25,4,116,28,B,HYDROSHIP-M5-B,backscatter|blur|color|ripple,0.6971,1.0716,1.0001,28.2377,223.2821,0.1279,1.088,0.7237,1.5545,1.7505,3.3474,2.6918,3,1.06,True,True,raw,HYDROSHIP-M5-B
shallow/qr_B_m4_shallow_029.png,shallow,0.25,4,116,29,B,HYDROSHIP-M5-B,backscatter|blur|color|ripple,0.6838,0.9872,1.099,30.3307,240.714,0.1147,0.9781,0.8166,1.5889,1.7964,4.9812,4.0469,3,0.9832,True,True,raw,HYDROSHIP-M5-B
shallow/qr_B_m4_shallow_030.png,shallow,0.25,4,116,30,B,HYDROSHIP-M5-B,backscatter|blur|color|ripple,0.6536,0.9655,1.0731,28.2723,242.5594,0.1196,1.1049,0.7583,1.5814,1.6419,0.9791,2.7043,3,0.9442,True,True,raw,HYDROSHIP-M5-B
shallow/qr_B_m4_shallow_031.png,shallow,0.25,4,116,31,B,HYDROSHIP-M5-B,backscatter|blur|color|ripple,0.6503,1.0841,1.1084,28.1335,212.1658,0.1143,1.0711,0.7272,1.4233,1.7563,6.0101,3.3799,3,1.0621,True,True,raw,HYDROSHIP-M5-B
shallow/qr_B_m4_shallow_032.png,shallow,0.25,4,116,32,B,HYDROSHIP-M5-B,backscatter|blur|color|ripple,0.6732,1.0817,1.0922,29.6968,243.3032,0.112,1.0079,0.8035,1.6103,1.6722,5.2343,5.7526,3,1.0081,True,True,raw,HYDROSHIP-M5-B
shallow/qr_B_m4_shallow_033.png,shallow,0.25,4,116,33,B,HYDROSHIP-M5-B,backscatter|blur|color|ripple,0.651,0.937,1.1245,26.9998,239.3513,0.1238,1.0835,0.7914,1.469,1.9055,0.8912,5.8847,3,1.0975,True,True,raw,HYDROSHIP-M5-B
shallow/qr_B_m4_shallow_034.png,shallow,0.25,4,116,34,B,HYDROSHIP-M5-B,backscatter|blur|color|ripple,0.6851,1.0239,1.0149,29.9073,214.8959,0.1114,1.0776,0.7393,1.5417,1.8226,5.5747,1.5401,3,0.9871,True,True,raw,HYDROSHIP-M5-B
shallow/qr_B_m4_shallow_035.png,shallow,0.25,4,116,35,B,HYDROSHIP-M5-B,backscatter|blur|color|ripple,0.7318,1.0254,1.0031,28.6607,243.0497,0.1127,0.992,0.8209,1.5111,1.886,2.0337,1.0078,3,0.9638,True,True,raw,HYDROSHIP-M5-B
shallow/qr_B_m4_shallow_036.png,shallow,0.25,4,116,36,B,HYDROSHIP-M5-B,backscatter|blur|color|ripple,0.6544,1.0404,1.0355,28.2939,210.3581,0.1257,0.9496,0.7495,1.5045,1.727,1.1353,2.6699,3,1.1028,True,True,raw,HYDROSHIP-M5-B
shallow/qr_B_m4_shallow_037.png,shallow,0.25,4,116,37,B,HYDROSHIP-M5-B,backscatter|blur|color|ripple,0.7031,0.9873,1.088,27.8233,219.3467,0.1109,1.085,0.8084,1.6183,1.8673,5.1277,5.0524,3,0.9772,True,True,raw,HYDROSHIP-M5-B
shallow/qr_B_m4_shallow_038.png,shallow,0.25,4,116,38,B,HYDROSHIP-M5-B,backscatter|blur|color|ripple,0.6904,1.0016,1.0746,29.9727,239.3725,0.1167,0.9583,0.7568,1.42,1.6377,5.8541,4.8937,3,1.0907,True,True,raw,HYDROSHIP-M5-B
shallow/qr_B_m4_shallow_039.png,shallow,0.25,4,116,39,B,HYDROSHIP-M5-B,backscatter|blur|color|ripple,0.7418,1.0518,1.1208,29.3721,241.3845,0.1231,1.0376,0.8165,1.5481,1.7628,4.5796,0.7619,3,1.074,True,True,raw,HYDROSHIP-M5-B
shallow/qr_B_m4_shallow_040.png,shallow,0.25,4,116,40,B,HYDROSHIP-M5-B,backscatter|blur|color|ripple,0.6913,0.9699,0.9675,27.9664,226.6363,0.1236,0.9979,0.8107,1.5924,1.7887,0.0297,5.238,3,1.0012,True,True,raw,HYDROSHIP-M5-B
shallow/qr_B_m4_shallow_041.png,shallow,0.25,4,116,41,B,HYDROSHIP-M5-B,backscatter|blur|color|ripple,0.6634,0.9758,0.9738,30.4408,212.7741,0.1264,0.9485,0.7487,1.4878,1.733,2.445,3.9858,3,0.9897,True,True,raw,HYDROSHIP-M5-B
shallow/qr_B_m4_shallow_042.png,shallow,0.25,4,116,42,B,HYDROSHIP-M5-B,backscatter|blur|color|ripple,0.7366,1.0263,0.9681,27.1807,218.4862,0.1159,1.037,0.8316,1.5376,1.8915,1.2134,3.6384,3,1.0519,True,True,raw,HYDROSHIP-M5-B
shallow/qr_B_m4_shallow_043.png,shallow,0.25,4,116,43,B,HYDROSHIP-M5-B,backscatter|blur|color|ripple,0.6663,0.956,1.0227,30.6961,243.436,0.1249,0.9907,0.7332,1.5285,1.6995,3.5909,1.4141,3,1.072,True,True,raw,HYDROSHIP-M5-B
shallow/qr_B_m4_shallow_044.png,shallow,0.25,4,116,44,B,HYDROSHIP-M5-B,backscatter|blur|color|ripple,0.6879,1.0671,0.9768,27.7104,236.8699,0.1293,1.0726,0.7922,1.4742,1.7555,5.2773,0.1265,3,1.0127,True,True,raw,HYDROSHIP-M5-B
shallow/qr_B_m4_shallow_045.png,shallow,0.25,4,116,45,B,HYDROSHIP-M5-B,backscatter|blur|color|ripple,0.6456,1.0247,0.9816,27.6296,242.0536,0.1164,1.0319,0.7213,1.6161,1.7453,6.2476,0.6016,3,1.033,True,True,raw,HYDROSHIP-M5-B
shallow/qr_B_m4_shallow_046.png,shallow,0.25,4,116,46,B,HYDROSHIP-M5-B,backscatter|blur|color|ripple,0.7021,1.03,1.0482,27.952,241.4682,0.1257,0.9559,0.7595,1.4223,1.6903,4.1174,4.6219,3,1.0081,True,True,raw,HYDROSHIP-M5-B
shallow/qr_B_m4_shallow_047.png,shallow,0.25,4,116,47,B,HYDROSHIP-M5-B,backscatter|blur|color|ripple,0.7332,0.9467,0.9852,29.4208,212.9581,0.1278,1.0578,0.8328,1.4423,1.769,5.6951,4.6742,3,1.0493,True,True,raw,HYDROSHIP-M5-B
shallow/qr_B_m4_shallow_048.png,shallow,0.25,4,116,48,B,HYDROSHIP-M5-B,backscatter|blur|color|ripple,0.7131,0.9866,1.0324,27.0936,229.489,0.1203,0.9664,0.8198,1.4463,1.7101,2.1193,6.1406,3,1.0443,True,True,raw,HYDROSHIP-M5-B
shallow/qr_B_m4_shallow_049.png,shallow,0.25,4,116,49,B,HYDROSHIP-M5-B,backscatter|blur|color|ripple,0.6551,1.0299,1.0258,27.9952,211.9238,0.1106,1.081,0.8352,1.4665,1.7651,5.9327,2.9574,3,0.9819,True,True,raw,HYDROSHIP-M5-B
shallow/qr_B_m4_shallow_050.png,shallow,0.25,4,116,50,B,HYDROSHIP-M5-B,backscatter|blur|color|ripple,0.6799,1.0627,0.9704,28.5793,221.6696,0.128,1.0316,0.7704,1.6175,1.899,3.8101,0.3508,3,1.0388,True,True,raw,HYDROSHIP-M5-B
shallow/qr_B_m4_shallow_051.png,shallow,0.25,4,116,51,B,HYDROSHIP-M5-B,backscatter|blur|color|ripple,0.7107,0.935,0.9751,27.9512,224.733,0.1145,0.9651,0.7787,1.4676,1.696,0.6446,4.8376,3,1.044,True,True,raw,HYDROSHIP-M5-B
shallow/qr_B_m4_shallow_052.png,shallow,0.25,4,116,52,B,HYDROSHIP-M5-B,backscatter|blur|color|ripple,0.6566,0.9425,0.9648,29.8089,222.7618,0.1219,1.0958,0.7553,1.5695,1.8142,4.3971,3.565,3,0.9802,True,True,raw,HYDROSHIP-M5-B
shallow/qr_B_m4_shallow_053.png,shallow,0.25,4,116,53,B,HYDROSHIP-M5-B,backscatter|blur|color|ripple,0.67,1.0868,0.9728,27.34,214.55,0.1181,0.9858,0.7793,1.5037,1.6426,1.6021,6.0199,3,0.9716,True,True,raw,HYDROSHIP-M5-B
shallow/qr_B_m4_shallow_054.png,shallow,0.25,4,116,54,B,HYDROSHIP-M5-B,backscatter|blur|color|ripple,0.6399,1.0703,1.0136,30.5013,233.054,0.113,0.9835,0.7429,1.436,1.8983,3.346,2.3883,3,0.9509,True,True,raw,HYDROSHIP-M5-B
shallow/qr_B_m4_shallow_055.png,shallow,0.25,4,116,55,B,HYDROSHIP-M5-B,backscatter|blur|color|ripple,0.73,0.9571,0.9827,29.9659,234.0373,0.1173,0.9598,0.7365,1.5633,1.6637,1.5525,2.989,3,0.9879,True,True,raw,HYDROSHIP-M5-B
shallow/qr_B_m4_shallow_056.png,shallow,0.25,4,116,56,B,HYDROSHIP-M5-B,backscatter|blur|color|ripple,0.6668,1.0801,1.033,27.3933,232.6584,0.1177,1.0822,0.7995,1.4052,1.7013,5.4909,5.4828,3,0.961,True,True,raw,HYDROSHIP-M5-B
shallow/qr_B_m4_shallow_057.png,shallow,0.25,4,116,57,B,HYDROSHIP-M5-B,backscatter|blur|color|ripple,0.721,1.008,1.0608,26.8361,244.1814,0.1133,1.0128,0.8107,1.4446,1.7912,1.927,2.1081,3,1.0903,True,True,raw,HYDROSHIP-M5-B
shallow/qr_B_m4_shallow_058.png,shallow,0.25,4,116,58,B,HYDROSHIP-M5-B,backscatter|blur|color|ripple,0.6405,0.9456,1.0904,27.5415,238.9369,0.1106,1.039,0.7252,1.3827,1.8534,0.4373,0.8925,3,0.9682,True,True,raw,HYDROSHIP-M5-B
shallow/qr_B_m4_shallow_059.png,shallow,0.25,4,116,59,B,HYDROSHIP-M5-B,backscatter|blur|color|ripple,0.6936,0.9394,1.123,31.1266,216.1223,0.1162,0.9959,0.7816,1.6157,1.7636,1.0483,5.1405,3,1.0711,True,True,raw,HYDROSHIP-M5-B
shallow/qr_B_m4_shallow_060.png,shallow,0.25,4,116,60,B,HYDROSHIP-M5-B,backscatter|blur|color|ripple,0.7226,1.0215,0.9788,27.6709,210.0402,0.1252,1.0952,0.7649,1.5956,1.6489,5.0389,6.2071,3,1.0348,True,True,raw,HYDROSHIP-M5-B
shallow/qr_B_m4_shallow_061.png,shallow,0.25,4,116,61,B,HYDROSHIP-M5-B,backscatter|blur|color|ripple,0.6503,1.0892,1.0826,29.1223,233.7277,0.1246,1.0265,0.7727,1.5864,1.889,3.3962,4.2622,3,1.043,True,True,raw,HYDROSHIP-M5-B
shallow/qr_B_m4_shallow_062.png,shallow,0.25,4,116,62,B,HYDROSHIP-M5-B,backscatter|blur|color|ripple,0.7291,1.088,0.9844,27.0176,231.6729,0.1136,1.0432,0.8074,1.5218,1.8873,3.4061,2.6487,3,1.0898,True,True,raw,HYDROSHIP-M5-B
shallow/qr_B_m4_shallow_063.png,shallow,0.25,4,116,63,B,HYDROSHIP-M5-B,backscatter|blur|color|ripple,0.6827,1.0612,0.9862,29.7982,225.7366,0.1143,0.9596,0.748,1.4847,1.658,1.7142,5.9615,3,1.0691,True,True,raw,HYDROSHIP-M5-B
shallow/qr_B_m4_shallow_064.png,shallow,0.25,4,116,64,B,HYDROSHIP-M5-B,backscatter|blur|color|ripple,0.6797,1.0344,1.1211,29.1767,229.1327,0.1108,1.0041,0.8118,1.5823,1.7672,1.6325,0.1628,3,1.0594,True,True,raw,HYDROSHIP-M5-B
shallow/qr_B_m4_shallow_065.png,shallow,0.25,4,116,65,B,HYDROSHIP-M5-B,backscatter|blur|color|ripple,0.6861,1.0382,1.1124,27.9104,210.5646,0.1248,1.0979,0.7351,1.5293,1.7971,3.0178,2.7554,3,1.0101,True,True,raw,HYDROSHIP-M5-B
shallow/qr_B_m4_shallow_066.png,shallow,0.25,4,116,66,B,HYDROSHIP-M5-B,backscatter|blur|color|ripple,0.7298,0.9834,1.1131,27.1048,227.0243,0.1208,1.0717,0.7543,1.5339,1.7527,3.1879,2.4508,3,0.9741,True,True,raw,HYDROSHIP-M5-B
shallow/qr_B_m4_shallow_067.png,shallow,0.25,4,116,67,B,HYDROSHIP-M5-B,backscatter|blur|color|ripple,0.6421,1.0454,1.0677,30.512,223.9864,0.116,1.0156,0.8365,1.522,1.9015,2.1348,1.7856,3,1.0106,True,True,raw,HYDROSHIP-M5-B
shallow/qr_B_m4_shallow_068.png,shallow,0.25,4,116,68,B,HYDROSHIP-M5-B,backscatter|blur|color|ripple,0.6956,1.0691,1.0894,27.888,225.9677,0.1168,0.9556,0.7185,1.4578,1.8612,4.082,1.3526,3,1.0885,True,True,raw,HYDROSHIP-M5-B
shallow/qr_B_m4_shallow_069.png,shallow,0.25,4,116,69,B,HYDROSHIP-M5-B,backscatter|blur|color|ripple,0.7346,0.9372,1.0368,27.3018,217.5722,0.1105,1.0364,0.8363,1.5011,1.7803,4.9377,4.9261,3,0.9585,True,True,raw,HYDROSHIP-M5-B
shallow/qr_B_m4_shallow_070.png,shallow,0.25,4,116,70,B,HYDROSHIP-M5-B,backscatter|blur|color|ripple,0.6445,0.9724,0.9718,26.772,217.9661,0.1213,0.9904,0.808,1.3903,1.8111,5.5718,6.2796,3,0.9945,True,True,raw,HYDROSHIP-M5-B
shallow/qr_B_m4_shallow_071.png,shallow,0.25,4,116,71,B,HYDROSHIP-M5-B,backscatter|blur|color|ripple,0.662,0.9779,1.0438,30.9358,244.1033,0.116,1.0786,0.727,1.5922,1.6384,0.0642,5.4086,3,1.0338,True,True,raw,HYDROSHIP-M5-B
shallow/qr_B_m4_shallow_072.png,shallow,0.25,4,116,72,B,HYDROSHIP-M5-B,backscatter|blur|color|ripple,0.7164,1.0846,0.9696,28.7674,210.7558,0.1176,0.9851,0.7952,1.523,1.7307,3.5633,5.6153,3,1.0485,True,True,raw,HYDROSHIP-M5-B
shallow/qr_B_m4_shallow_073.png,shallow,0.25,4,116,73,B,HYDROSHIP-M5-B,backscatter|blur|color|ripple,0.6388,0.9463,1.1014,28.3617,233.1047,0.1179,0.975,0.7913,1.6107,1.6957,5.9216,2.6477,3,1.0417,True,True,raw,HYDROSHIP-M5-B
shallow/qr_B_m4_shallow_074.png,shallow,0.25,4,116,74,B,HYDROSHIP-M5-B,backscatter|blur|color|ripple,0.6726,0.9641,0.9654,28.2545,225.7375,0.1171,1.0505,0.7447,1.4687,1.666,1.4381,4.5123,3,1.0578,True,True,raw,HYDROSHIP-M5-B
shallow/qr_B_m4_shallow_075.png,shallow,0.25,4,116,75,B,HYDROSHIP-M5-B,backscatter|blur|color|ripple,0.6767,1.0564,1.0053,27.3273,220.105,0.1274,0.9702,0.8311,1.4814,1.8323,0.1128,3.7275,3,1.0935,True,True,raw,HYDROSHIP-M5-B
shallow/qr_B_m4_shallow_076.png,shallow,0.25,4,116,76,B,HYDROSHIP-M5-B,backscatter|blur|color|ripple,0.6451,1.0067,1.1141,31.2338,222.2496,0.1266,1.0418,0.8332,1.5391,1.659,2.0773,5.0005,3,1.0312,True,True,raw,HYDROSHIP-M5-B
shallow/qr_B_m4_shallow_077.png,shallow,0.25,4,116,77,B,HYDROSHIP-M5-B,backscatter|blur|color|ripple,0.7072,0.9357,1.0734,27.6877,242.8012,0.1284,0.9734,0.7447,1.3855,1.7385,2.2766,0.8239,3,1.0285,True,True,raw,HYDROSHIP-M5-B
shallow/qr_B_m4_shallow_078.png,shallow,0.25,4,116,78,B,HYDROSHIP-M5-B,backscatter|blur|color|ripple,0.741,1.0595,1.1216,29.637,242.4897,0.126,1.0296,0.7684,1.431,1.8361,5.3596,4.9555,3,1.0007,True,True,raw,HYDROSHIP-M5-B
shallow/qr_B_m4_shallow_079.png,shallow,0.25,4,116,79,B,HYDROSHIP-M5-B,backscatter|blur|color|ripple,0.7137,1.0381,1.1032,28.4648,224.1042,0.1196,0.9764,0.7601,1.5138,1.7454,5.5613,0.7351,3,0.9688,True,True,raw,HYDROSHIP-M5-B
shallow/qr_B_m4_shallow_080.png,shallow,0.25,4,116,80,B,HYDROSHIP-M5-B,backscatter|blur|color|ripple,0.6651,1.0689,1.0648,27.544,242.643,0.1212,0.964,0.8219,1.5447,1.8588,5.7808,4.566,3,1.0111,True,True,raw,HYDROSHIP-M5-B
shallow/qr_B_m4_shallow_081.png,shallow,0.25,4,116,81,B,HYDROSHIP-M5-B,backscatter|blur|color|ripple,0.6737,1.0002,0.964,28.4207,209.6749,0.1116,1.0058,0.7235,1.4135,1.6888,5.2029,4.9578,3,0.9689,True,True,raw,HYDROSHIP-M5-B
shallow/qr_B_m4_shallow_082.png,shallow,0.25,4,116,82,B,HYDROSHIP-M5-B,backscatter|blur|color|ripple,0.7027,0.9878,1.0388,28.7113,214.6923,0.1225,1.0949,0.7607,1.5641,1.7706,1.8249,2.7054,3,1.0217,True,True,raw,HYDROSHIP-M5-B
shallow/qr_B_m4_shallow_083.png,shallow,0.25,4,116,83,B,HYDROSHIP-M5-B,backscatter|blur|color|ripple,0.7403,0.9994,1.0063,26.8057,242.6494,0.1224,1.0099,0.8273,1.6182,1.8386,4.0486,3.9907,3,0.9907,True,True,raw,HYDROSHIP-M5-B
medium/qr_B_m4_medium_000.png,medium,0.55,4,116,0,B,HYDROSHIP-M5-B,backscatter|blur|color|ripple,0.4604,0.979,1.0468,55.359,216.4176,0.2183,2.0142,1.5445,2.268,2.6416,4.7849,2.806,5,1.6145,True,True,raw,HYDROSHIP-M5-B
medium/qr_B_m4_medium_001.png,medium,0.55,4,116,1,B,HYDROSHIP-M5-B,backscatter|blur|color|ripple,0.4736,1.1043,1.1404,53.5798,197.3253,0.2068,1.7662,1.4998,2.1381,2.5941,2.7609,3.3891,5,1.6474,True,True,raw,HYDROSHIP-M5-B
medium/qr_B_m4_medium_002.png,medium,0.55,4,116,2,B,HYDROSHIP-M5-B,backscatter|blur|color|ripple,0.4685,0.9704,1.1059,50.3896,205.4276,0.2148,1.9423,1.5195,2.1986,2.6241,4.7091,1.8847,5,1.7769,True,True,raw,HYDROSHIP-M5-B
medium/qr_B_m4_medium_003.png,medium,0.55,4,116,3,B,HYDROSHIP-M5-B,backscatter|blur|color|ripple,0.5184,1.0112,1.0687,51.7347,192.8902,0.2222,1.9996,1.4,1.9983,2.2842,0.987,1.1849,5,1.7269,True,True,raw,HYDROSHIP-M5-B
medium/qr_B_m4_medium_004.png,medium,0.55,4,116,4,B,HYDROSHIP-M5-B,backscatter|blur|color|ripple,0.4954,0.9462,1.0304,51.4662,194.9229,0.2068,1.9543,1.5802,2.2586,2.496,0.8779,6.1517,5,1.6045,True,True,raw,HYDROSHIP-M5-B
medium/qr_B_m4_medium_005.png,medium,0.55,4,116,5,B,HYDROSHIP-M5-B,backscatter|blur|color|ripple,0.4932,0.9961,1.0575,58.4553,186.2675,0.2137,1.7755,1.4681,1.9484,2.4515,3.5208,2.2609,5,1.5483,True,True,raw,HYDROSHIP-M5-B
medium/qr_B_m4_medium_006.png,medium,0.55,4,116,6,B,HYDROSHIP-M5-B,backscatter|blur|color|ripple,0.4902,1.0374,1.0139,52.3638,209.6153,0.2317,1.9538,1.4205,2.2441,2.4188,4.3513,0.8398,5,1.7247,True,True,raw,HYDROSHIP-M5-B
medium/qr_B_m4_medium_007.png,medium,0.55,4,116,7,B,HYDROSHIP-M5-B,backscatter|blur|color|ripple,0.531,0.9738,1.0849,58.0056,213.496,0.2143,1.8545,1.4231,1.9462,2.4672,5.1101,0.1261,5,1.5465,True,True,raw,HYDROSHIP-M5-B
medium/qr_B_m4_medium_008.png,medium,0.55,4,116,8,B,HYDROSHIP-M5-B,backscatter|blur|color|ripple,0.5007,1.0025,1.1566,51.2304,200.9849,0.2265,1.7922,1.3951,1.9948,2.3758,5.5776,4.5711,5,1.6458,True,True,raw,HYDROSHIP-M5-B
medium/qr_B_m4_medium_009.png,medium,0.55,4,116,9,B,HYDROSHIP-M5-B,backscatter|blur|color|ripple,0.5032,1.0687,1.0537,53.1976,203.3296,0.2279,1.7823,1.4195,2.1283,2.399,1.5801,4.3682,5,1.6755,True,True,raw,HYDROSHIP-M5-B
medium/qr_B_m4_medium_010.png,medium,0.55,4,116,10,B,HYDROSHIP-M5-B,backscatter|blur|color|ripple,0.4572,1.0814,1.0425,54.7764,186.8029,0.2264,1.9345,1.4518,2.0868,2.3232,4.9202,6.1744,5,1.5855,True,True,raw,HYDROSHIP-M5-B
medium/qr_B_m4_medium_011.png,medium,0.55,4,116,11,B,HYDROSHIP-M5-B,backscatter|blur|color|ripple,0.4649,1.0485,1.1235,55.917,186.8902,0.2208,1.8022,1.4065,2.0693,2.4313,4.9896,2.9427,5,1.7308,True,True,raw,HYDROSHIP-M5-B
medium/qr_B_m4_medium_012.png,medium,0.55,4,116,12,B,HYDROSHIP-M5-B,backscatter|blur|color|ripple,0.4733,1.1059,1.1783,53.1636,188.9607,0.1997,1.9609,1.4639,2.0377,2.4072,5.0923,1.089,5,1.7366,True,True,raw,HYDROSHIP-M5-B
medium/qr_B_m4_medium_013.png,medium,0.55,4,116,13,B,HYDROSHIP-M5-B,backscatter|blur|color|ripple,0.4901,0.9791,1.1472,52.7428,215.2544,0.2172,1.8282,1.5004,2.0642,2.5735,0.1567,0.4805,5,1.5675,True,True,raw,HYDROSHIP-M5-B
medium/qr_B_m4_medium_014.png,medium,0.55,4,116,14,B,HYDROSHIP-M5-B,backscatter|blur|color|ripple,0.498,1.0492,1.0345,51.4144,215.8876,0.2005,1.9807,1.4092,2.2501,2.344,5.5157,5.2457,5,1.7414,True,True,raw,HYDROSHIP-M5-B
medium/qr_B_m4_medium_015.png,medium,0.55,4,116,15,B,HYDROSHIP-M5-B,backscatter|blur|color|ripple,0.4939,1.0841,1.0524,57.4421,211.6155,0.2216,1.8386,1.3928,2.1808,2.5059,4.8688,5.0598,5,1.6362,True,True,raw,HYDROSHIP-M5-B
medium/qr_B_m4_medium_016.png,medium,0.55,4,116,16,B,HYDROSHIP-M5-B,backscatter|blur|color|ripple,0.5103,0.9595,1.1838,57.0606,212.1884,0.222,1.8624,1.4106,1.9636,2.4981,2.412,0.1927,5,1.6302,True,True,raw,HYDROSHIP-M5-B
medium/qr_B_m4_medium_017.png,medium,0.55,4,116,17,B,HYDROSHIP-M5-B,backscatter|blur|color|ripple,0.5159,1.0343,1.03,50.1692,215.9502,0.2106,1.8952,1.4513,2.2418,2.4366,4.1863,3.5991,5,1.6649,True,True,raw,HYDROSHIP-M5-B
medium/qr_B_m4_medium_018.png,medium,0.55,4,116,18,B,HYDROSHIP-M5-B,backscatter|blur|color|ripple,0.5038,1.0056,1.1849,53.3098,194.7324,0.2263,1.7685,1.5355,1.9806,2.4083,0.6029,1.6587,5,1.6524,True,True,raw,HYDROSHIP-M5-B
medium/qr_B_m4_medium_019.png,medium,0.55,4,116,19,B,HYDROSHIP-M5-B,backscatter|blur|color|ripple,0.4966,1.0474,1.1798,52.1099,209.3846,0.2209,1.8568,1.5517,1.9551,2.4417,5.0827,1.8239,5,1.5394,True,True,raw,HYDROSHIP-M5-B
medium/qr_B_m4_medium_020.png,medium,0.55,4,116,20,B,HYDROSHIP-M5-B,backscatter|blur|color|ripple,0.5089,0.9969,1.0374,55.7898,185.9529,0.2302,1.887,1.5209,2.0839,2.6496,5.276,4.6696,5,1.6894,True,True,raw,HYDROSHIP-M5-B
medium/qr_B_m4_medium_021.png,medium,0.55,4,116,21,B,HYDROSHIP-M5-B,backscatter|blur|color|ripple,0.4731,0.9661,1.1728,50.8177,203.5213,0.2329,1.8534,1.3679,2.0957,2.5017,5.9069,5.558,5,1.559,True,True,raw,HYDROSHIP-M5-B
medium/qr_B_m4_medium_022.png,medium,0.55,4,116,22,B,HYDROSHIP-M5-B,backscatter|blur|color|ripple,0.4594,0.9814,1.1751,54.3377,188.9792,0.2203,1.853,1.562,2.0652,2.5296,3.7186,4.7522,5,1.6833,True,True,raw,HYDROSHIP-M5-B
medium/qr_B_m4_medium_023.png,medium,0.55,4,116,23,B,HYDROSHIP-M5-B,backscatter|blur|color|ripple,0.511,1.0991,1.0697,51.9849,205.0742,0.2117,1.9274,1.5602,2.215,2.5064,5.6024,6.0524,5,1.6144,True,True,raw,HYDROSHIP-M5-B
medium/qr_B_m4_medium_024.png,medium,0.55,4,116,24,B,HYDROSHIP-M5-B,backscatter|blur|color|ripple,0.4701,1.0343,1.1474,50.1521,196.3261,0.2332,1.9544,1.4358,2.253,2.324,2.2174,2.4396,5,1.5698,True,True,raw,HYDROSHIP-M5-B
medium/qr_B_m4_medium_025.png,medium,0.55,4,116,25,B,HYDROSHIP-M5-B,backscatter|blur|color|ripple,0.4814,1.0188,1.0493,55.0358,201.9944,0.2247,1.872,1.3705,2.1078,2.4038,6.2726,3.0029,5,1.7037,True,True,raw,HYDROSHIP-M5-B
medium/qr_B_m4_medium_026.png,medium,0.55,4,116,26,B,HYDROSHIP-M5-B,backscatter|blur|color|ripple,0.4643,1.1039,1.0256,51.6544,196.7687,0.2311,2.0206,1.4349,2.1581,2.2835,3.3169,1.7241,5,1.6093,True,True,raw,HYDROSHIP-M5-B
medium/qr_B_m4_medium_027.png,medium,0.55,4,116,27,B,HYDROSHIP-M5-B,backscatter|blur|color|ripple,0.5046,1.0284,1.1399,54.0699,190.0757,0.2025,2.0084,1.5756,2.0583,2.3008,3.8548,3.9297,5,1.6753,True,True,raw,HYDROSHIP-M5-B
medium/qr_B_m4_medium_028.png,medium,0.55,4,116,28,B,HYDROSHIP-M5-B,backscatter|blur|color|ripple,0.4982,1.0596,1.0206,55.3017,199.7242,0.2109,1.9068,1.5452,1.972,2.5234,0.4891,1.3638,5,1.5926,True,True,raw,HYDROSHIP-M5-B
medium/qr_B_m4_medium_029.png,medium,0.55,4,116,29,B,HYDROSHIP-M5-B,backscatter|blur|color|ripple,0.5126,0.9574,1.1491,55.0383,193.3234,0.2235,1.9664,1.5455,2.1089,2.3931,1.422,1.3918,5,1.6493,True,True,raw,HYDROSHIP-M5-B
medium/qr_B_m4_medium_030.png,medium,0.55,4,116,30,B,HYDROSHIP-M5-B,backscatter|blur|color|ripple,0.4812,1.0416,1.185,53.0874,188.5517,0.2017,2.0125,1.4114,1.9832,2.515,3.7279,4.0646,5,1.7498,True,True,raw,HYDROSHIP-M5-B
medium/qr_B_m4_medium_031.png,medium,0.55,4,116,31,B,HYDROSHIP-M5-B,backscatter|blur|color|ripple,0.4909,0.9621,1.0608,53.2876,193.8112,0.2025,1.8586,1.5223,2.0456,2.584,5.2963,0.5619,5,1.596,True,True,raw,HYDROSHIP-M5-B
medium/qr_B_m4_medium_032.png,medium,0.55,4,116,32,B,HYDROSHIP-M5-B,backscatter|blur|color|ripple,0.4937,1.1051,1.0928,55.2379,211.0482,0.2303,1.9467,1.5728,1.9428,2.548,2.9645,0.8775,5,1.7812,True,True,raw,HYDROSHIP-M5-B
medium/qr_B_m4_medium_033.png,medium,0.55,4,116,33,B,HYDROSHIP-M5-B,backscatter|blur|color|ripple,0.4717,0.9592,1.0786,58.3023,196.4464,0.2116,1.9631,1.3765,2.1533,2.6357,1.6341,3.1767,5,1.7796,True,True,raw,HYDROSHIP-M5-B
medium/qr_B_m4_medium_034.png,medium,0.55,4,116,34,B,HYDROSHIP-M5-B,backscatter|blur|color|ripple,0.4713,0.9822,1.0698,51.5625,199.4884,0.2093,1.7595,1.5539,2.0536,2.3302,4.2145,4.1674,5,1.6841,True,True,raw,HYDROSHIP-M5-B
medium/qr_B_m4_medium_035.png,medium,0.55,4,116,35,B,HYDROSHIP-M5-B,backscatter|blur|color|ripple,0.5166,0.9554,1.0427,56.9049,185.3899,0.2238,1.752,1.4464,2.1862,2.5491,3.9203,2.6955,5,1.7553,True,True,raw,HYDROSHIP-M5-B
medium/qr_B_m4_medium_036.png,medium,0.55,4,116,36,B,HYDROSHIP-M5-B,backscatter|blur|color|ripple,0.5194,1.0176,1.1722,56.2206,213.5797,0.2179,1.8204,1.4043,2.1797,2.3387,1.8663,6.2678,5,1.6644,True,True,raw,HYDROSHIP-M5-B
medium/qr_B_m4_medium_037.png,medium,0.55,4,116,37,B,HYDROSHIP-M5-B,backscatter|blur|color|ripple,0.5016,1.0047,1.0187,56.3159,185.7253,0.2325,1.8606,1.3818,1.9547,2.617,0.032,1.8797,5,1.5984,True,True,raw,HYDROSHIP-M5-B
medium/qr_B_m4_medium_038.png,medium,0.55,4,116,38,B,HYDROSHIP-M5-B,backscatter|blur|color|ripple,0.5016,0.9782,1.0405,58.5169,215.2978,0.2193,1.9201,1.4575,2.1631,2.5108,4.1173,3.0846,5,1.6901,True,True,raw,HYDROSHIP-M5-B
medium/qr_B_m4_medium_039.png,medium,0.55,4,116,39,B,HYDROSHIP-M5-B,backscatter|blur|color|ripple,0.483,0.993,1.0707,58.062,187.3582,0.2221,1.8357,1.4396,1.9763,2.4194,0.3413,0.1613,5,1.5391,True,True,raw,HYDROSHIP-M5-B
medium/qr_B_m4_medium_040.png,medium,0.55,4,116,40,B,HYDROSHIP-M5-B,backscatter|blur|color|ripple,0.5316,1.0367,1.0185,54.931,188.8177,0.2187,1.8857,1.4484,2.0615,2.5519,3.4619,3.5807,5,1.5409,True,True,raw,HYDROSHIP-M5-B
medium/qr_B_m4_medium_041.png,medium,0.55,4,116,41,B,HYDROSHIP-M5-B,backscatter|blur|color|ripple,0.4842,0.9709,1.0797,50.0868,215.8062,0.2048,1.8201,1.5771,2.1164,2.4174,5.0568,0.1136,5,1.6561,True,True,raw,HYDROSHIP-M5-B
medium/qr_B_m4_medium_042.png,medium,0.55,4,116,42,B,HYDROSHIP-M5-B,backscatter|blur|color|ripple,0.4623,1.037,1.1065,52.4272,203.2396,0.2114,1.86,1.5437,1.9324,2.4544,2.0106,5.8538,5,1.5939,True,True,raw,HYDROSHIP-M5-B
medium/qr_B_m4_medium_043.png,medium,0.55,4,116,43,B,HYDROSHIP-M5-B,backscatter|blur|color|ripple,0.4557,0.9674,1.0618,55.8268,194.3606,0.204,1.811,1.3791,2.0568,2.3611,1.4821,2.1816,5,1.7665,True,True,raw,HYDROSHIP-M5-B
medium/qr_B_m4_medium_044.png,medium,0.55,4,116,44,B,HYDROSHIP-M5-B,backscatter|blur|color|ripple,0.5026,1.0834,1.1704,54.8556,196.1778,0.2022,1.7903,1.4699,2.1739,2.3764,4.7918,5.8469,5,1.5677,True,True,raw,HYDROSHIP-M5-B
medium/qr_B_m4_medium_045.png,medium,0.55,4,116,45,B,HYDROSHIP-M5-B,backscatter|blur|color|ripple,0.477,1.0382,1.0555,53.7528,185.2371,0.2076,1.853,1.5304,2.0515,2.4788,5.6135,5.7371,5,1.6598,True,True,raw,HYDROSHIP-M5-B
medium/qr_B_m4_medium_046.png,medium,0.55,4,116,46,B,HYDROSHIP-M5-B,backscatter|blur|color|ripple,0.4563,0.9947,1.1663,52.8674,190.5852,0.2285,2.0028,1.4404,1.9386,2.3038,0.5389,2.3744,5,1.731,True,True,raw,HYDROSHIP-M5-B
medium/qr_B_m4_medium_047.png,medium,0.55,4,116,47,B,HYDROSHIP-M5-B,backscatter|blur|color|ripple,0.4593,0.9624,1.0627,50.9527,203.569,0.226,1.8342,1.4358,2.0952,2.5488,3.7928,3.2268,5,1.6621,True,True,raw,HYDROSHIP-M5-B
medium/qr_B_m4_medium_048.png,medium,0.55,4,116,48,B,HYDROSHIP-M5-B,backscatter|blur|color|ripple,0.5305,1.0235,1.1556,56.3235,216.1494,0.2242,1.9343,1.3883,2.1008,2.542,3.0922,1.8732,5,1.6657,True,True,raw,HYDROSHIP-M5-B
medium/qr_B_m4_medium_049.png,medium,0.55,4,116,49,B,HYDROSHIP-M5-B,backscatter|blur|color|ripple,0.4967,1.0631,1.1573,56.2758,211.7132,0.2165,1.8651,1.5464,2.0272,2.2946,0.9547,0.4165,5,1.6329,True,True,raw,HYDROSHIP-M5-B
medium/qr_B_m4_medium_050.png,medium,0.55,4,116,50,B,HYDROSHIP-M5-B,backscatter|blur|color|ripple,0.4543,0.9914,1.0274,54.1183,214.0963,0.208,1.8182,1.4111,2.2226,2.5586,2.5555,0.8157,5,1.6636,True,True,raw,HYDROSHIP-M5-B
medium/qr_B_m4_medium_051.png,medium,0.55,4,116,51,B,HYDROSHIP-M5-B,backscatter|blur|color|ripple,0.503,1.0154,1.1247,55.6131,208.7476,0.2115,1.7563,1.491,2.0636,2.2744,0.8337,3.9932,5,1.767,True,True,raw,HYDROSHIP-M5-B
medium/qr_B_m4_medium_052.png,medium,0.55,4,116,52,B,HYDROSHIP-M5-B,backscatter|blur|color|ripple,0.5201,0.9626,1.1816,52.7899,200.9856,0.2208,1.9181,1.494,1.9827,2.4867,1.2776,2.8528,5,1.7785,True,True,raw,HYDROSHIP-M5-B
medium/qr_B_m4_medium_053.png,medium,0.55,4,116,53,B,HYDROSHIP-M5-B,backscatter|blur|color|ripple,0.4738,1.0105,1.1483,55.1689,190.2308,0.2331,1.9291,1.4368,2.2098,2.2946,6.009,5.8032,5,1.658,True,True,raw,HYDROSHIP-M5-B
medium/qr_B_m4_medium_054.png,medium,0.55,4,116,54,B,HYDROSHIP-M5-B,backscatter|blur|color|ripple,0.5194,1.021,1.0879,51.4599,197.9792,0.2235,1.7691,1.4435,2.0443,2.5107,5.1871,2.2654,5,1.7491,True,True,raw,HYDROSHIP-M5-B
medium/qr_B_m4_medium_055.png,medium,0.55,4,116,55,B,HYDROSHIP-M5-B,backscatter|blur|color|ripple,0.4677,1.0669,1.0177,52.6016,211.5539,0.2253,1.8772,1.4006,2.2316,2.6609,6.0169,2.1703,5,1.7685,True,True,raw,HYDROSHIP-M5-B
medium/qr_B_m4_medium_056.png,medium,0.55,4,116,56,B,HYDROSHIP-M5-B,backscatter|blur|color|ripple,0.5026,1.1093,1.0551,58.1444,184.723,0.2282,1.7889,1.3839,2.0131,2.5738,1.1994,3.5638,5,1.7635,True,True,raw,HYDROSHIP-M5-B
medium/qr_B_m4_medium_057.png,medium,0.55,4,116,57,B,HYDROSHIP-M5-B,backscatter|blur|color|ripple,0.4723,1.0038,1.138,53.5867,201.6518,0.2177,1.7805,1.5568,2.0963,2.4394,5.9601,1.447,5,1.5693,True,True,raw,HYDROSHIP-M5-B
medium/qr_B_m4_medium_058.png,medium,0.55,4,116,58,B,HYDROSHIP-M5-B,backscatter|blur|color|ripple,0.4725,1.1026,1.1423,50.3465,191.7076,0.2232,1.8307,1.4989,2.0383,2.5831,4.7689,5.1595,5,1.7032,True,True,raw,HYDROSHIP-M5-B
medium/qr_B_m4_medium_059.png,medium,0.55,4,116,59,B,HYDROSHIP-M5-B,backscatter|blur|color|ripple,0.4905,1.0066,1.176,52.3107,192.2704,0.2099,1.8251,1.5342,2.2272,2.4102,0.2396,3.2025,5,1.5948,True,True,raw,HYDROSHIP-M5-B
medium/qr_B_m4_medium_060.png,medium,0.55,4,116,60,B,HYDROSHIP-M5-B,backscatter|blur|color|ripple,0.4984,1.004,1.0673,55.2577,195.3478,0.2021,2.0165,1.4601,2.1518,2.4721,3.3073,4.1658,5,1.6761,True,True,raw,HYDROSHIP-M5-B
medium/qr_B_m4_medium_061.png,medium,0.55,4,116,61,B,HYDROSHIP-M5-B,backscatter|blur|color|ripple,0.4558,0.9699,1.0604,52.1691,193.5251,0.2203,1.8771,1.4151,2.0521,2.5219,5.6051,0.8388,5,1.5577,True,True,raw,HYDROSHIP-M5-B
medium/qr_B_m4_medium_062.png,medium,0.55,4,116,62,B,HYDROSHIP-M5-B,backscatter|blur|color|ripple,0.5239,1.0252,1.0395,52.2608,192.1101,0.2293,1.8029,1.3608,1.9334,2.6223,0.7173,4.9394,5,1.5854,True,True,raw,HYDROSHIP-M5-B
medium/qr_B_m4_medium_063.png,medium,0.55,4,116,63,B,HYDROSHIP-M5-B,backscatter|blur|color|ripple,0.4899,1.0405,1.117,52.1917,200.8969,0.2119,2.0295,1.5469,1.9435,2.359,1.9751,6.1482,5,1.6387,True,True,raw,HYDROSHIP-M5-B
medium/qr_B_m4_medium_064.png,medium,0.55,4,116,64,B,HYDROSHIP-M5-B,backscatter|blur|color|ripple,0.4631,1.1018,1.0947,57.1506,211.644,0.2042,1.9046,1.3851,2.0533,2.3686,3.8726,5.7261,5,1.6302,True,True,raw,HYDROSHIP-M5-B
medium/qr_B_m4_medium_065.png,medium,0.55,4,116,65,B,HYDROSHIP-M5-B,backscatter|blur|color|ripple,0.5309,0.9775,1.0484,55.5688,195.6351,0.2175,1.9874,1.4773,2.1394,2.6537,5.2883,1.3303,5,1.5768,True,True,raw,HYDROSHIP-M5-B
medium/qr_B_m4_medium_066.png,medium,0.55,4,116,66,B,HYDROSHIP-M5-B,backscatter|blur|color|ripple,0.4557,1.0022,1.0445,56.0386,202.6703,0.2002,2.0028,1.3902,2.2313,2.5126,3.6657,2.2032,5,1.7221,True,True,raw,HYDROSHIP-M5-B
medium/qr_B_m4_medium_067.png,medium,0.55,4,116,67,B,HYDROSHIP-M5-B,backscatter|blur|color|ripple,0.4821,1.0931,1.1793,53.5485,214.7454,0.2037,1.9313,1.4438,2.1753,2.4969,0.1908,5.8311,5,1.7787,True,True,raw,HYDROSHIP-M5-B
medium/qr_B_m4_medium_068.png,medium,0.55,4,116,68,B,HYDROSHIP-M5-B,backscatter|blur|color|ripple,0.4938,1.0979,1.0174,50.0604,205.6682,0.2196,1.856,1.5326,1.9738,2.502,1.4974,1.3399,5,1.7605,True,True,raw,HYDROSHIP-M5-B
medium/qr_B_m4_medium_069.png,medium,0.55,4,116,69,B,HYDROSHIP-M5-B,backscatter|blur|color|ripple,0.5099,1.107,1.1642,57.9713,211.6064,0.219,1.8706,1.3556,2.1013,2.5573,3.3362,2.1655,5,1.6303,True,True,raw,HYDROSHIP-M5-B
medium/qr_B_m4_medium_070.png,medium,0.55,4,116,70,B,HYDROSHIP-M5-B,backscatter|blur|color|ripple,0.4542,0.9666,1.0323,54.4518,214.6504,0.2294,1.9519,1.5018,2.1052,2.2729,3.2103,1.7105,5,1.6116,True,True,raw,HYDROSHIP-M5-B
medium/qr_B_m4_medium_071.png,medium,0.55,4,116,71,B,HYDROSHIP-M5-B,backscatter|blur|color|ripple,0.4828,1.0405,1.0653,58.035,209.0746,0.2181,1.7883,1.4001,2.0631,2.4147,1.5216,4.8852,5,1.736,True,True,raw,HYDROSHIP-M5-B
medium/qr_B_m4_medium_072.png,medium,0.55,4,116,72,B,HYDROSHIP-M5-B,backscatter|blur|color|ripple,0.4611,1.1019,1.0838,57.2881,192.4102,0.207,1.8108,1.4686,2.0034,2.4366,1.2594,1.0407,5,1.5929,True,True,raw,HYDROSHIP-M5-B
medium/qr_B_m4_medium_073.png,medium,0.55,4,116,73,B,HYDROSHIP-M5-B,backscatter|blur|color|ripple,0.4708,0.9621,1.0335,53.5629,194.0959,0.2175,2.0453,1.4936,1.9516,2.529,2.1781,6.119,5,1.6804,True,True,raw,HYDROSHIP-M5-B
medium/qr_B_m4_medium_074.png,medium,0.55,4,116,74,B,HYDROSHIP-M5-B,backscatter|blur|color|ripple,0.4816,1.0118,1.0817,52.9864,188.6107,0.2198,1.8844,1.3618,2.1004,2.4304,5.2736,0.1072,5,1.7441,True,True,raw,HYDROSHIP-M5-B
medium/qr_B_m4_medium_075.png,medium,0.55,4,116,75,B,HYDROSHIP-M5-B,backscatter|blur|color|ripple,0.4802,1.0765,1.1818,57.7612,202.0269,0.2152,1.7614,1.3749,2.0882,2.4753,6.0817,5.5697,5,1.6795,True,True,raw,HYDROSHIP-M5-B
medium/qr_B_m4_medium_076.png,medium,0.55,4,116,76,B,HYDROSHIP-M5-B,backscatter|blur|color|ripple,0.5229,1.0858,1.0132,52.4422,199.1714,0.2314,2.0403,1.5312,2.0896,2.2689,1.5515,1.2414,5,1.7734,True,True,raw,HYDROSHIP-M5-B
medium/qr_B_m4_medium_077.png,medium,0.55,4,116,77,B,HYDROSHIP-M5-B,backscatter|blur|color|ripple,0.511,0.9797,1.085,51.9806,188.9294,0.2275,2.0089,1.5651,1.9768,2.4153,2.0252,0.2076,5,1.6779,True,True,raw,HYDROSHIP-M5-B
medium/qr_B_m4_medium_078.png,medium,0.55,4,116,78,B,HYDROSHIP-M5-B,backscatter|blur|color|ripple,0.5132,1.0797,1.1058,55.9614,191.031,0.1997,1.9289,1.4663,2.1098,2.4592,5.1921,4.2469,5,1.7544,True,True,raw,HYDROSHIP-M5-B
medium/qr_B_m4_medium_079.png,medium,0.55,4,116,79,B,HYDROSHIP-M5-B,backscatter|blur|color|ripple,0.5271,1.0996,1.0948,53.8413,212.6295,0.2135,1.7899,1.411,2.1276,2.4581,0.8553,2.0955,5,1.6837,True,True,raw,HYDROSHIP-M5-B
medium/qr_B_m4_medium_080.png,medium,0.55,4,116,80,B,HYDROSHIP-M5-B,backscatter|blur|color|ripple,0.4745,0.9981,1.0525,50.6892,193.0907,0.2277,1.8347,1.4003,2.0168,2.3354,6.0127,2.6978,5,1.5744,True,True,raw,HYDROSHIP-M5-B
medium/qr_B_m4_medium_081.png,medium,0.55,4,116,81,B,HYDROSHIP-M5-B,backscatter|blur|color|ripple,0.5244,1.103,1.0872,52.6148,216.0026,0.222,2.0464,1.5117,2.0005,2.6182,1.5577,1.9849,5,1.7196,True,True,raw,HYDROSHIP-M5-B
medium/qr_B_m4_medium_082.png,medium,0.55,4,116,82,B,HYDROSHIP-M5-B,backscatter|blur|color|ripple,0.5232,1.0564,1.0181,58.1956,199.1789,0.2215,1.9672,1.5044,2.1378,2.5779,1.4962,4.2783,5,1.7307,True,True,raw,HYDROSHIP-M5-B
medium/qr_B_m4_medium_083.png,medium,0.55,4,116,83,B,HYDROSHIP-M5-B,backscatter|blur|color|ripple,0.487,1.0549,1.1511,50.9361,190.5788,0.2328,1.871,1.4115,2.2206,2.3815,5.2206,4.8601,5,1.6484,True,True,raw,HYDROSHIP-M5-B
deep/qr_B_m4_deep_000.png,deep,0.85,4,116,0,B,HYDROSHIP-M5-B,backscatter|blur|color|ripple,0.2782,1.0734,1.1129,79.2195,174.8322,0.3097,2.5475,2.1184,2.8523,3.1488,5.1912,2.8932,5,2.2138,False,False,fail,
deep/qr_B_m4_deep_001.png,deep,0.85,4,116,1,B,HYDROSHIP-M5-B,backscatter|blur|color|ripple,0.3116,1.0638,1.2358,77.5226,167.7798,0.3257,2.7657,2.1777,2.5239,2.9785,3.606,4.877,5,2.4021,False,False,fail,
deep/qr_B_m4_deep_002.png,deep,0.85,4,116,2,B,HYDROSHIP-M5-B,backscatter|blur|color|ripple,0.309,0.9666,1.1195,75.2432,165.7493,0.3215,2.8131,2.0369,2.912,3.1142,5.4969,0.3467,5,2.1213,True,True,raw,HYDROSHIP-M5-B
deep/qr_B_m4_deep_003.png,deep,0.85,4,116,3,B,HYDROSHIP-M5-B,backscatter|blur|color|ripple,0.2897,1.0166,1.2193,77.3801,182.4352,0.3068,2.8432,2.2047,2.5078,3.1745,2.7109,3.2167,5,2.1054,False,False,fail,
deep/qr_B_m4_deep_004.png,deep,0.85,4,116,4,B,HYDROSHIP-M5-B,backscatter|blur|color|ripple,0.3028,1.0983,1.1771,78.9496,173.8523,0.3103,2.6199,2.3013,2.6849,3.243,3.5994,0.9125,5,2.1024,True,True,raw,HYDROSHIP-M5-B
deep/qr_B_m4_deep_005.png,deep,0.85,4,116,5,B,HYDROSHIP-M5-B,backscatter|blur|color|ripple,0.2913,0.986,1.0924,80.603,162.1968,0.3002,2.6477,2.2798,2.5419,3.0939,4.8609,1.6601,5,2.1719,True,True,raw,HYDROSHIP-M5-B
deep/qr_B_m4_deep_006.png,deep,0.85,4,116,6,B,HYDROSHIP-M5-B,backscatter|blur|color|ripple,0.2995,1.0683,1.1832,85.1963,181.0978,0.3098,2.8862,2.3043,2.7428,3.055,1.7063,2.1413,5,2.2746,False,True,upscale,HYDROSHIP-M5-B
deep/qr_B_m4_deep_007.png,deep,0.85,4,116,7,B,HYDROSHIP-M5-B,backscatter|blur|color|ripple,0.2803,0.9977,1.1714,78.6669,180.819,0.3361,2.718,2.1966,2.575,2.9913,5.7468,2.3065,5,2.4314,True,True,raw,HYDROSHIP-M5-B
deep/qr_B_m4_deep_008.png,deep,0.85,4,116,8,B,HYDROSHIP-M5-B,backscatter|blur|color|ripple,0.2884,1.0945,1.1885,81.9435,181.8989,0.3086,2.9525,2.1108,2.6621,3.2466,2.867,5.4418,5,2.1208,True,True,raw,HYDROSHIP-M5-B
deep/qr_B_m4_deep_009.png,deep,0.85,4,116,9,B,HYDROSHIP-M5-B,backscatter|blur|color|ripple,0.2908,1.071,1.201,85.3537,184.7819,0.2983,2.8806,2.0129,2.6651,2.9621,0.0261,5.8041,5,2.3708,False,False,fail,
deep/qr_B_m4_deep_010.png,deep,0.85,4,116,10,B,HYDROSHIP-M5-B,backscatter|blur|color|ripple,0.3062,1.0771,1.2368,73.5288,167.3195,0.3359,2.9828,2.1414,2.7305,3.1787,2.3086,0.122,5,2.2219,False,True,upscale,HYDROSHIP-M5-B
deep/qr_B_m4_deep_011.png,deep,0.85,4,116,11,B,HYDROSHIP-M5-B,backscatter|blur|color|ripple,0.3159,1.1051,1.0658,76.1859,172.7837,0.3167,2.8789,2.1067,2.5964,3.2033,0.576,0.351,5,2.1515,False,True,clahe,HYDROSHIP-M5-B
deep/qr_B_m4_deep_012.png,deep,0.85,4,116,12,B,HYDROSHIP-M5-B,backscatter|blur|color|ripple,0.3098,0.9723,1.0674,81.3501,177.965,0.3094,2.6283,2.2172,2.5104,3.3133,0.1261,5.6932,5,2.351,False,True,clahe,HYDROSHIP-M5-B
deep/qr_B_m4_deep_013.png,deep,0.85,4,116,13,B,HYDROSHIP-M5-B,backscatter|blur|color|ripple,0.2937,0.9742,1.1848,85.3961,176.0018,0.2874,2.8982,2.1656,2.5799,3.0462,5.0214,3.2511,5,2.4542,True,True,raw,HYDROSHIP-M5-B
deep/qr_B_m4_deep_014.png,deep,0.85,4,116,14,B,HYDROSHIP-M5-B,backscatter|blur|color|ripple,0.2909,0.9768,1.0851,83.6452,179.2217,0.3038,2.8322,2.0391,2.5438,2.9585,5.3812,5.6588,5,2.2706,True,True,raw,HYDROSHIP-M5-B
deep/qr_B_m4_deep_015.png,deep,0.85,4,116,15,B,HYDROSHIP-M5-B,backscatter|blur|color|ripple,0.2854,1.0458,1.2142,84.1047,184.5831,0.3079,2.6322,2.194,2.7782,2.9158,2.6103,0.3339,5,2.4623,True,True,raw,HYDROSHIP-M5-B
deep/qr_B_m4_deep_016.png,deep,0.85,4,116,16,B,HYDROSHIP-M5-B,backscatter|blur|color|ripple,0.2907,1.0354,1.0837,76.2313,184.9346,0.2934,2.5609,1.9956,2.8352,2.9034,0.1318,1.0365,5,2.106,True,True,raw,HYDROSHIP-M5-B
deep/qr_B_m4_deep_017.png,deep,0.85,4,116,17,B,HYDROSHIP-M5-B,backscatter|blur|color|ripple,0.2972,1.0923,1.0731,79.2348,165.9282,0.3005,2.8196,2.0441,2.5611,3.3565,1.7565,2.885,5,2.4499,True,True,raw,HYDROSHIP-M5-B
deep/qr_B_m4_deep_018.png,deep,0.85,4,116,18,B,HYDROSHIP-M5-B,backscatter|blur|color|ripple,0.3143,0.9832,1.1574,85.192,188.3179,0.3098,2.9337,2.2992,2.7244,3.3,4.119,2.4559,5,2.1581,True,True,raw,HYDROSHIP-M5-B
deep/qr_B_m4_deep_019.png,deep,0.85,4,116,19,B,HYDROSHIP-M5-B,backscatter|blur|color|ripple,0.3106,0.9751,1.1695,82.7618,182.4946,0.2907,2.5508,2.1834,2.8147,2.9879,0.5845,4.1897,5,2.291,True,True,raw,HYDROSHIP-M5-B
deep/qr_B_m4_deep_020.png,deep,0.85,4,116,20,B,HYDROSHIP-M5-B,backscatter|blur|color|ripple,0.3099,1.0985,1.1361,79.6916,164.3676,0.3055,2.7261,2.1818,2.582,3.137,0.6738,3.0882,5,2.3204,True,True,raw,HYDROSHIP-M5-B
deep/qr_B_m4_deep_021.png,deep,0.85,4,116,21,B,HYDROSHIP-M5-B,backscatter|blur|color|ripple,0.2822,1.0599,1.0941,75.3754,183.5697,0.3022,2.5551,2.2879,2.6904,3.1299,5.8968,0.9615,5,2.4651,False,False,fail,
deep/qr_B_m4_deep_022.png,deep,0.85,4,116,22,B,HYDROSHIP-M5-B,backscatter|blur|color|ripple,0.301,0.9897,1.1276,79.4047,188.3713,0.2991,2.885,2.1674,2.8638,3.1001,4.891,4.995,5,2.2425,False,False,fail,
deep/qr_B_m4_deep_023.png,deep,0.85,4,116,23,B,HYDROSHIP-M5-B,backscatter|blur|color|ripple,0.2764,1.0784,1.154,78.3028,188.3552,0.3007,2.9384,2.2565,2.6463,2.9713,2.2642,3.0839,5,2.336,True,True,raw,HYDROSHIP-M5-B
deep/qr_B_m4_deep_024.png,deep,0.85,4,116,24,B,HYDROSHIP-M5-B,backscatter|blur|color|ripple,0.2885,1.0877,1.1777,75.5728,173.8964,0.3129,2.9123,2.0016,2.7348,3.0542,5.3849,0.5611,5,2.1834,True,True,raw,HYDROSHIP-M5-B
deep/qr_B_m4_deep_025.png,deep,0.85,4,116,25,B,HYDROSHIP-M5-B,backscatter|blur|color|ripple,0.284,1.0522,1.1274,84.0493,160.9802,0.2977,2.6693,2.0784,2.5062,3.1887,1.5877,3.2991,5,2.4625,True,True,raw,HYDROSHIP-M5-B
deep/qr_B_m4_deep_026.png,deep,0.85,4,116,26,B,HYDROSHIP-M5-B,backscatter|blur|color|ripple,0.287,0.9675,1.0742,76.6766,176.4353,0.3231,2.6965,2.2294,2.9117,3.0208,4.8672,1.1856,5,2.3091,True,True,raw,HYDROSHIP-M5-B
deep/qr_B_m4_deep_027.png,deep,0.85,4,116,27,B,HYDROSHIP-M5-B,backscatter|blur|color|ripple,0.3089,0.9902,1.1533,84.5699,170.9496,0.2958,2.9161,2.164,2.8962,2.9808,3.7955,3.1408,5,2.4176,True,True,raw,HYDROSHIP-M5-B
deep/qr_B_m4_deep_028.png,deep,0.85,4,116,28,B,HYDROSHIP-M5-B,backscatter|blur|color|ripple,0.3212,1.0944,1.1155,78.9638,162.9545,0.3063,2.7728,2.1208,2.5314,3.3361,6.1453,1.2045,5,2.2931,True,True,raw,HYDROSHIP-M5-B
deep/qr_B_m4_deep_029.png,deep,0.85,4,116,29,B,HYDROSHIP-M5-B,backscatter|blur|color|ripple,0.2748,1.0298,1.1794,84.8393,184.28,0.3288,2.6868,2.3044,2.7056,3.3442,0.8968,2.7828,5,2.2397,True,True,raw,HYDROSHIP-M5-B
deep/qr_B_m4_deep_030.png,deep,0.85,4,116,30,B,HYDROSHIP-M5-B,backscatter|blur|color|ripple,0.2861,1.072,1.1202,77.0657,175.9468,0.2876,2.7184,2.1004,2.6836,3.3729,2.6614,3.569,5,2.4541,False,False,fail,
deep/qr_B_m4_deep_031.png,deep,0.85,4,116,31,B,HYDROSHIP-M5-B,backscatter|blur|color|ripple,0.309,1.0114,1.0688,82.4584,187.2638,0.309,2.7184,2.0324,2.5835,3.2547,4.3137,3.7301,5,2.2028,False,True,clahe,HYDROSHIP-M5-B
deep/qr_B_m4_deep_032.png,deep,0.85,4,116,32,B,HYDROSHIP-M5-B,backscatter|blur|color|ripple,0.3033,1.0312,1.2183,76.4599,174.0478,0.3192,2.9752,2.2777,2.6528,2.9558,0.9184,1.4218,5,2.1378,False,True,upscale,HYDROSHIP-M5-B
deep/qr_B_m4_deep_033.png,deep,0.85,4,116,33,B,HYDROSHIP-M5-B,backscatter|blur|color|ripple,0.2953,1.0062,1.1333,77.5186,181.2777,0.2942,2.8304,1.9976,2.8297,3.3189,3.5364,2.0295,5,2.4046,True,True,raw,HYDROSHIP-M5-B
deep/qr_B_m4_deep_034.png,deep,0.85,4,116,34,B,HYDROSHIP-M5-B,backscatter|blur|color|ripple,0.3177,1.0891,1.1518,83.1983,175.1482,0.3064,2.6071,1.9929,2.8982,3.2546,5.6979,4.3654,5,2.3396,False,False,fail,
deep/qr_B_m4_deep_035.png,deep,0.85,4,116,35,B,HYDROSHIP-M5-B,backscatter|blur|color|ripple,0.2745,1.1187,1.1314,76.6255,169.7675,0.3018,2.9007,2.1892,2.5981,3.0666,2.3489,3.7085,5,2.4428,True,True,raw,HYDROSHIP-M5-B
deep/qr_B_m4_deep_036.png,deep,0.85,4,116,36,B,HYDROSHIP-M5-B,backscatter|blur|color|ripple,0.2779,1.0434,1.2124,82.3017,179.6133,0.2872,2.8853,2.281,2.5648,3.2151,1.3727,1.1192,5,2.4542,True,True,raw,HYDROSHIP-M5-B
deep/qr_B_m4_deep_037.png,deep,0.85,4,116,37,B,HYDROSHIP-M5-B,backscatter|blur|color|ripple,0.3173,1.0093,1.0656,79.5026,180.4216,0.3084,2.6698,2.1143,2.4889,3.0115,5.1566,1.434,5,2.4181,False,True,clahe,HYDROSHIP-M5-B
deep/qr_B_m4_deep_038.png,deep,0.85,4,116,38,B,HYDROSHIP-M5-B,backscatter|blur|color|ripple,0.2966,1.1012,1.1567,76.2273,164.6608,0.3041,2.7664,2.0751,2.6089,3.3346,6.1011,1.7198,5,2.3667,False,False,fail,
deep/qr_B_m4_deep_039.png,deep,0.85,4,116,39,B,HYDROSHIP-M5-B,backscatter|blur|color|ripple,0.2791,0.9857,1.2107,83.6808,179.2261,0.3277,2.6381,2.1307,2.7566,3.399,1.8759,3.79,5,2.1337,False,False,fail,
deep/qr_B_m4_deep_040.png,deep,0.85,4,116,40,B,HYDROSHIP-M5-B,backscatter|blur|color|ripple,0.3145,1.0734,1.0839,77.7216,169.3015,0.295,2.7243,2.3249,2.698,3.2418,0.6349,0.2462,5,2.1751,True,True,raw,HYDROSHIP-M5-B
deep/qr_B_m4_deep_041.png,deep,0.85,4,116,41,B,HYDROSHIP-M5-B,backscatter|blur|color|ripple,0.2775,1.0969,1.1102,83.4014,175.554,0.2895,2.7237,2.2866,2.8551,2.9732,1.8331,3.6844,5,2.3186,False,True,clahe,HYDROSHIP-M5-B
deep/qr_B_m4_deep_042.png,deep,0.85,4,116,42,B,HYDROSHIP-M5-B,backscatter|blur|color|ripple,0.3147,1.0379,1.1023,74.0968,163.9866,0.3088,2.7897,2.1669,2.7173,3.3262,1.6572,5.2346,5,2.2899,False,True,clahe,HYDROSHIP-M5-B
deep/qr_B_m4_deep_043.png,deep,0.85,4,116,43,B,HYDROSHIP-M5-B,backscatter|blur|color|ripple,0.309,1.0816,1.1331,85.4939,187.8406,0.3292,2.749,2.2199,2.5143,2.9268,5.8349,5.7087,5,2.4266,False,False,fail,
deep/qr_B_m4_deep_044.png,deep,0.85,4,116,44,B,HYDROSHIP-M5-B,backscatter|blur|color|ripple,0.311,0.9847,1.2341,73.241,163.976,0.3145,2.6487,2.1797,2.7554,3.1131,2.7417,3.9153,5,2.4303,False,True,clahe,HYDROSHIP-M5-B
deep/qr_B_m4_deep_045.png,deep,0.85,4,116,45,B,HYDROSHIP-M5-B,backscatter|blur|color|ripple,0.3089,0.9674,1.2072,85.6007,177.4686,0.3019,2.8675,2.1216,2.6579,3.2444,5.0445,3.261,5,2.4163,False,False,fail,
deep/qr_B_m4_deep_046.png,deep,0.85,4,116,46,B,HYDROSHIP-M5-B,backscatter|blur|color|ripple,0.2799,1.085,1.1447,83.4515,182.557,0.3121,2.7242,2.1105,2.49,3.2702,3.4909,1.2529,5,2.2402,False,True,clahe,HYDROSHIP-M5-B
deep/qr_B_m4_deep_047.png,deep,0.85,4,116,47,B,HYDROSHIP-M5-B,backscatter|blur|color|ripple,0.299,0.9713,1.0672,83.5073,181.7885,0.295,2.6364,2.0131,2.643,3.3849,5.5223,2.7486,5,2.2983,False,True,upscale,HYDROSHIP-M5-B
deep/qr_B_m4_deep_048.png,deep,0.85,4,116,48,B,HYDROSHIP-M5-B,backscatter|blur|color|ripple,0.2877,1.0941,1.0947,78.7284,161.9259,0.3038,2.6646,2.1589,2.7074,3.389,5.3514,5.4317,5,2.3219,False,True,clahe,HYDROSHIP-M5-B
deep/qr_B_m4_deep_049.png,deep,0.85,4,116,49,B,HYDROSHIP-M5-B,backscatter|blur|color|ripple,0.2953,0.9989,1.1619,81.6352,181.1959,0.3245,2.6068,2.1871,2.6446,3.1051,5.7293,0.0543,5,2.3659,True,True,raw,HYDROSHIP-M5-B
deep/qr_B_m4_deep_050.png,deep,0.85,4,116,50,B,HYDROSHIP-M5-B,backscatter|blur|color|ripple,0.3031,1.1221,1.1565,80.7354,188.1245,0.3117,2.7373,2.0106,2.5942,3.1196,6.1336,2.8457,5,2.1055,True,True,raw,HYDROSHIP-M5-B
deep/qr_B_m4_deep_051.png,deep,0.85,4,116,51,B,HYDROSHIP-M5-B,backscatter|blur|color|ripple,0.3106,0.9631,1.1065,81.0224,186.8374,0.2919,2.8997,2.1522,2.8617,3.3643,1.1455,5.3995,5,2.2253,True,True,raw,HYDROSHIP-M5-B
deep/qr_B_m4_deep_052.png,deep,0.85,4,116,52,B,HYDROSHIP-M5-B,backscatter|blur|color|ripple,0.277,1.0261,1.2113,84.3475,172.2256,0.3004,2.6999,2.0773,2.6815,2.9391,2.7563,3.0806,5,2.2411,False,True,clahe,HYDROSHIP-M5-B
deep/qr_B_m4_deep_053.png,deep,0.85,4,116,53,B,HYDROSHIP-M5-B,backscatter|blur|color|ripple,0.2965,1.0231,1.2314,82.4885,183.9038,0.2962,2.6869,2.1331,2.8564,3.3153,1.3711,5.1329,5,2.2372,True,True,raw,HYDROSHIP-M5-B
deep/qr_B_m4_deep_054.png,deep,0.85,4,116,54,B,HYDROSHIP-M5-B,backscatter|blur|color|ripple,0.3094,1.0093,1.116,79.3177,188.1887,0.3284,2.8532,2.1082,2.487,2.9575,2.5859,4.451,5,2.4609,False,False,fail,
deep/qr_B_m4_deep_055.png,deep,0.85,4,116,55,B,HYDROSHIP-M5-B,backscatter|blur|color|ripple,0.3198,1.0216,1.1275,77.0235,169.9964,0.3122,2.7779,2.0471,2.6754,3.2986,0.1761,4.1194,5,2.2039,False,False,fail,
deep/qr_B_m4_deep_056.png,deep,0.85,4,116,56,B,HYDROSHIP-M5-B,backscatter|blur|color|ripple,0.2869,1.0383,1.2226,85.559,188.7251,0.3344,2.6121,2.0402,2.5231,3.0911,2.4231,6.0427,5,2.1564,True,True,raw,HYDROSHIP-M5-B
deep/qr_B_m4_deep_057.png,deep,0.85,4,116,57,B,HYDROSHIP-M5-B,backscatter|blur|color|ripple,0.2881,1.0823,1.2369,73.3688,185.4486,0.3229,2.9596,2.1676,2.5218,3.3313,4.0959,5.8278,5,2.1951,True,True,raw,HYDROSHIP-M5-B
deep/qr_B_m4_deep_058.png,deep,0.85,4,116,58,B,HYDROSHIP-M5-B,backscatter|blur|color|ripple,0.314,1.0429,1.1157,81.0773,188.1151,0.3191,2.7658,2.2267,2.7989,3.154,5.5589,3.0046,5,2.1432,False,False,fail,
deep/qr_B_m4_deep_059.png,deep,0.85,4,116,59,B,HYDROSHIP-M5-B,backscatter|blur|color|ripple,0.3102,1.0443,1.2057,78.5602,174.1195,0.3145,2.6184,2.1265,2.8289,3.0749,4.5419,4.998,5,2.2614,False,True,upscale,HYDROSHIP-M5-B
deep/qr_B_m4_deep_060.png,deep,0.85,4,116,60,B,HYDROSHIP-M5-B,backscatter|blur|color|ripple,0.2807,1.1003,1.0663,83.4422,168.7424,0.2908,2.8011,2.0919,2.517,3.0009,5.8337,0.2187,5,2.4168,True,True,raw,HYDROSHIP-M5-B
deep/qr_B_m4_deep_061.png,deep,0.85,4,116,61,B,HYDROSHIP-M5-B,backscatter|blur|color|ripple,0.3195,1.097,1.1674,79.6474,173.0023,0.3202,2.9018,2.0312,2.7989,3.0584,0.3711,3.3579,5,2.1899,True,True,raw,HYDROSHIP-M5-B
deep/qr_B_m4_deep_062.png,deep,0.85,4,116,62,B,HYDROSHIP-M5-B,backscatter|blur|color|ripple,0.2752,1.1,1.1853,85.2603,174.2742,0.2962,2.753,2.1603,2.8653,2.9621,5.8822,2.0149,5,2.4205,False,False,fail,
deep/qr_B_m4_deep_063.png,deep,0.85,4,116,63,B,HYDROSHIP-M5-B,backscatter|blur|color|ripple,0.3007,1.0991,1.2368,85.6069,180.4858,0.3071,2.8163,2.1237,2.8047,3.216,5.9874,5.3475,5,2.15,False,False,fail,
deep/qr_B_m4_deep_064.png,deep,0.85,4,116,64,B,HYDROSHIP-M5-B,backscatter|blur|color|ripple,0.3027,1.08,1.2413,84.422,166.0341,0.2994,2.7553,2.2095,2.8285,3.3688,2.6816,5.39,5,2.4652,True,True,raw,HYDROSHIP-M5-B
deep/qr_B_m4_deep_065.png,deep,0.85,4,116,65,B,HYDROSHIP-M5-B,backscatter|blur|color|ripple,0.2893,1.0784,1.1245,74.7673,171.2103,0.3201,2.9086,2.1023,2.8841,3.3178,3.9881,0.9171,5,2.1264,False,True,clahe,HYDROSHIP-M5-B
deep/qr_B_m4_deep_066.png,deep,0.85,4,116,66,B,HYDROSHIP-M5-B,backscatter|blur|color|ripple,0.3204,1.1013,1.0912,75.773,175.6896,0.2988,2.7836,1.9999,2.9022,2.9707,1.4364,1.429,5,2.4462,False,False,fail,
deep/qr_B_m4_deep_067.png,deep,0.85,4,116,67,B,HYDROSHIP-M5-B,backscatter|blur|color|ripple,0.295,0.9837,1.2124,79.9975,174.8991,0.3157,2.7518,2.3052,2.9064,3.2538,5.1587,5.6653,5,2.2965,False,False,fail,
deep/qr_B_m4_deep_068.png,deep,0.85,4,116,68,B,HYDROSHIP-M5-B,backscatter|blur|color|ripple,0.3044,1.0848,1.1142,74.8037,179.1478,0.3068,2.6957,2.2028,2.7679,3.3163,0.8792,0.1678,5,2.2219,True,True,raw,HYDROSHIP-M5-B
deep/qr_B_m4_deep_069.png,deep,0.85,4,116,69,B,HYDROSHIP-M5-B,backscatter|blur|color|ripple,0.2831,1.1003,1.1841,76.9141,166.8854,0.3314,2.7008,2.2702,2.7769,3.0978,1.5388,3.018,5,2.3526,True,True,raw,HYDROSHIP-M5-B
deep/qr_B_m4_deep_070.png,deep,0.85,4,116,70,B,HYDROSHIP-M5-B,backscatter|blur|color|ripple,0.3062,1.0162,1.1005,82.0881,172.4863,0.292,2.9286,2.1899,2.629,2.9388,1.5866,0.973,5,2.1535,True,True,raw,HYDROSHIP-M5-B
deep/qr_B_m4_deep_071.png,deep,0.85,4,116,71,B,HYDROSHIP-M5-B,backscatter|blur|color|ripple,0.2766,1.0141,1.0738,76.7614,180.498,0.3107,2.7603,2.3078,2.7274,3.2288,1.1204,2.6276,5,2.455,True,True,raw,HYDROSHIP-M5-B
deep/qr_B_m4_deep_072.png,deep,0.85,4,116,72,B,HYDROSHIP-M5-B,backscatter|blur|color|ripple,0.3136,1.1167,1.1481,77.6756,166.4535,0.2997,2.8253,2.1188,2.7353,3.1972,5.0201,5.3156,5,2.4457,False,False,fail,
deep/qr_B_m4_deep_073.png,deep,0.85,4,116,73,B,HYDROSHIP-M5-B,backscatter|blur|color|ripple,0.2997,1.0286,1.2218,85.6484,182.9736,0.3169,2.8655,2.143,2.6703,3.2628,6.1579,5.6148,5,2.2624,False,False,fail,
deep/qr_B_m4_deep_074.png,deep,0.85,4,116,74,B,HYDROSHIP-M5-B,backscatter|blur|color|ripple,0.2871,1.1141,1.1816,83.5722,179.759,0.3066,2.6632,2.0277,2.7999,3.2526,1.2946,6.2576,5,2.3847,False,True,clahe,HYDROSHIP-M5-B
deep/qr_B_m4_deep_075.png,deep,0.85,4,116,75,B,HYDROSHIP-M5-B,backscatter|blur|color|ripple,0.2959,0.993,1.2004,75.4459,177.6313,0.3177,2.889,2.3196,2.5008,3.1871,4.2932,5.6183,5,2.2129,True,True,raw,HYDROSHIP-M5-B
deep/qr_B_m4_deep_076.png,deep,0.85,4,116,76,B,HYDROSHIP-M5-B,backscatter|blur|color|ripple,0.2804,0.9997,1.1635,73.7719,188.7596,0.2881,2.7073,1.9841,2.7127,3.1121,4.4065,0.7854,5,2.2802,True,True,raw,HYDROSHIP-M5-B
deep/qr_B_m4_deep_077.png,deep,0.85,4,116,77,B,HYDROSHIP-M5-B,backscatter|blur|color|ripple,0.2843,0.9795,1.23,81.1843,167.926,0.3089,2.6825,2.0091,2.6358,3.1867,3.4788,0.6345,5,2.3919,True,True,raw,HYDROSHIP-M5-B
deep/qr_B_m4_deep_078.png,deep,0.85,4,116,78,B,HYDROSHIP-M5-B,backscatter|blur|color|ripple,0.2972,1.0173,1.2254,76.5879,185.4606,0.3332,2.692,2.2011,2.7289,3.3643,1.2184,0.9077,5,2.1446,False,True,clahe,HYDROSHIP-M5-B
deep/qr_B_m4_deep_079.png,deep,0.85,4,116,79,B,HYDROSHIP-M5-B,backscatter|blur|color|ripple,0.3021,1.0739,1.1386,80.0228,162.1776,0.3002,2.8201,2.0706,2.5084,3.3215,4.2608,4.5783,5,2.4391,True,True,raw,HYDROSHIP-M5-B
deep/qr_B_m4_deep_080.png,deep,0.85,4,116,80,B,HYDROSHIP-M5-B,backscatter|blur|color|ripple,0.3183,0.968,1.0993,75.4239,173.312,0.3363,2.788,2.2708,2.657,3.0243,5.5184,3.3646,5,2.372,False,True,upscale,HYDROSHIP-M5-B
deep/qr_B_m4_deep_081.png,deep,0.85,4,116,81,B,HYDROSHIP-M5-B,backscatter|blur|color|ripple,0.3137,1.0363,1.112,82.4083,177.1252,0.29,2.631,1.9831,2.5777,3.372,5.2521,2.7934,5,2.2937,False,True,upscale,HYDROSHIP-M5-B
deep/qr_B_m4_deep_082.png,deep,0.85,4,116,82,B,HYDROSHIP-M5-B,backscatter|blur|color|ripple,0.3051,1.0698,1.0712,73.7316,171.8958,0.3263,2.6563,2.1447,2.4937,3.0807,4.5105,4.3129,5,2.3198,False,True,upscale,HYDROSHIP-M5-B
deep/qr_B_m4_deep_083.png,deep,0.85,4,116,83,B,HYDROSHIP-M5-B,backscatter|blur|color|ripple,0.2771,1.1175,1.2015,74.8904,162.9263,0.3043,2.8043,2.0644,2.7948,3.2136,2.1258,2.3745,5,2.3138,True,True,raw,HYDROSHIP-M5-B
shallow/qr_B_m6_shallow_000.png,shallow,0.25,6,174,0,B,HYDROSHIP-M5-B,backscatter|blur|color|ripple,0.6527,0.9453,1.1076,27.7461,231.1439,0.1283,1.0031,0.82,1.5217,1.6665,0.2414,2.1487,3,0.9761,True,True,raw,HYDROSHIP-M5-B
shallow/qr_B_m6_shallow_001.png,shallow,0.25,6,174,1,B,HYDROSHIP-M5-B,backscatter|blur|color|ripple,0.7011,0.9713,1.1158,30.0052,240.2388,0.1144,1.0977,0.8053,1.6127,1.6854,0.2776,6.118,3,0.9683,True,True,raw,HYDROSHIP-M5-B
shallow/qr_B_m6_shallow_002.png,shallow,0.25,6,174,2,B,HYDROSHIP-M5-B,backscatter|blur|color|ripple,0.6716,1.0641,0.9774,31.3145,229.995,0.1256,1.0005,0.8026,1.4065,1.8967,0.8097,2.6166,3,1.0515,True,True,raw,HYDROSHIP-M5-B
shallow/qr_B_m6_shallow_003.png,shallow,0.25,6,174,3,B,HYDROSHIP-M5-B,backscatter|blur|color|ripple,0.6524,1.0303,1.0266,26.7515,229.4583,0.1187,0.9876,0.7448,1.4952,1.6727,4.5682,1.2266,3,1.0691,True,True,raw,HYDROSHIP-M5-B
shallow/qr_B_m6_shallow_004.png,shallow,0.25,6,174,4,B,HYDROSHIP-M5-B,backscatter|blur|color|ripple,0.6598,1.0881,1.0855,27.2516,208.962,0.1179,0.9671,0.7259,1.5558,1.6631,3.704,3.1176,3,0.9667,True,True,raw,HYDROSHIP-M5-B
shallow/qr_B_m6_shallow_005.png,shallow,0.25,6,174,5,B,HYDROSHIP-M5-B,backscatter|blur|color|ripple,0.6899,1.0455,1.0123,30.1898,217.3867,0.1134,1.0492,0.8047,1.5355,1.8584,0.9754,0.7265,3,0.9529,True,True,raw,HYDROSHIP-M5-B
shallow/qr_B_m6_shallow_006.png,shallow,0.25,6,174,6,B,HYDROSHIP-M5-B,backscatter|blur|color|ripple,0.7265,1.0509,1.1243,28.6972,220.8191,0.1165,0.9694,0.7804,1.4576,1.7006,1.9412,5.3164,3,1.0481,True,True,raw,HYDROSHIP-M5-B
shallow/qr_B_m6_shallow_007.png,shallow,0.25,6,174,7,B,HYDROSHIP-M5-B,backscatter|blur|color|ripple,0.6669,0.9838,1.0823,26.7903,218.4137,0.1189,1.1021,0.7478,1.3854,1.6771,2.0388,0.6935,3,1.0341,True,True,raw,HYDROSHIP-M5-B
shallow/qr_B_m6_shallow_008.png,shallow,0.25,6,174,8,B,HYDROSHIP-M5-B,backscatter|blur|color|ripple,0.6466,0.9394,1.0707,29.1921,215.4156,0.1197,0.9522,0.7702,1.5215,1.7944,6.2484,3.7805,3,1.0333,True,True,raw,HYDROSHIP-M5-B
shallow/qr_B_m6_shallow_009.png,shallow,0.25,6,174,9,B,HYDROSHIP-M5-B,backscatter|blur|color|ripple,0.6804,0.967,0.9873,27.5247,220.238,0.1157,0.9484,0.7832,1.4748,1.791,4.3395,3.6002,3,1.01,True,True,raw,HYDROSHIP-M5-B
shallow/qr_B_m6_shallow_010.png,shallow,0.25,6,174,10,B,HYDROSHIP-M5-B,backscatter|blur|color|ripple,0.6413,1.0607,0.9862,29.9113,216.5846,0.1196,1.0872,0.7754,1.6062,1.8998,3.032,1.3967,3,1.0927,True,True,raw,HYDROSHIP-M5-B
shallow/qr_B_m6_shallow_011.png,shallow,0.25,6,174,11,B,HYDROSHIP-M5-B,backscatter|blur|color|ripple,0.6626,0.9546,1.0247,27.1862,221.4191,0.1159,1.0681,0.8195,1.4409,1.7349,0.034,2.4221,3,0.9937,True,True,raw,HYDROSHIP-M5-B
shallow/qr_B_m6_shallow_012.png,shallow,0.25,6,174,12,B,HYDROSHIP-M5-B,backscatter|blur|color|ripple,0.6688,0.9637,1.0495,30.9572,226.5707,0.1243,0.9887,0.8117,1.4387,1.684,1.6972,3.9799,3,1.0776,True,True,raw,HYDROSHIP-M5-B
shallow/qr_B_m6_shallow_013.png,shallow,0.25,6,174,13,B,HYDROSHIP-M5-B,backscatter|blur|color|ripple,0.7419,1.065,0.9685,26.9751,221.5604,0.1145,1.0894,0.8301,1.5246,1.7351,5.0119,5.4083,3,0.9593,True,True,raw,HYDROSHIP-M5-B
shallow/qr_B_m6_shallow_014.png,shallow,0.25,6,174,14,B,HYDROSHIP-M5-B,backscatter|blur|color|ripple,0.666,0.9367,1.0352,26.8097,244.5479,0.1163,0.9717,0.8203,1.4958,1.655,1.6826,3.6246,3,1.0152,True,True,raw,HYDROSHIP-M5-B
shallow/qr_B_m6_shallow_015.png,shallow,0.25,6,174,15,B,HYDROSHIP-M5-B,backscatter|blur|color|ripple,0.6867,1.0223,0.9673,31.0658,217.8163,0.1184,1.092,0.8243,1.5208,1.7966,0.3284,1.1684,3,1.0531,True,True,raw,HYDROSHIP-M5-B
shallow/qr_B_m6_shallow_016.png,shallow,0.25,6,174,16,B,HYDROSHIP-M5-B,backscatter|blur|color|ripple,0.6509,1.0749,1.0592,30.4221,241.4447,0.1278,0.9452,0.7754,1.5211,1.664,6.0912,1.739,3,0.9971,True,True,raw,HYDROSHIP-M5-B
shallow/qr_B_m6_shallow_017.png,shallow,0.25,6,174,17,B,HYDROSHIP-M5-B,backscatter|blur|color|ripple,0.7097,0.9557,0.9701,29.5521,241.7224,0.1119,0.9852,0.808,1.4845,1.6637,4.5965,5.035,3,0.9656,True,True,raw,HYDROSHIP-M5-B
shallow/qr_B_m6_shallow_018.png,shallow,0.25,6,174,18,B,HYDROSHIP-M5-B,backscatter|blur|color|ripple,0.6477,1.0602,1.0102,26.9794,231.4512,0.1194,1.0103,0.7498,1.4854,1.8835,5.2054,4.1244,3,0.9761,True,True,raw,HYDROSHIP-M5-B
shallow/qr_B_m6_shallow_019.png,shallow,0.25,6,174,19,B,HYDROSHIP-M5-B,backscatter|blur|color|ripple,0.7078,0.9565,1.0081,29.4331,235.5053,0.1199,1.0001,0.7865,1.4839,1.7326,3.2223,0.5639,3,0.9627,True,True,raw,HYDROSHIP-M5-B
shallow/qr_B_m6_shallow_020.png,shallow,0.25,6,174,20,B,HYDROSHIP-M5-B,backscatter|blur|color|ripple,0.6728,1.0354,0.9744,28.8657,214.2294,0.1223,1.1002,0.7234,1.5267,1.874,2.19,5.2433,3,1.0537,True,True,raw,HYDROSHIP-M5-B
shallow/qr_B_m6_shallow_021.png,shallow,0.25,6,174,21,B,HYDROSHIP-M5-B,backscatter|blur|color|ripple,0.6467,1.0796,0.9851,29.3676,219.5096,0.1184,1.013,0.8024,1.466,1.7289,5.9073,1.4677,3,1.08,True,True,raw,HYDROSHIP-M5-B
shallow/qr_B_m6_shallow_022.png,shallow,0.25,6,174,22,B,HYDROSHIP-M5-B,backscatter|blur|color|ripple,0.6396,0.9667,0.965,27.4857,210.9504,0.118,0.952,0.7581,1.4055,1.6409,1.3327,5.831,3,0.9982,True,True,raw,HYDROSHIP-M5-B
shallow/qr_B_m6_shallow_023.png,shallow,0.25,6,174,23,B,HYDROSHIP-M5-B,backscatter|blur|color|ripple,0.7174,0.9618,1.0713,28.3937,214.7854,0.117,1.0035,0.7707,1.4397,1.7032,4.3438,3.5002,3,0.983,True,True,raw,HYDROSHIP-M5-B
shallow/qr_B_m6_shallow_024.png,shallow,0.25,6,174,24,B,HYDROSHIP-M5-B,backscatter|blur|color|ripple,0.667,0.9616,0.9658,27.6926,216.8926,0.1228,0.9878,0.7645,1.518,1.6651,5.7025,2.6685,3,1.1013,True,True,raw,HYDROSHIP-M5-B
shallow/qr_B_m6_shallow_025.png,shallow,0.25,6,174,25,B,HYDROSHIP-M5-B,backscatter|blur|color|ripple,0.6451,0.9624,1.1006,26.9534,231.664,0.1105,1.0485,0.7733,1.4654,1.8974,3.6461,2.1368,3,1.037,True,True,raw,HYDROSHIP-M5-B
shallow/qr_B_m6_shallow_026.png,shallow,0.25,6,174,26,B,HYDROSHIP-M5-B,backscatter|blur|color|ripple,0.6428,0.9432,0.9844,27.0695,228.42,0.1219,1.0583,0.7541,1.4228,1.7937,1.472,0.6033,3,1.0344,True,True,raw,HYDROSHIP-M5-B
shallow/qr_B_m6_shallow_027.png,shallow,0.25,6,174,27,B,HYDROSHIP-M5-B,backscatter|blur|color|ripple,0.6941,1.0492,1.017,29.9469,229.339,0.1223,1.0047,0.7466,1.424,1.8728,0.1847,5.7534,3,1.0289,True,True,raw,HYDROSHIP-M5-B
shallow/qr_B_m6_shallow_028.png,shallow,0.25,6,174,28,B,HYDROSHIP-M5-B,backscatter|blur|color|ripple,0.6331,1.0352,0.9749,29.1947,230.023,0.1187,1.0636,0.7688,1.5189,1.676,0.8799,4.2348,3,0.9595,True,True,raw,HYDROSHIP-M5-B
shallow/qr_B_m6_shallow_029.png,shallow,0.25,6,174,29,B,HYDROSHIP-M5-B,backscatter|blur|color|ripple,0.73,0.9918,1.1015,30.5891,217.6081,0.12,0.9948,0.7891,1.3917,1.7413,5.3456,3.3754,3,1.0292,True,True,raw,HYDROSHIP-M5-B
shallow/qr_B_m6_shallow_030.png,shallow,0.25,6,174,30,B,HYDROSHIP-M5-B,backscatter|blur|color|ripple,0.7234,1.0728,1.0407,30.7049,209.1328,0.1257,0.987,0.7339,1.4332,1.709,5.9082,3.4331,3,1.103,True,True,raw,HYDROSHIP-M5-B
shallow/qr_B_m6_shallow_031.png,shallow,0.25,6,174,31,B,HYDROSHIP-M5-B,backscatter|blur|color|ripple,0.7058,1.0001,1.021,30.333,216.9093,0.1116,1.0635,0.7256,1.596,1.764,1.5708,5.9556,3,1.0275,True,True,raw,HYDROSHIP-M5-B
shallow/qr_B_m6_shallow_032.png,shallow,0.25,6,174,32,B,HYDROSHIP-M5-B,backscatter|blur|color|ripple,0.7381,0.9945,0.9733,28.1037,218.6706,0.1234,0.9959,0.7625,1.5934,1.6864,1.8321,0.0006,3,1.0742,True,True,raw,HYDROSHIP-M5-B
shallow/qr_B_m6_shallow_033.png,shallow,0.25,6,174,33,B,HYDROSHIP-M5-B,backscatter|blur|color|ripple,0.7392,1.0685,1.0914,29.1856,236.7845,0.1118,1.0744,0.75,1.511,1.6879,6.0161,3.2789,3,1.0274,True,True,raw,HYDROSHIP-M5-B
shallow/qr_B_m6_shallow_034.png,shallow,0.25,6,174,34,B,HYDROSHIP-M5-B,backscatter|blur|color|ripple,0.7329,1.0231,0.9914,30.9063,243.869,0.1209,1.0465,0.7643,1.4483,1.6396,1.4802,4.6619,3,1.0614,True,True,raw,HYDROSHIP-M5-B
shallow/qr_B_m6_shallow_035.png,shallow,0.25,6,174,35,B,HYDROSHIP-M5-B,backscatter|blur|color|ripple,0.71,0.9631,1.0303,30.965,229.6111,0.1253,0.9779,0.7382,1.4335,1.915,2.0403,3.4937,3,0.9759,True,True,raw,HYDROSHIP-M5-B
shallow/qr_B_m6_shallow_036.png,shallow,0.25,6,174,36,B,HYDROSHIP-M5-B,backscatter|blur|color|ripple,0.6939,1.0512,1.1166,28.4897,239.6015,0.119,0.9541,0.8266,1.4558,1.7188,3.7553,2.0021,3,0.979,True,True,raw,HYDROSHIP-M5-B
shallow/qr_B_m6_shallow_037.png,shallow,0.25,6,174,37,B,HYDROSHIP-M5-B,backscatter|blur|color|ripple,0.6451,1.0229,1.0847,29.9393,223.647,0.1227,1.0848,0.772,1.4777,1.854,2.7817,1.1307,3,0.9949,True,True,raw,HYDROSHIP-M5-B
shallow/qr_B_m6_shallow_038.png,shallow,0.25,6,174,38,B,HYDROSHIP-M5-B,backscatter|blur|color|ripple,0.6357,1.0094,1.1147,30.4279,210.1021,0.1277,1.0356,0.8229,1.4022,1.8002,4.9976,0.2781,3,0.9685,True,True,raw,HYDROSHIP-M5-B
shallow/qr_B_m6_shallow_039.png,shallow,0.25,6,174,39,B,HYDROSHIP-M5-B,backscatter|blur|color|ripple,0.7353,1.0842,1.0798,26.8802,234.0774,0.1133,0.9453,0.7835,1.4378,1.9125,2.8398,5.0361,3,1.0921,True,True,raw,HYDROSHIP-M5-B
shallow/qr_B_m6_shallow_040.png,shallow,0.25,6,174,40,B,HYDROSHIP-M5-B,backscatter|blur|color|ripple,0.7202,1.0203,0.9614,27.2013,216.782,0.1175,0.9683,0.7267,1.3852,1.8332,2.4224,2.4125,3,1.0525,True,True,raw,HYDROSHIP-M5-B
shallow/qr_B_m6_shallow_041.png,shallow,0.25,6,174,41,B,HYDROSHIP-M5-B,backscatter|blur|color|ripple,0.6613,1.0264,0.9914,27.9709,233.9702,0.1206,1.0085,0.7924,1.5395,1.8469,2.7889,5.4173,3,1.0389,True,True,raw,HYDROSHIP-M5-B
shallow/qr_B_m6_shallow_042.png,shallow,0.25,6,174,42,B,HYDROSHIP-M5-B,backscatter|blur|color|ripple,0.6423,1.078,1.0924,27.2734,220.1486,0.1162,1.0582,0.7484,1.4589,1.6851,4.0336,0.9295,3,1.0712,True,True,raw,HYDROSHIP-M5-B
shallow/qr_B_m6_shallow_043.png,shallow,0.25,6,174,43,B,HYDROSHIP-M5-B,backscatter|blur|color|ripple,0.668,1.0753,1.0353,29.903,233.6283,0.115,0.9957,0.8113,1.4177,1.86,6.2052,5.6515,3,1.0322,True,True,raw,HYDROSHIP-M5-B
shallow/qr_B_m6_shallow_044.png,shallow,0.25,6,174,44,B,HYDROSHIP-M5-B,backscatter|blur|color|ripple,0.6906,0.9955,1.0276,30.6707,232.6204,0.1126,1.0728,0.7841,1.5267,1.7064,1.0898,1.369,3,0.9446,True,True,raw,HYDROSHIP-M5-B
shallow/qr_B_m6_shallow_045.png,shallow,0.25,6,174,45,B,HYDROSHIP-M5-B,backscatter|blur|color|ripple,0.696,0.9602,1.1058,29.8448,241.0779,0.1184,1.0549,0.7245,1.4639,1.7996,5.3961,6.0032,3,1.0687,True,True,raw,HYDROSHIP-M5-B
shallow/qr_B_m6_shallow_046.png,shallow,0.25,6,174,46,B,HYDROSHIP-M5-B,backscatter|blur|color|ripple,0.6974,1.046,1.1099,30.1935,235.8016,0.1147,1.0322,0.7853,1.3948,1.712,0.9949,5.2829,3,0.9714,True,True,raw,HYDROSHIP-M5-B
shallow/qr_B_m6_shallow_047.png,shallow,0.25,6,174,47,B,HYDROSHIP-M5-B,backscatter|blur|color|ripple,0.6626,0.9841,1.0589,29.6384,226.7706,0.1162,0.9911,0.718,1.5571,1.7515,2.7827,2.3604,3,0.9495,True,True,raw,HYDROSHIP-M5-B
shallow/qr_B_m6_shallow_048.png,shallow,0.25,6,174,48,B,HYDROSHIP-M5-B,backscatter|blur|color|ripple,0.648,1.0258,1.009,29.1792,236.8881,0.1234,0.9537,0.8294,1.456,1.6801,2.4614,0.7105,3,1.0697,True,True,raw,HYDROSHIP-M5-B
shallow/qr_B_m6_shallow_049.png,shallow,0.25,6,174,49,B,HYDROSHIP-M5-B,backscatter|blur|color|ripple,0.7257,0.9715,1.0857,27.7942,230.5537,0.1223,0.9755,0.8131,1.4868,1.7347,5.8119,1.0685,3,0.9827,True,True,raw,HYDROSHIP-M5-B
shallow/qr_B_m6_shallow_050.png,shallow,0.25,6,174,50,B,HYDROSHIP-M5-B,backscatter|blur|color|ripple,0.6776,0.9492,1.1268,27.8595,235.2266,0.1131,0.9532,0.7197,1.4029,1.8223,3.9951,4.5053,3,1.0493,True,True,raw,HYDROSHIP-M5-B
shallow/qr_B_m6_shallow_051.png,shallow,0.25,6,174,51,B,HYDROSHIP-M5-B,backscatter|blur|color|ripple,0.6396,1.0614,0.9743,30.5431,239.9465,0.1233,0.9517,0.7498,1.4443,1.6805,2.2558,5.5558,3,1.0118,True,True,raw,HYDROSHIP-M5-B
shallow/qr_B_m6_shallow_052.png,shallow,0.25,6,174,52,B,HYDROSHIP-M5-B,backscatter|blur|color|ripple,0.7161,1.0816,1.075,29.295,224.2306,0.1152,1.0763,0.7512,1.5699,1.9156,4.4673,1.0137,3,0.9873,True,True,raw,HYDROSHIP-M5-B
shallow/qr_B_m6_shallow_053.png,shallow,0.25,6,174,53,B,HYDROSHIP-M5-B,backscatter|blur|color|ripple,0.7087,0.9993,1.0861,29.4795,226.0978,0.1185,0.983,0.7329,1.4468,1.707,5.9542,6.2443,3,1.1038,True,True,raw,HYDROSHIP-M5-B
shallow/qr_B_m6_shallow_054.png,shallow,0.25,6,174,54,B,HYDROSHIP-M5-B,backscatter|blur|color|ripple,0.7098,1.0218,1.0131,29.4173,216.4936,0.1276,1.0738,0.7229,1.4005,1.7503,2.9512,0.2861,3,1.1005,True,True,raw,HYDROSHIP-M5-B
shallow/qr_B_m6_shallow_055.png,shallow,0.25,6,174,55,B,HYDROSHIP-M5-B,backscatter|blur|color|ripple,0.7114,1.0408,1.0695,28.6723,220.0224,0.1123,0.9575,0.7815,1.5619,1.7117,1.9174,4.423,3,1.0678,True,True,raw,HYDROSHIP-M5-B
shallow/qr_B_m6_shallow_056.png,shallow,0.25,6,174,56,B,HYDROSHIP-M5-B,backscatter|blur|color|ripple,0.6849,0.9949,1.0595,29.9296,236.3601,0.1248,1.0967,0.7398,1.3818,1.7025,0.9456,0.1308,3,1.044,True,True,raw,HYDROSHIP-M5-B
shallow/qr_B_m6_shallow_057.png,shallow,0.25,6,174,57,B,HYDROSHIP-M5-B,backscatter|blur|color|ripple,0.6933,0.9901,1.0937,28.7692,215.6055,0.1259,0.9519,0.7791,1.5079,1.7452,4.383,2.8464,3,1.058,True,True,raw,HYDROSHIP-M5-B
shallow/qr_B_m6_shallow_058.png,shallow,0.25,6,174,58,B,HYDROSHIP-M5-B,backscatter|blur|color|ripple,0.6709,1.0402,1.0395,26.8904,230.4701,0.111,1.0672,0.8164,1.436,1.9,5.7141,5.0376,3,0.9775,True,True,raw,HYDROSHIP-M5-B
shallow/qr_B_m6_shallow_059.png,shallow,0.25,6,174,59,B,HYDROSHIP-M5-B,backscatter|blur|color|ripple,0.7169,0.9994,1.0369,28.4953,217.4122,0.1115,1.0228,0.8144,1.3904,1.7954,2.5584,2.6372,3,1.0198,True,True,raw,HYDROSHIP-M5-B
shallow/qr_B_m6_shallow_060.png,shallow,0.25,6,174,60,B,HYDROSHIP-M5-B,backscatter|blur|color|ripple,0.7034,0.9581,0.9718,27.9975,221.9087,0.1123,1.0503,0.8144,1.521,1.7628,2.8166,0.3979,3,1.0297,True,True,raw,HYDROSHIP-M5-B
shallow/qr_B_m6_shallow_061.png,shallow,0.25,6,174,61,B,HYDROSHIP-M5-B,backscatter|blur|color|ripple,0.6759,0.9477,1.0764,26.7308,218.5726,0.1276,1.0868,0.7216,1.4214,1.8995,0.8704,3.3767,3,1.0533,True,True,raw,HYDROSHIP-M5-B
shallow/qr_B_m6_shallow_062.png,shallow,0.25,6,174,62,B,HYDROSHIP-M5-B,backscatter|blur|color|ripple,0.7253,0.9354,0.9997,28.4737,213.026,0.124,0.969,0.8026,1.4015,1.8465,3.4292,1.6239,3,0.9433,True,True,raw,HYDROSHIP-M5-B
shallow/qr_B_m6_shallow_063.png,shallow,0.25,6,174,63,B,HYDROSHIP-M5-B,backscatter|blur|color|ripple,0.6896,1.0847,1.0731,30.2354,235.3404,0.1205,0.9599,0.726,1.6137,1.8458,1.6867,3.8032,3,0.9767,True,True,raw,HYDROSHIP-M5-B
shallow/qr_B_m6_shallow_064.png,shallow,0.25,6,174,64,B,HYDROSHIP-M5-B,backscatter|blur|color|ripple,0.6895,1.0588,1.0276,30.64,238.5778,0.1295,0.994,0.733,1.5523,1.8515,3.775,4.2302,3,0.9707,True,True,raw,HYDROSHIP-M5-B
shallow/qr_B_m6_shallow_065.png,shallow,0.25,6,174,65,B,HYDROSHIP-M5-B,backscatter|blur|color|ripple,0.6824,1.0434,1.0442,28.2894,230.2959,0.1177,1.0084,0.8256,1.5145,1.8475,6.0401,2.5391,3,1.1029,True,True,raw,HYDROSHIP-M5-B
shallow/qr_B_m6_shallow_066.png,shallow,0.25,6,174,66,B,HYDROSHIP-M5-B,backscatter|blur|color|ripple,0.6505,0.9414,1.0182,28.2961,243.4581,0.1276,1.0036,0.7452,1.5286,1.8718,4.2578,2.5977,3,0.9679,True,True,raw,HYDROSHIP-M5-B
shallow/qr_B_m6_shallow_067.png,shallow,0.25,6,174,67,B,HYDROSHIP-M5-B,backscatter|blur|color|ripple,0.7222,1.0642,1.1241,29.1834,211.6001,0.117,0.968,0.8286,1.4642,1.896,4.8914,0.0396,3,0.9785,True,True,raw,HYDROSHIP-M5-B
shallow/qr_B_m6_shallow_068.png,shallow,0.25,6,174,68,B,HYDROSHIP-M5-B,backscatter|blur|color|ripple,0.6974,1.0779,0.9853,26.9999,208.9733,0.1176,1.0878,0.8121,1.4162,1.6522,3.7865,0.6108,3,1.092,True,True,raw,HYDROSHIP-M5-B
shallow/qr_B_m6_shallow_069.png,shallow,0.25,6,174,69,B,HYDROSHIP-M5-B,backscatter|blur|color|ripple,0.7364,1.0124,1.0382,28.1251,209.6927,0.1288,1.0561,0.8313,1.5313,1.8448,0.1476,4.7064,3,1.105,True,True,raw,HYDROSHIP-M5-B
shallow/qr_B_m6_shallow_070.png,shallow,0.25,6,174,70,B,HYDROSHIP-M5-B,backscatter|blur|color|ripple,0.6809,1.0058,1.1202,27.6169,218.4774,0.1125,1.08,0.7252,1.6178,1.8579,4.4265,3.6542,3,1.0249,True,True,raw,HYDROSHIP-M5-B
shallow/qr_B_m6_shallow_071.png,shallow,0.25,6,174,71,B,HYDROSHIP-M5-B,backscatter|blur|color|ripple,0.7416,1.0344,1.0762,28.9635,222.5088,0.1161,1.0949,0.7985,1.516,1.8675,2.5729,5.1322,3,0.9599,True,True,raw,HYDROSHIP-M5-B
shallow/qr_B_m6_shallow_072.png,shallow,0.25,6,174,72,B,HYDROSHIP-M5-B,backscatter|blur|color|ripple,0.7014,0.9656,1.1026,31.2636,208.9477,0.1257,1.0267,0.802,1.4004,1.7677,4.7594,4.4548,3,0.9678,True,True,raw,HYDROSHIP-M5-B
shallow/qr_B_m6_shallow_073.png,shallow,0.25,6,174,73,B,HYDROSHIP-M5-B,backscatter|blur|color|ripple,0.6677,1.0553,1.0721,28.2064,225.5548,0.1238,0.9955,0.7345,1.5017,1.7083,3.2095,2.3663,3,1.0769,True,True,raw,HYDROSHIP-M5-B
shallow/qr_B_m6_shallow_074.png,shallow,0.25,6,174,74,B,HYDROSHIP-M5-B,backscatter|blur|color|ripple,0.6376,1.0811,1.1281,28.9033,210.1395,0.1105,1.07,0.7216,1.4661,1.8504,1.2845,5.5905,3,1.0814,True,True,raw,HYDROSHIP-M5-B
shallow/qr_B_m6_shallow_075.png,shallow,0.25,6,174,75,B,HYDROSHIP-M5-B,backscatter|blur|color|ripple,0.6699,1.0691,1.1124,28.4542,211.2174,0.1119,0.966,0.8356,1.4658,1.7044,1.8692,5.37,3,1.041,True,True,raw,HYDROSHIP-M5-B
shallow/qr_B_m6_shallow_076.png,shallow,0.25,6,174,76,B,HYDROSHIP-M5-B,backscatter|blur|color|ripple,0.703,0.9647,0.9739,30.7127,217.4887,0.1233,0.9999,0.8134,1.48,1.8899,5.1331,0.4353,3,0.9878,True,True,raw,HYDROSHIP-M5-B
shallow/qr_B_m6_shallow_077.png,shallow,0.25,6,174,77,B,HYDROSHIP-M5-B,backscatter|blur|color|ripple,0.7247,1.007,1.0047,30.1108,226.0257,0.12,1.0145,0.7806,1.4077,1.8911,1.6632,1.8096,3,0.967,True,True,raw,HYDROSHIP-M5-B
shallow/qr_B_m6_shallow_078.png,shallow,0.25,6,174,78,B,HYDROSHIP-M5-B,backscatter|blur|color|ripple,0.646,0.9337,0.9896,30.2018,215.3078,0.1137,0.9512,0.8054,1.5706,1.8991,0.5731,5.2557,3,0.9561,True,True,raw,HYDROSHIP-M5-B
shallow/qr_B_m6_shallow_079.png,shallow,0.25,6,174,79,B,HYDROSHIP-M5-B,backscatter|blur|color|ripple,0.6948,1.0385,1.0867,30.2274,232.0371,0.1195,1.0273,0.8208,1.4578,1.7818,1.6757,1.6493,3,1.0569,True,True,raw,HYDROSHIP-M5-B
shallow/qr_B_m6_shallow_080.png,shallow,0.25,6,174,80,B,HYDROSHIP-M5-B,backscatter|blur|color|ripple,0.7318,0.9703,1.0313,28.7388,221.5801,0.1287,1.0477,0.7607,1.4565,1.7281,4.5081,3.8768,3,0.9919,True,True,raw,HYDROSHIP-M5-B
shallow/qr_B_m6_shallow_081.png,shallow,0.25,6,174,81,B,HYDROSHIP-M5-B,backscatter|blur|color|ripple,0.7321,1.0578,1.072,28.6337,211.3232,0.1253,0.9947,0.7418,1.6125,1.842,0.6602,1.597,3,1.0765,True,True,raw,HYDROSHIP-M5-B
shallow/qr_B_m6_shallow_082.png,shallow,0.25,6,174,82,B,HYDROSHIP-M5-B,backscatter|blur|color|ripple,0.6646,1.0074,1.0703,28.97,210.1856,0.1207,1.0965,0.7133,1.4794,1.7606,3.4711,3.8501,3,1.0977,True,True,raw,HYDROSHIP-M5-B
shallow/qr_B_m6_shallow_083.png,shallow,0.25,6,174,83,B,HYDROSHIP-M5-B,backscatter|blur|color|ripple,0.735,1.0569,1.0283,27.3373,239.3528,0.1112,1.0095,0.723,1.478,1.8561,1.4259,5.4427,3,0.9675,True,True,raw,HYDROSHIP-M5-B
medium/qr_B_m6_medium_000.png,medium,0.55,6,174,0,B,HYDROSHIP-M5-B,backscatter|blur|color|ripple,0.5112,1.0079,1.0509,55.7966,205.6351,0.2183,1.9623,1.5306,2.2162,2.3,0.5481,6.2572,5,1.6043,True,True,raw,HYDROSHIP-M5-B
medium/qr_B_m6_medium_001.png,medium,0.55,6,174,1,B,HYDROSHIP-M5-B,backscatter|blur|color|ripple,0.5252,1.0877,1.1041,55.8577,196.432,0.2199,2.0362,1.3818,1.9815,2.6263,0.1184,0.1847,5,1.5378,True,True,raw,HYDROSHIP-M5-B
medium/qr_B_m6_medium_002.png,medium,0.55,6,174,2,B,HYDROSHIP-M5-B,backscatter|blur|color|ripple,0.4705,0.9969,1.1292,52.7348,198.8185,0.2159,1.9095,1.4583,2.1754,2.5036,4.7872,1.8442,5,1.6593,True,True,raw,HYDROSHIP-M5-B
medium/qr_B_m6_medium_003.png,medium,0.55,6,174,3,B,HYDROSHIP-M5-B,backscatter|blur|color|ripple,0.4647,0.9716,1.1171,56.7414,207.3313,0.2076,1.9501,1.5154,2.215,2.4768,1.2155,0.7378,5,1.6784,True,True,raw,HYDROSHIP-M5-B
medium/qr_B_m6_medium_004.png,medium,0.55,6,174,4,B,HYDROSHIP-M5-B,backscatter|blur|color|ripple,0.5248,0.993,1.0791,57.4388,198.1174,0.2177,1.9346,1.3606,2.0748,2.5239,0.8469,2.2388,5,1.5616,True,True,raw,HYDROSHIP-M5-B
medium/qr_B_m6_medium_005.png,medium,0.55,6,174,5,B,HYDROSHIP-M5-B,backscatter|blur|color|ripple,0.4569,1.0201,1.0563,58.4195,203.1256,0.2247,1.8425,1.581,2.2125,2.276,3.9374,5.3634,5,1.5472,True,True,raw,HYDROSHIP-M5-B
medium/qr_B_m6_medium_006.png,medium,0.55,6,174,6,B,HYDROSHIP-M5-B,backscatter|blur|color|ripple,0.5057,1.0836,1.1466,52.8701,215.151,0.2208,1.7777,1.4421,1.9461,2.5455,4.0907,5.6365,5,1.7708,True,True,raw,HYDROSHIP-M5-B
medium/qr_B_m6_medium_007.png,medium,0.55,6,174,7,B,HYDROSHIP-M5-B,backscatter|blur|color|ripple,0.4683,0.9956,1.155,55.8855,211.3902,0.216,1.8186,1.4371,2.1931,2.4539,4.9599,5.765,5,1.6062,True,True,raw,HYDROSHIP-M5-B
medium/qr_B_m6_medium_008.png,medium,0.55,6,174,8,B,HYDROSHIP-M5-B,backscatter|blur|color|ripple,0.4786,0.951,1.0367,52.0741,196.0699,0.2181,1.9231,1.4403,2.0622,2.3479,4.7877,1.957,5,1.6702,True,True,raw,HYDROSHIP-M5-B
medium/qr_B_m6_medium_009.png,medium,0.55,6,174,9,B,HYDROSHIP-M5-B,backscatter|blur|color|ripple,0.4731,1.1072,1.0698,52.0005,213.6536,0.2129,1.8646,1.4072,2.1817,2.4898,5.0892,4.4554,5,1.7328,True,True,raw,HYDROSHIP-M5-B
medium/qr_B_m6_medium_010.png,medium,0.55,6,174,10,B,HYDROSHIP-M5-B,backscatter|blur|color|ripple,0.5122,0.9892,1.0272,54.5808,201.0855,0.2183,1.7817,1.4761,1.9931,2.5999,2.961,0.2664,5,1.5741,True,True,raw,HYDROSHIP-M5-B
medium/qr_B_m6_medium_011.png,medium,0.55,6,174,11,B,HYDROSHIP-M5-B,backscatter|blur|color|ripple,0.4796,1.0667,1.017,57.9288,198.1589,0.2137,1.9899,1.3819,2.1049,2.3809,4.7563,1.312,5,1.608,True,True,raw,HYDROSHIP-M5-B
medium/qr_B_m6_medium_012.png,medium,0.55,6,174,12,B,HYDROSHIP-M5-B,backscatter|blur|color|ripple,0.5186,0.9474,1.1291,55.8845,209.7504,0.2035,1.7483,1.4607,2.2596,2.5415,0.4264,3.9538,5,1.7713,True,True,raw,HYDROSHIP-M5-B
medium/qr_B_m6_medium_013.png,medium,0.55,6,174,13,B,HYDROSHIP-M5-B,backscatter|blur|color|ripple,0.4803,0.9903,1.0605,52.4788,184.7878,0.2222,1.7459,1.5359,2.1471,2.4373,4.0863,0.3392,5,1.6971,True,True,raw,HYDROSHIP-M5-B
medium/qr_B_m6_medium_014.png,medium,0.55,6,174,14,B,HYDROSHIP-M5-B,backscatter|blur|color|ripple,0.4802,1.0532,1.114,55.065,211.9935,0.2101,1.8385,1.3491,2.0271,2.6442,4.1136,1.1331,5,1.7294,True,True,raw,HYDROSHIP-M5-B
medium/qr_B_m6_medium_015.png,medium,0.55,6,174,15,B,HYDROSHIP-M5-B,backscatter|blur|color|ripple,0.4697,1.0813,1.0121,50.723,192.2473,0.224,1.7562,1.4568,2.0061,2.6052,1.0861,5.2608,5,1.7553,True,True,raw,HYDROSHIP-M5-B
medium/qr_B_m6_medium_016.png,medium,0.55,6,174,16,B,HYDROSHIP-M5-B,backscatter|blur|color|ripple,0.5075,1.0896,1.0296,53.3589,185.549,0.2118,1.8386,1.5499,1.9618,2.3553,1.0796,5.536,5,1.5298,True,True,raw,HYDROSHIP-M5-B
medium/qr_B_m6_medium_017.png,medium,0.55,6,174,17,B,HYDROSHIP-M5-B,backscatter|blur|color|ripple,0.4617,1.0095,1.0706,53.1068,213.3721,0.2179,2.0157,1.3613,2.2098,2.2913,4.3493,1.5101,5,1.7103,True,True,raw,HYDROSHIP-M5-B
medium/qr_B_m6_medium_018.png,medium,0.55,6,174,18,B,HYDROSHIP-M5-B,backscatter|blur|color|ripple,0.492,1.0218,1.0365,51.0807,205.8997,0.2086,1.782,1.4208,2.1302,2.4343,0.8179,3.9227,5,1.7055,True,True,raw,HYDROSHIP-M5-B
medium/qr_B_m6_medium_019.png,medium,0.55,6,174,19,B,HYDROSHIP-M5-B,backscatter|blur|color|ripple,0.4946,0.9698,1.0993,57.8557,201.8706,0.2085,1.9268,1.4876,2.1548,2.3588,5.4861,4.5552,5,1.5778,True,True,raw,HYDROSHIP-M5-B
medium/qr_B_m6_medium_020.png,medium,0.55,6,174,20,B,HYDROSHIP-M5-B,backscatter|blur|color|ripple,0.4895,1.0405,1.1068,55.2061,190.8638,0.2311,1.8919,1.457,2.0881,2.343,2.4432,5.388,5,1.5505,True,True,raw,HYDROSHIP-M5-B
medium/qr_B_m6_medium_021.png,medium,0.55,6,174,21,B,HYDROSHIP-M5-B,backscatter|blur|color|ripple,0.5292,0.9681,1.1001,58.3805,204.6083,0.2048,1.8971,1.4414,2.0218,2.3224,3.6206,2.0577,5,1.7799,True,True,raw,HYDROSHIP-M5-B
medium/qr_B_m6_medium_022.png,medium,0.55,6,174,22,B,HYDROSHIP-M5-B,backscatter|blur|color|ripple,0.5128,0.9632,1.0981,54.4435,203.9589,0.229,1.7976,1.5279,2.144,2.4402,4.0646,1.2478,5,1.5445,True,True,raw,HYDROSHIP-M5-B
medium/qr_B_m6_medium_023.png,medium,0.55,6,174,23,B,HYDROSHIP-M5-B,backscatter|blur|color|ripple,0.492,0.9863,1.0248,53.8389,202.378,0.2208,1.9817,1.4258,2.1324,2.5604,1.6156,1.4107,5,1.7312,True,True,raw,HYDROSHIP-M5-B
medium/qr_B_m6_medium_024.png,medium,0.55,6,174,24,B,HYDROSHIP-M5-B,backscatter|blur|color|ripple,0.5133,0.9971,1.158,52.6639,191.5821,0.225,1.762,1.384,2.0709,2.5965,3.8868,4.5282,5,1.5343,True,True,raw,HYDROSHIP-M5-B
medium/qr_B_m6_medium_025.png,medium,0.55,6,174,25,B,HYDROSHIP-M5-B,backscatter|blur|color|ripple,0.476,0.9768,1.0772,56.5563,216.6074,0.2039,1.8294,1.5603,2.2679,2.5074,0.7089,4.4921,5,1.731,True,True,raw,HYDROSHIP-M5-B
medium/qr_B_m6_medium_026.png,medium,0.55,6,174,26,B,HYDROSHIP-M5-B,backscatter|blur|color|ripple,0.495,1.0233,1.1647,56.5461,195.037,0.2223,1.9403,1.3674,2.1763,2.6078,5.1763,5.847,5,1.5432,True,True,raw,HYDROSHIP-M5-B
medium/qr_B_m6_medium_027.png,medium,0.55,6,174,27,B,HYDROSHIP-M5-B,backscatter|blur|color|ripple,0.4626,0.9903,1.1077,50.0993,189.6652,0.2168,1.8439,1.5432,2.2142,2.5718,3.3091,3.9307,5,1.558,True,True,raw,HYDROSHIP-M5-B
medium/qr_B_m6_medium_028.png,medium,0.55,6,174,28,B,HYDROSHIP-M5-B,backscatter|blur|color|ripple,0.4569,0.9835,1.0775,50.9162,198.6054,0.2097,1.7493,1.5413,2.1246,2.6017,1.5928,1.4199,5,1.6564,True,True,raw,HYDROSHIP-M5-B
medium/qr_B_m6_medium_029.png,medium,0.55,6,174,29,B,HYDROSHIP-M5-B,backscatter|blur|color|ripple,0.5167,1.0136,1.0578,56.349,213.9088,0.2331,2.012,1.4106,2.1612,2.4669,5.0608,4.0801,5,1.7773,True,True,raw,HYDROSHIP-M5-B
medium/qr_B_m6_medium_030.png,medium,0.55,6,174,30,B,HYDROSHIP-M5-B,backscatter|blur|color|ripple,0.4792,0.9678,1.1782,54.3518,203.3553,0.2163,1.9809,1.4314,2.2325,2.4474,5.029,4.9506,5,1.646,True,True,raw,HYDROSHIP-M5-B
medium/qr_B_m6_medium_031.png,medium,0.55,6,174,31,B,HYDROSHIP-M5-B,backscatter|blur|color|ripple,0.5026,1.033,1.1414,52.8351,195.0475,0.2041,2.0431,1.3691,1.9965,2.3087,4.3523,5.6453,5,1.6748,True,True,raw,HYDROSHIP-M5-B
medium/qr_B_m6_medium_032.png,medium,0.55,6,174,32,B,HYDROSHIP-M5-B,backscatter|blur|color|ripple,0.4946,0.9544,1.1447,54.7676,198.8603,0.2255,1.7643,1.4303,2.1839,2.4522,0.7216,0.6081,5,1.7622,True,True,raw,HYDROSHIP-M5-B
medium/qr_B_m6_medium_033.png,medium,0.55,6,174,33,B,HYDROSHIP-M5-B,backscatter|blur|color|ripple,0.4557,1.0728,1.1789,53.7535,190.4158,0.2259,1.9817,1.3714,2.118,2.3832,5.2827,0.2658,5,1.6517,True,True,raw,HYDROSHIP-M5-B
medium/qr_B_m6_medium_034.png,medium,0.55,6,174,34,B,HYDROSHIP-M5-B,backscatter|blur|color|ripple,0.485,1.0496,1.1715,58.3671,207.1878,0.2116,1.7857,1.4101,2.2571,2.4533,2.2605,1.396,5,1.6573,True,True,raw,HYDROSHIP-M5-B
medium/qr_B_m6_medium_035.png,medium,0.55,6,174,35,B,HYDROSHIP-M5-B,backscatter|blur|color|ripple,0.5107,1.0223,1.16,50.212,187.3366,0.2098,1.7653,1.3535,2.2638,2.5578,2.2669,4.2129,5,1.6959,True,True,raw,HYDROSHIP-M5-B
medium/qr_B_m6_medium_036.png,medium,0.55,6,174,36,B,HYDROSHIP-M5-B,backscatter|blur|color|ripple,0.5175,0.9624,1.0615,50.7061,196.699,0.2251,1.9119,1.3892,2.2181,2.3598,2.2538,2.658,5,1.6803,True,True,raw,HYDROSHIP-M5-B
medium/qr_B_m6_medium_037.png,medium,0.55,6,174,37,B,HYDROSHIP-M5-B,backscatter|blur|color|ripple,0.5086,0.9999,1.0257,55.4135,216.1438,0.1997,1.872,1.4292,2.0463,2.492,1.0287,1.5811,5,1.7683,True,True,raw,HYDROSHIP-M5-B
medium/qr_B_m6_medium_038.png,medium,0.55,6,174,38,B,HYDROSHIP-M5-B,backscatter|blur|color|ripple,0.4644,0.9828,1.0133,54.9913,204.4345,0.2115,1.8831,1.5399,2.1891,2.5812,0.4676,5.9472,5,1.7794,True,True,raw,HYDROSHIP-M5-B
medium/qr_B_m6_medium_039.png,medium,0.55,6,174,39,B,HYDROSHIP-M5-B,backscatter|blur|color|ripple,0.5083,1.0547,1.1156,56.5787,212.1972,0.2147,1.8475,1.4801,2.0238,2.4065,1.7231,5.8759,5,1.7556,True,True,raw,HYDROSHIP-M5-B
medium/qr_B_m6_medium_040.png,medium,0.55,6,174,40,B,HYDROSHIP-M5-B,backscatter|blur|color|ripple,0.4939,1.0384,1.1835,56.1085,188.4247,0.2101,2.0424,1.5493,2.2621,2.5634,2.4025,1.7641,5,1.5683,True,True,raw,HYDROSHIP-M5-B
medium/qr_B_m6_medium_041.png,medium,0.55,6,174,41,B,HYDROSHIP-M5-B,backscatter|blur|color|ripple,0.461,1.0898,1.0364,52.17,205.7027,0.2215,1.7945,1.478,2.1792,2.3596,0.2679,4.0442,5,1.5852,True,True,raw,HYDROSHIP-M5-B
medium/qr_B_m6_medium_042.png,medium,0.55,6,174,42,B,HYDROSHIP-M5-B,backscatter|blur|color|ripple,0.4856,1.0818,1.1826,51.6673,212.271,0.216,2.0124,1.351,2.263,2.6339,2.5155,3.9598,5,1.7861,True,True,raw,HYDROSHIP-M5-B
medium/qr_B_m6_medium_043.png,medium,0.55,6,174,43,B,HYDROSHIP-M5-B,backscatter|blur|color|ripple,0.4792,1.0427,1.1624,50.3111,213.1847,0.2117,1.8202,1.3739,2.1687,2.5764,5.6979,0.4302,5,1.5696,True,True,raw,HYDROSHIP-M5-B
medium/qr_B_m6_medium_044.png,medium,0.55,6,174,44,B,HYDROSHIP-M5-B,backscatter|blur|color|ripple,0.5057,1.0823,1.1478,53.9942,191.4978,0.2103,1.7676,1.4333,2.0533,2.5274,0.2809,3.7681,5,1.6157,True,True,raw,HYDROSHIP-M5-B
medium/qr_B_m6_medium_045.png,medium,0.55,6,174,45,B,HYDROSHIP-M5-B,backscatter|blur|color|ripple,0.4838,0.9561,1.1111,56.1948,205.7472,0.2206,1.7443,1.5264,1.9768,2.5605,6.0087,3.6052,5,1.5923,True,True,raw,HYDROSHIP-M5-B
medium/qr_B_m6_medium_046.png,medium,0.55,6,174,46,B,HYDROSHIP-M5-B,backscatter|blur|color|ripple,0.4885,0.964,1.1675,52.5305,210.604,0.2244,2.0018,1.5629,1.9897,2.6057,1.7103,4.9025,5,1.6701,True,True,raw,HYDROSHIP-M5-B
medium/qr_B_m6_medium_047.png,medium,0.55,6,174,47,B,HYDROSHIP-M5-B,backscatter|blur|color|ripple,0.4928,1.0558,1.0399,56.0842,201.7004,0.217,1.8482,1.4373,2.1306,2.3074,4.8877,0.5126,5,1.7057,True,True,raw,HYDROSHIP-M5-B
medium/qr_B_m6_medium_048.png,medium,0.55,6,174,48,B,HYDROSHIP-M5-B,backscatter|blur|color|ripple,0.4885,0.9527,1.0289,55.4968,193.0797,0.2032,1.9774,1.4808,1.9369,2.4539,4.2791,3.5131,5,1.7265,True,True,raw,HYDROSHIP-M5-B
medium/qr_B_m6_medium_049.png,medium,0.55,6,174,49,B,HYDROSHIP-M5-B,backscatter|blur|color|ripple,0.5182,1.0814,1.0579,52.5512,206.4974,0.2168,1.7641,1.4809,1.9417,2.4401,0.193,4.7632,5,1.6837,True,True,raw,HYDROSHIP-M5-B
medium/qr_B_m6_medium_050.png,medium,0.55,6,174,50,B,HYDROSHIP-M5-B,backscatter|blur|color|ripple,0.5286,1.0803,1.1152,52.1587,188.8448,0.202,1.8716,1.4922,1.991,2.3949,5.555,3.7928,5,1.5947,True,True,raw,HYDROSHIP-M5-B
medium/qr_B_m6_medium_051.png,medium,0.55,6,174,51,B,HYDROSHIP-M5-B,backscatter|blur|color|ripple,0.4797,0.9888,1.1398,50.3502,186.2657,0.201,1.7718,1.5429,1.9468,2.3075,1.9716,1.8705,5,1.7323,True,True,raw,HYDROSHIP-M5-B
medium/qr_B_m6_medium_052.png,medium,0.55,6,174,52,B,HYDROSHIP-M5-B,backscatter|blur|color|ripple,0.4667,1.1069,1.1779,53.4149,199.6543,0.2079,1.8014,1.5538,2.1906,2.4749,1.0532,5.9983,5,1.5784,True,True,raw,HYDROSHIP-M5-B
medium/qr_B_m6_medium_053.png,medium,0.55,6,174,53,B,HYDROSHIP-M5-B,backscatter|blur|color|ripple,0.4586,1.0685,1.0874,52.99,207.8072,0.2276,1.7604,1.5313,2.1384,2.5777,0.9638,4.9294,5,1.6873,True,True,raw,HYDROSHIP-M5-B
medium/qr_B_m6_medium_054.png,medium,0.55,6,174,54,B,HYDROSHIP-M5-B,backscatter|blur|color|ripple,0.4751,1.0021,1.181,52.7547,210.0476,0.201,1.9434,1.5117,1.9964,2.5169,0.8485,4.1135,5,1.5271,True,True,raw,HYDROSHIP-M5-B
medium/qr_B_m6_medium_055.png,medium,0.55,6,174,55,B,HYDROSHIP-M5-B,backscatter|blur|color|ripple,0.5082,1.0242,1.1038,50.7241,215.3333,0.2124,1.958,1.4091,1.9417,2.6535,5.3462,0.3724,5,1.6504,True,True,raw,HYDROSHIP-M5-B
medium/qr_B_m6_medium_056.png,medium,0.55,6,174,56,B,HYDROSHIP-M5-B,backscatter|blur|color|ripple,0.5114,0.958,1.0431,56.9847,211.1869,0.2151,1.8477,1.382,2.1697,2.3216,5.8582,0.3607,5,1.5379,True,True,raw,HYDROSHIP-M5-B
medium/qr_B_m6_medium_057.png,medium,0.55,6,174,57,B,HYDROSHIP-M5-B,backscatter|blur|color|ripple,0.4718,1.0661,1.0777,56.1873,204.5876,0.2303,1.8319,1.565,2.0981,2.6149,2.0868,4.0409,5,1.6964,True,True,raw,HYDROSHIP-M5-B
medium/qr_B_m6_medium_058.png,medium,0.55,6,174,58,B,HYDROSHIP-M5-B,backscatter|blur|color|ripple,0.4586,1.0431,1.071,55.7287,198.9919,0.2323,1.9087,1.4353,2.1053,2.3014,2.0293,0.1064,5,1.7417,True,True,raw,HYDROSHIP-M5-B
medium/qr_B_m6_medium_059.png,medium,0.55,6,174,59,B,HYDROSHIP-M5-B,backscatter|blur|color|ripple,0.461,0.9944,1.0451,57.1941,210.5345,0.2076,2.0149,1.4675,2.0954,2.4605,1.6706,2.0459,5,1.6906,True,True,raw,HYDROSHIP-M5-B
medium/qr_B_m6_medium_060.png,medium,0.55,6,174,60,B,HYDROSHIP-M5-B,backscatter|blur|color|ripple,0.4963,0.9975,1.176,55.4253,196.0746,0.2184,1.9902,1.4872,2.162,2.6143,3.831,5.199,5,1.7312,True,True,raw,HYDROSHIP-M5-B
medium/qr_B_m6_medium_061.png,medium,0.55,6,174,61,B,HYDROSHIP-M5-B,backscatter|blur|color|ripple,0.519,1.0514,1.0202,56.2171,203.7363,0.2218,1.9382,1.5159,2.0167,2.569,0.8514,1.1023,5,1.7742,True,True,raw,HYDROSHIP-M5-B
medium/qr_B_m6_medium_062.png,medium,0.55,6,174,62,B,HYDROSHIP-M5-B,backscatter|blur|color|ripple,0.4918,0.9747,1.1856,57.2753,212.0992,0.204,1.7559,1.3793,2.2148,2.3789,3.2545,3.1216,5,1.7867,True,True,raw,HYDROSHIP-M5-B
medium/qr_B_m6_medium_063.png,medium,0.55,6,174,63,B,HYDROSHIP-M5-B,backscatter|blur|color|ripple,0.4713,1.0281,1.1698,54.6523,188.175,0.2233,1.9063,1.3912,2.1982,2.5617,5.6708,5.3253,5,1.5786,True,True,raw,HYDROSHIP-M5-B
medium/qr_B_m6_medium_064.png,medium,0.55,6,174,64,B,HYDROSHIP-M5-B,backscatter|blur|color|ripple,0.4576,0.9735,1.0727,51.2801,202.8058,0.2292,1.8393,1.4088,2.1935,2.5358,4.6749,5.0026,5,1.7768,True,True,raw,HYDROSHIP-M5-B
medium/qr_B_m6_medium_065.png,medium,0.55,6,174,65,B,HYDROSHIP-M5-B,backscatter|blur|color|ripple,0.5206,1.0433,1.0889,50.2978,210.2616,0.2111,1.959,1.499,2.0319,2.6587,4.8632,2.5149,5,1.736,True,True,raw,HYDROSHIP-M5-B
medium/qr_B_m6_medium_066.png,medium,0.55,6,174,66,B,HYDROSHIP-M5-B,backscatter|blur|color|ripple,0.5042,0.9933,1.0257,56.1789,189.8531,0.2303,1.9917,1.4945,1.984,2.5459,5.9447,0.0216,5,1.7719,True,True,raw,HYDROSHIP-M5-B
medium/qr_B_m6_medium_067.png,medium,0.55,6,174,67,B,HYDROSHIP-M5-B,backscatter|blur|color|ripple,0.4742,1.0973,1.0208,55.1278,203.8434,0.2262,1.8046,1.3512,1.9565,2.6279,6.2578,2.9593,5,1.7,True,True,raw,HYDROSHIP-M5-B
medium/qr_B_m6_medium_068.png,medium,0.55,6,174,68,B,HYDROSHIP-M5-B,backscatter|blur|color|ripple,0.5186,0.9884,1.1713,58.1166,209.9581,0.2279,1.996,1.564,2.0538,2.3469,4.5605,1.9527,5,1.639,True,True,raw,HYDROSHIP-M5-B
medium/qr_B_m6_medium_069.png,medium,0.55,6,174,69,B,HYDROSHIP-M5-B,backscatter|blur|color|ripple,0.5147,1.0169,1.1678,52.2909,213.8902,0.2134,1.8509,1.5483,2.2494,2.2697,3.8905,2.7546,5,1.5738,True,True,raw,HYDROSHIP-M5-B
medium/qr_B_m6_medium_070.png,medium,0.55,6,174,70,B,HYDROSHIP-M5-B,backscatter|blur|color|ripple,0.4846,1.058,1.1715,56.0278,199.2303,0.2186,1.9582,1.4781,2.0505,2.521,4.4818,6.1301,5,1.614,True,True,raw,HYDROSHIP-M5-B
medium/qr_B_m6_medium_071.png,medium,0.55,6,174,71,B,HYDROSHIP-M5-B,backscatter|blur|color|ripple,0.5101,1.043,1.0267,53.423,210.1639,0.2319,1.9522,1.5523,2.1525,2.5021,5.1261,2.2303,5,1.7478,True,True,raw,HYDROSHIP-M5-B
medium/qr_B_m6_medium_072.png,medium,0.55,6,174,72,B,HYDROSHIP-M5-B,backscatter|blur|color|ripple,0.4717,1.0153,1.155,50.1422,211.0999,0.2043,1.939,1.5486,2.1464,2.4948,4.6902,5.0838,5,1.6172,True,True,raw,HYDROSHIP-M5-B
medium/qr_B_m6_medium_073.png,medium,0.55,6,174,73,B,HYDROSHIP-M5-B,backscatter|blur|color|ripple,0.5266,0.9597,1.128,55.8308,194.1777,0.2327,1.8316,1.4714,2.1467,2.6534,3.556,1.3356,5,1.5846,True,True,raw,HYDROSHIP-M5-B
medium/qr_B_m6_medium_074.png,medium,0.55,6,174,74,B,HYDROSHIP-M5-B,backscatter|blur|color|ripple,0.4683,0.96,1.1491,51.3244,192.9535,0.2284,1.9581,1.4732,2.0239,2.3569,4.2784,3.4175,5,1.7242,True,True,raw,HYDROSHIP-M5-B
medium/qr_B_m6_medium_075.png,medium,0.55,6,174,75,B,HYDROSHIP-M5-B,backscatter|blur|color|ripple,0.5136,1.0288,1.0728,57.5916,198.2124,0.2025,1.9627,1.4528,2.2582,2.4834,0.1725,0.1364,5,1.5906,True,True,raw,HYDROSHIP-M5-B
medium/qr_B_m6_medium_076.png,medium,0.55,6,174,76,B,HYDROSHIP-M5-B,backscatter|blur|color|ripple,0.5006,0.972,1.1344,52.4006,208.0997,0.2197,1.7686,1.3988,2.2336,2.4019,2.022,2.4683,5,1.7524,True,True,raw,HYDROSHIP-M5-B
medium/qr_B_m6_medium_077.png,medium,0.55,6,174,77,B,HYDROSHIP-M5-B,backscatter|blur|color|ripple,0.5213,1.0379,1.0996,56.6236,186.8801,0.1994,1.9481,1.4381,2.1596,2.6244,2.5355,2.7368,5,1.6197,True,True,raw,HYDROSHIP-M5-B
medium/qr_B_m6_medium_078.png,medium,0.55,6,174,78,B,HYDROSHIP-M5-B,backscatter|blur|color|ripple,0.4666,0.9563,1.1215,50.958,204.7465,0.2101,2.0084,1.5401,1.9447,2.45,4.676,0.97,5,1.5447,True,True,raw,HYDROSHIP-M5-B
medium/qr_B_m6_medium_079.png,medium,0.55,6,174,79,B,HYDROSHIP-M5-B,backscatter|blur|color|ripple,0.5192,1.0358,1.086,50.5748,200.0767,0.219,1.861,1.4786,2.0001,2.4949,1.5612,2.3662,5,1.5942,True,True,raw,HYDROSHIP-M5-B
medium/qr_B_m6_medium_080.png,medium,0.55,6,174,80,B,HYDROSHIP-M5-B,backscatter|blur|color|ripple,0.5285,1.0046,1.0953,54.8747,213.9267,0.208,1.9553,1.3837,2.2431,2.4589,3.3517,3.4898,5,1.7314,True,True,raw,HYDROSHIP-M5-B
medium/qr_B_m6_medium_081.png,medium,0.55,6,174,81,B,HYDROSHIP-M5-B,backscatter|blur|color|ripple,0.4586,1.0654,1.1721,54.8528,207.0877,0.2057,1.9033,1.5361,2.0725,2.5381,3.0079,0.3628,5,1.7487,True,True,raw,HYDROSHIP-M5-B
medium/qr_B_m6_medium_082.png,medium,0.55,6,174,82,B,HYDROSHIP-M5-B,backscatter|blur|color|ripple,0.4684,0.9783,1.0881,53.3673,202.9428,0.2082,2.0417,1.4375,2.1546,2.5295,4.7728,4.1511,5,1.568,True,True,raw,HYDROSHIP-M5-B
medium/qr_B_m6_medium_083.png,medium,0.55,6,174,83,B,HYDROSHIP-M5-B,backscatter|blur|color|ripple,0.4978,0.9719,1.0517,51.2329,209.0127,0.211,1.7783,1.3618,2.0374,2.3992,2.9766,4.9375,5,1.6664,True,True,raw,HYDROSHIP-M5-B
deep/qr_B_m6_deep_000.png,deep,0.85,6,174,0,B,HYDROSHIP-M5-B,backscatter|blur|color|ripple,0.2884,1.1061,1.2348,77.5025,172.8134,0.322,2.7962,2.0869,2.7422,3.031,6.0672,2.4089,5,2.1255,False,False,fail,
deep/qr_B_m6_deep_001.png,deep,0.85,6,174,1,B,HYDROSHIP-M5-B,backscatter|blur|color|ripple,0.301,1.0446,1.1155,81.5373,170.6533,0.2893,2.7689,2.0972,2.8054,2.9249,0.4071,0.6687,5,2.1348,True,True,raw,HYDROSHIP-M5-B
deep/qr_B_m6_deep_002.png,deep,0.85,6,174,2,B,HYDROSHIP-M5-B,backscatter|blur|color|ripple,0.3185,1.1239,1.1611,84.7093,179.5357,0.2981,2.9859,2.1797,2.8961,2.9032,0.2089,4.8414,5,2.1728,False,False,fail,
deep/qr_B_m6_deep_003.png,deep,0.85,6,174,3,B,HYDROSHIP-M5-B,backscatter|blur|color|ripple,0.3037,0.99,1.1164,77.4541,161.405,0.3353,2.8932,2.0748,2.8992,2.9888,5.1273,5.1737,5,2.4412,False,False,fail,
deep/qr_B_m6_deep_004.png,deep,0.85,6,174,4,B,HYDROSHIP-M5-B,backscatter|blur|color|ripple,0.2753,0.9686,1.1629,77.9518,173.0393,0.3113,2.6703,2.2988,2.8417,3.139,0.0735,3.7894,5,2.2482,False,True,upscale,HYDROSHIP-M5-B
deep/qr_B_m6_deep_005.png,deep,0.85,6,174,5,B,HYDROSHIP-M5-B,backscatter|blur|color|ripple,0.3111,1.061,1.2449,75.2196,161.6287,0.3176,2.6264,1.9953,2.8396,3.2939,5.5797,5.2279,5,2.4452,False,True,clahe,HYDROSHIP-M5-B
deep/qr_B_m6_deep_006.png,deep,0.85,6,174,6,B,HYDROSHIP-M5-B,backscatter|blur|color|ripple,0.2855,0.973,1.2329,84.7885,178.3551,0.2915,2.9595,1.996,2.7993,2.9819,3.0708,1.8903,5,2.3974,False,False,fail,
deep/qr_B_m6_deep_007.png,deep,0.85,6,174,7,B,HYDROSHIP-M5-B,backscatter|blur|color|ripple,0.2892,1.0658,1.2366,81.2558,162.3621,0.3061,2.9126,2.2745,2.7161,3.216,4.4123,1.0625,5,2.3102,False,False,fail,
deep/qr_B_m6_deep_008.png,deep,0.85,6,174,8,B,HYDROSHIP-M5-B,backscatter|blur|color|ripple,0.3048,1.0913,1.1403,78.4261,170.7052,0.3323,2.9031,2.0521,2.7539,3.0145,4.0758,0.9937,5,2.3403,True,True,raw,HYDROSHIP-M5-B
deep/qr_B_m6_deep_009.png,deep,0.85,6,174,9,B,HYDROSHIP-M5-B,backscatter|blur|color|ripple,0.3015,1.0248,1.2088,76.8136,167.8238,0.289,2.9239,2.3182,2.6996,3.3323,3.3973,0.8286,5,2.3035,False,False,fail,
deep/qr_B_m6_deep_010.png,deep,0.85,6,174,10,B,HYDROSHIP-M5-B,backscatter|blur|color|ripple,0.2982,1.0344,1.1534,78.1248,168.669,0.3301,2.8122,2.2472,2.6793,2.9864,4.5401,4.1807,5,2.2308,True,True,raw,HYDROSHIP-M5-B
deep/qr_B_m6_deep_011.png,deep,0.85,6,174,11,B,HYDROSHIP-M5-B,backscatter|blur|color|ripple,0.2998,1.0776,1.0943,75.1624,162.0256,0.2996,2.7263,2.1075,2.7895,3.3883,3.3848,1.4589,5,2.3805,False,True,upscale,HYDROSHIP-M5-B
deep/qr_B_m6_deep_012.png,deep,0.85,6,174,12,B,HYDROSHIP-M5-B,backscatter|blur|color|ripple,0.2811,0.9993,1.217,76.8726,182.0319,0.3285,2.7598,2.0973,2.4964,3.1494,5.9687,0.7094,5,2.2039,False,True,upscale,HYDROSHIP-M5-B
deep/qr_B_m6_deep_013.png,deep,0.85,6,174,13,B,HYDROSHIP-M5-B,backscatter|blur|color|ripple,0.3008,1.0281,1.1637,74.0012,176.7425,0.328,2.8503,2.2078,2.7305,3.3705,2.5177,0.2572,5,2.1716,False,False,fail,
deep/qr_B_m6_deep_014.png,deep,0.85,6,174,14,B,HYDROSHIP-M5-B,backscatter|blur|color|ripple,0.292,1.0847,1.2001,78.6947,187.5739,0.2942,2.5636,2.2004,2.6273,3.372,3.5743,1.1065,5,2.3093,False,False,fail,
deep/qr_B_m6_deep_015.png,deep,0.85,6,174,15,B,HYDROSHIP-M5-B,backscatter|blur|color|ripple,0.2871,1.0112,1.0851,73.9705,171.6399,0.3275,2.9503,1.9971,2.8553,3.1803,6.0571,3.4359,5,2.4581,False,False,fail,
deep/qr_B_m6_deep_016.png,deep,0.85,6,174,16,B,HYDROSHIP-M5-B,backscatter|blur|color|ripple,0.3094,1.0095,1.211,82.8588,184.3285,0.2887,2.698,2.2808,2.5223,3.3272,5.9057,0.1774,5,2.1509,False,False,fail,
deep/qr_B_m6_deep_017.png,deep,0.85,6,174,17,B,HYDROSHIP-M5-B,backscatter|blur|color|ripple,0.3001,0.9604,1.1952,77.7817,163.7004,0.3131,2.9793,2.2037,2.4968,3.082,0.9821,2.0154,5,2.2093,False,False,fail,
deep/qr_B_m6_deep_018.png,deep,0.85,6,174,18,B,HYDROSHIP-M5-B,backscatter|blur|color|ripple,0.3036,0.9744,1.1782,81.9096,178.0908,0.3328,2.9831,2.1433,2.8134,3.1155,4.3085,0.6281,5,2.1166,True,True,raw,HYDROSHIP-M5-B
deep/qr_B_m6_deep_019.png,deep,0.85,6,174,19,B,HYDROSHIP-M5-B,backscatter|blur|color|ripple,0.2756,0.9627,1.1163,77.3447,166.0371,0.3218,2.6467,2.1461,2.5477,3.0365,0.1812,3.855,5,2.1234,True,True,raw,HYDROSHIP-M5-B
deep/qr_B_m6_deep_020.png,deep,0.85,6,174,20,B,HYDROSHIP-M5-B,backscatter|blur|color|ripple,0.276,1.1112,1.1812,80.94,161.5674,0.2906,2.6782,2.0364,2.5644,3.0854,3.8038,2.4013,5,2.2579,False,False,fail,
deep/qr_B_m6_deep_021.png,deep,0.85,6,174,21,B,HYDROSHIP-M5-B,backscatter|blur|color|ripple,0.2925,0.9871,1.1532,79.7284,179.6593,0.2935,2.6108,2.0809,2.5316,3.2155,5.8144,1.0169,5,2.3122,False,False,fail,
deep/qr_B_m6_deep_022.png,deep,0.85,6,174,22,B,HYDROSHIP-M5-B,backscatter|blur|color|ripple,0.3029,1.1084,1.1249,77.7091,177.7017,0.3239,2.7848,2.0382,2.7902,3.1466,4.2883,1.6431,5,2.3278,False,True,upscale,HYDROSHIP-M5-B
deep/qr_B_m6_deep_023.png,deep,0.85,6,174,23,B,HYDROSHIP-M5-B,backscatter|blur|color|ripple,0.3213,0.9831,1.242,83.105,163.7345,0.2893,2.6489,2.0004,2.9025,2.9159,5.2451,1.3983,5,2.4661,True,True,raw,HYDROSHIP-M5-B
deep/qr_B_m6_deep_024.png,deep,0.85,6,174,24,B,HYDROSHIP-M5-B,backscatter|blur|color|ripple,0.2946,1.1012,1.1736,79.0478,188.0848,0.2959,2.8511,2.0132,2.7713,3.2267,4.3313,3.0475,5,2.3228,True,True,raw,HYDROSHIP-M5-B
deep/qr_B_m6_deep_025.png,deep,0.85,6,174,25,B,HYDROSHIP-M5-B,backscatter|blur|color|ripple,0.3211,0.9651,1.1624,82.3991,174.7355,0.3054,2.7629,2.0186,2.8419,3.031,0.768,0.7393,5,2.4029,True,True,raw,HYDROSHIP-M5-B
deep/qr_B_m6_deep_026.png,deep,0.85,6,174,26,B,HYDROSHIP-M5-B,backscatter|blur|color|ripple,0.281,1.0082,1.1129,75.9507,178.5807,0.3076,2.9584,2.0074,2.6797,2.9624,0.0386,0.4244,5,2.2369,False,False,fail,
deep/qr_B_m6_deep_027.png,deep,0.85,6,174,27,B,HYDROSHIP-M5-B,backscatter|blur|color|ripple,0.3042,1.0698,1.2261,85.2147,168.6445,0.2892,2.7634,2.0914,2.904,3.1225,4.0855,5.1812,5,2.229,True,True,raw,HYDROSHIP-M5-B
deep/qr_B_m6_deep_028.png,deep,0.85,6,174,28,B,HYDROSHIP-M5-B,backscatter|blur|color|ripple,0.3165,1.0102,1.1661,83.1119,181.6141,0.3,2.7428,2.0431,2.6528,3.3374,4.7889,0.6646,5,2.3312,False,False,fail,
deep/qr_B_m6_deep_029.png,deep,0.85,6,174,29,B,HYDROSHIP-M5-B,backscatter|blur|color|ripple,0.3145,1.0294,1.1668,75.2324,181.2339,0.3163,2.7857,2.2767,2.4937,3.1783,3.8504,3.4241,5,2.4224,False,True,clahe,HYDROSHIP-M5-B
deep/qr_B_m6_deep_030.png,deep,0.85,6,174,30,B,HYDROSHIP-M5-B,backscatter|blur|color|ripple,0.3018,1.0119,1.0639,75.2116,163.1783,0.3318,2.9498,2.2167,2.8911,3.1073,6.1342,5.0844,5,2.1354,False,False,fail,
deep/qr_B_m6_deep_031.png,deep,0.85,6,174,31,B,HYDROSHIP-M5-B,backscatter|blur|color|ripple,0.2816,1.0029,1.0842,82.6691,162.3333,0.3331,2.5553,2.1475,2.8434,2.9922,3.3523,0.5021,5,2.1052,True,True,raw,HYDROSHIP-M5-B
deep/qr_B_m6_deep_032.png,deep,0.85,6,174,32,B,HYDROSHIP-M5-B,backscatter|blur|color|ripple,0.2972,1.1006,1.101,81.65,177.7201,0.3235,2.8732,2.1759,2.862,3.3529,1.8582,0.8554,5,2.3284,False,False,fail,
deep/qr_B_m6_deep_033.png,deep,0.85,6,174,33,B,HYDROSHIP-M5-B,backscatter|blur|color|ripple,0.2993,1.0532,1.0912,77.233,172.9039,0.2929,2.7976,2.0611,2.8228,3.309,1.4958,3.7226,5,2.2074,False,False,fail,
deep/qr_B_m6_deep_034.png,deep,0.85,6,174,34,B,HYDROSHIP-M5-B,backscatter|blur|color|ripple,0.2923,1.0804,1.1978,75.9282,169.3529,0.2879,2.614,2.1926,2.7438,3.0951,5.9,3.2802,5,2.3265,False,True,upscale,HYDROSHIP-M5-B
deep/qr_B_m6_deep_035.png,deep,0.85,6,174,35,B,HYDROSHIP-M5-B,backscatter|blur|color|ripple,0.3104,1.1092,1.2402,75.9965,181.6818,0.309,2.6561,2.0931,2.737,3.4014,3.6634,3.9193,5,2.3998,False,False,fail,
deep/qr_B_m6_deep_036.png,deep,0.85,6,174,36,B,HYDROSHIP-M5-B,backscatter|blur|color|ripple,0.2907,1.0425,1.1914,73.1575,172.8255,0.2985,2.801,1.9869,2.6934,3.099,5.7889,3.5404,5,2.198,False,False,fail,
deep/qr_B_m6_deep_037.png,deep,0.85,6,174,37,B,HYDROSHIP-M5-B,backscatter|blur|color|ripple,0.3072,1.0288,1.0989,77.1967,177.9792,0.297,2.7065,2.011,2.7649,3.0811,1.0636,4.6657,5,2.4269,True,True,raw,HYDROSHIP-M5-B
deep/qr_B_m6_deep_038.png,deep,0.85,6,174,38,B,HYDROSHIP-M5-B,backscatter|blur|color|ripple,0.2901,1.0575,1.0835,76.1258,181.9501,0.301,2.5916,2.0882,2.5722,3.1194,1.9239,3.743,5,2.4461,True,True,raw,HYDROSHIP-M5-B
deep/qr_B_m6_deep_039.png,deep,0.85,6,174,39,B,HYDROSHIP-M5-B,backscatter|blur|color|ripple,0.2971,1.0847,1.2174,78.4054,186.2041,0.3204,2.5492,2.2017,2.8304,3.0611,1.3806,5.9658,5,2.4134,True,True,raw,HYDROSHIP-M5-B
deep/qr_B_m6_deep_040.png,deep,0.85,6,174,40,B,HYDROSHIP-M5-B,backscatter|blur|color|ripple,0.3119,1.0825,1.1605,85.7417,178.3655,0.2874,2.7592,2.3019,2.7267,3.1387,1.1157,4.1983,5,2.2328,False,False,fail,
deep/qr_B_m6_deep_041.png,deep,0.85,6,174,41,B,HYDROSHIP-M5-B,backscatter|blur|color|ripple,0.2928,1.0281,1.1586,83.5029,165.3492,0.2878,2.8097,2.0749,2.6071,2.9186,1.5128,5.3696,5,2.3387,True,True,raw,HYDROSHIP-M5-B
deep/qr_B_m6_deep_042.png,deep,0.85,6,174,42,B,HYDROSHIP-M5-B,backscatter|blur|color|ripple,0.2783,1.0152,1.0961,79.2631,174.8589,0.3219,2.8839,2.2454,2.5113,3.2505,5.5252,1.8039,5,2.3346,False,True,upscale,HYDROSHIP-M5-B
deep/qr_B_m6_deep_043.png,deep,0.85,6,174,43,B,HYDROSHIP-M5-B,backscatter|blur|color|ripple,0.3196,1.0586,1.1237,79.0094,174.3753,0.3052,2.8299,2.0067,2.4911,3.3812,3.3691,5.529,5,2.3082,True,True,raw,HYDROSHIP-M5-B
deep/qr_B_m6_deep_044.png,deep,0.85,6,174,44,B,HYDROSHIP-M5-B,backscatter|blur|color|ripple,0.3092,1.0354,1.1703,75.6755,166.7642,0.3087,2.8186,2.095,2.9025,2.9461,6.018,1.9333,5,2.2175,False,False,fail,
deep/qr_B_m6_deep_045.png,deep,0.85,6,174,45,B,HYDROSHIP-M5-B,backscatter|blur|color|ripple,0.307,0.9624,1.1073,80.6283,180.0726,0.3126,2.7739,2.2547,2.8098,3.1491,0.5854,3.9677,5,2.1904,False,False,fail,
deep/qr_B_m6_deep_046.png,deep,0.85,6,174,46,B,HYDROSHIP-M5-B,backscatter|blur|color|ripple,0.2997,1.1125,1.1643,77.6165,167.8637,0.336,2.8531,2.0539,2.5324,3.1152,6.1369,0.1496,5,2.1933,True,True,raw,HYDROSHIP-M5-B
deep/qr_B_m6_deep_047.png,deep,0.85,6,174,47,B,HYDROSHIP-M5-B,backscatter|blur|color|ripple,0.3065,1.0992,1.0626,80.3789,166.8649,0.2945,2.5871,2.202,2.8986,3.1161,4.5755,0.3841,5,2.2386,False,True,upscale,HYDROSHIP-M5-B
deep/qr_B_m6_deep_048.png,deep,0.85,6,174,48,B,HYDROSHIP-M5-B,backscatter|blur|color|ripple,0.2834,1.1097,1.2094,75.3749,171.7456,0.3194,2.9461,2.1734,2.691,2.9674,4.7283,1.5898,5,2.4095,False,True,clahe,HYDROSHIP-M5-B
deep/qr_B_m6_deep_049.png,deep,0.85,6,174,49,B,HYDROSHIP-M5-B,backscatter|blur|color|ripple,0.309,1.0312,1.122,85.0699,167.029,0.3284,2.828,2.2965,2.9142,3.1235,3.8067,2.0412,5,2.2066,True,True,raw,HYDROSHIP-M5-B
deep/qr_B_m6_deep_050.png,deep,0.85,6,174,50,B,HYDROSHIP-M5-B,backscatter|blur|color|ripple,0.2844,0.9756,1.1961,75.5075,180.0175,0.2986,2.664,2.0013,2.5559,3.1314,3.3363,5.0052,5,2.2028,True,True,raw,HYDROSHIP-M5-B
deep/qr_B_m6_deep_051.png,deep,0.85,6,174,51,B,HYDROSHIP-M5-B,backscatter|blur|color|ripple,0.2844,1.1054,1.119,81.4484,166.4193,0.2962,2.9386,2.082,2.6783,3.0245,3.7964,4.4335,5,2.2144,True,True,raw,HYDROSHIP-M5-B
deep/qr_B_m6_deep_052.png,deep,0.85,6,174,52,B,HYDROSHIP-M5-B,backscatter|blur|color|ripple,0.3201,1.0658,1.204,81.7092,186.4782,0.2881,2.8266,2.2764,2.6947,3.0933,0.7853,0.2207,5,2.2561,True,True,raw,HYDROSHIP-M5-B
deep/qr_B_m6_deep_053.png,deep,0.85,6,174,53,B,HYDROSHIP-M5-B,backscatter|blur|color|ripple,0.303,1.0305,1.2212,73.6657,170.5746,0.3002,2.5867,2.0613,2.5335,3.1067,5.5083,1.1147,5,2.2409,False,False,fail,
deep/qr_B_m6_deep_054.png,deep,0.85,6,174,54,B,HYDROSHIP-M5-B,backscatter|blur|color|ripple,0.2997,1.0964,1.2052,78.139,179.6627,0.3292,2.6987,2.095,2.6731,3.3643,4.9782,0.0992,5,2.3962,False,False,fail,
deep/qr_B_m6_deep_055.png,deep,0.85,6,174,55,B,HYDROSHIP-M5-B,backscatter|blur|color|ripple,0.3109,1.1011,1.1871,74.3584,180.7352,0.3177,2.7635,2.1044,2.8003,3.1981,2.0334,6.1637,5,2.2415,True,True,raw,HYDROSHIP-M5-B
deep/qr_B_m6_deep_056.png,deep,0.85,6,174,56,B,HYDROSHIP-M5-B,backscatter|blur|color|ripple,0.3064,1.0817,1.2372,81.8249,166.432,0.3164,2.5647,2.2507,2.5145,3.1654,0.7919,4.4191,5,2.1898,False,False,fail,
deep/qr_B_m6_deep_057.png,deep,0.85,6,174,57,B,HYDROSHIP-M5-B,backscatter|blur|color|ripple,0.3124,0.978,1.1857,78.519,167.3346,0.3276,2.5794,2.2029,2.7642,3.2779,1.3208,5.9873,5,2.1966,True,True,raw,HYDROSHIP-M5-B
deep/qr_B_m6_deep_058.png,deep,0.85,6,174,58,B,HYDROSHIP-M5-B,backscatter|blur|color|ripple,0.306,1.0767,1.2376,84.1424,173.0159,0.332,2.7218,2.2755,2.5042,3.2693,5.7458,4.4875,5,2.4136,False,True,clahe,HYDROSHIP-M5-B
deep/qr_B_m6_deep_059.png,deep,0.85,6,174,59,B,HYDROSHIP-M5-B,backscatter|blur|color|ripple,0.2756,1.0199,1.2055,80.4311,180.3495,0.2994,2.5785,2.3226,2.6614,3.1268,4.0706,4.7767,5,2.2159,False,True,upscale,HYDROSHIP-M5-B
deep/qr_B_m6_deep_060.png,deep,0.85,6,174,60,B,HYDROSHIP-M5-B,backscatter|blur|color|ripple,0.2764,1.11,1.1812,82.7869,187.6554,0.332,2.5637,1.9895,2.8964,2.9697,5.6491,0.4744,5,2.2006,True,True,raw,HYDROSHIP-M5-B
deep/qr_B_m6_deep_061.png,deep,0.85,6,174,61,B,HYDROSHIP-M5-B,backscatter|blur|color|ripple,0.2803,1.1153,1.2359,79.2281,177.3083,0.3108,2.8631,2.02,2.6748,3.3826,2.4963,4.284,5,2.293,False,False,fail,
deep/qr_B_m6_deep_062.png,deep,0.85,6,174,62,B,HYDROSHIP-M5-B,backscatter|blur|color|ripple,0.2977,0.9938,1.1402,81.2765,180.1408,0.3282,2.9248,2.0548,2.8547,3.0737,0.393,0.219,5,2.1809,False,True,clahe,HYDROSHIP-M5-B
deep/qr_B_m6_deep_063.png,deep,0.85,6,174,63,B,HYDROSHIP-M5-B,backscatter|blur|color|ripple,0.3103,1.1043,1.1877,84.815,167.4773,0.2881,2.6517,2.2996,2.7933,3.3653,3.5005,4.9245,5,2.3513,True,True,raw,HYDROSHIP-M5-B
deep/qr_B_m6_deep_064.png,deep,0.85,6,174,64,B,HYDROSHIP-M5-B,backscatter|blur|color|ripple,0.2742,1.0371,1.1108,80.4138,165.2561,0.3258,2.819,2.0468,2.6269,3.2983,4.7014,4.509,5,2.4278,True,True,raw,HYDROSHIP-M5-B
deep/qr_B_m6_deep_065.png,deep,0.85,6,174,65,B,HYDROSHIP-M5-B,backscatter|blur|color|ripple,0.3039,1.1212,1.1597,84.6993,170.0229,0.3219,2.8659,2.1412,2.8777,3.0057,1.7215,5.4431,5,2.3087,True,True,raw,HYDROSHIP-M5-B
deep/qr_B_m6_deep_066.png,deep,0.85,6,174,66,B,HYDROSHIP-M5-B,backscatter|blur|color|ripple,0.2807,1.0779,1.0835,76.9751,162.7434,0.3276,2.8447,1.9898,2.7273,3.2136,0.6462,0.8074,5,2.3339,False,True,clahe,HYDROSHIP-M5-B
deep/qr_B_m6_deep_067.png,deep,0.85,6,174,67,B,HYDROSHIP-M5-B,backscatter|blur|color|ripple,0.2881,1.0503,1.1209,73.7115,165.2822,0.3094,2.9787,2.2874,2.6618,3.1571,3.968,0.6601,5,2.393,True,True,raw,HYDROSHIP-M5-B
deep/qr_B_m6_deep_068.png,deep,0.85,6,174,68,B,HYDROSHIP-M5-B,backscatter|blur|color|ripple,0.3127,0.9795,1.1193,79.2929,162.0743,0.3191,2.7299,2.1772,2.671,3.2721,0.2059,2.3973,5,2.2534,False,False,fail,
deep/qr_B_m6_deep_069.png,deep,0.85,6,174,69,B,HYDROSHIP-M5-B,backscatter|blur|color|ripple,0.288,1.0762,1.1106,80.3247,185.3422,0.3256,2.6322,2.0167,2.6345,3.2825,5.7625,0.371,5,2.2166,True,True,raw,HYDROSHIP-M5-B
deep/qr_B_m6_deep_070.png,deep,0.85,6,174,70,B,HYDROSHIP-M5-B,backscatter|blur|color|ripple,0.2912,1.1249,1.2234,80.128,165.0974,0.3109,2.8771,2.2637,2.5019,3.1122,1.8304,2.4312,5,2.2523,True,True,raw,HYDROSHIP-M5-B
deep/qr_B_m6_deep_071.png,deep,0.85,6,174,71,B,HYDROSHIP-M5-B,backscatter|blur|color|ripple,0.295,1.0512,1.0615,73.7536,171.3219,0.3286,2.9586,2.0763,2.6284,2.9791,6.2237,3.0153,5,2.4475,True,True,raw,HYDROSHIP-M5-B
deep/qr_B_m6_deep_072.png,deep,0.85,6,174,72,B,HYDROSHIP-M5-B,backscatter|blur|color|ripple,0.3018,1.0755,1.0871,77.6989,184.7657,0.3156,2.6426,2.0275,2.8496,2.99,3.6436,3.4322,5,2.2058,True,True,raw,HYDROSHIP-M5-B
deep/qr_B_m6_deep_073.png,deep,0.85,6,174,73,B,HYDROSHIP-M5-B,backscatter|blur|color|ripple,0.2804,0.9641,1.1321,82.1995,174.783,0.3081,2.7568,2.2669,2.6419,3.3369,1.7172,0.6757,5,2.3021,False,True,upscale,HYDROSHIP-M5-B
deep/qr_B_m6_deep_074.png,deep,0.85,6,174,74,B,HYDROSHIP-M5-B,backscatter|blur|color|ripple,0.2962,0.9944,1.1643,73.3459,163.2326,0.2892,2.8567,2.2222,2.8216,3.2238,5.0812,1.6004,5,2.413,False,False,fail,
deep/qr_B_m6_deep_075.png,deep,0.85,6,174,75,B,HYDROSHIP-M5-B,backscatter|blur|color|ripple,0.2795,0.9782,1.1344,73.0869,186.2205,0.3091,2.8259,2.2976,2.657,3.2469,1.9346,2.0947,5,2.2629,True,True,raw,HYDROSHIP-M5-B
deep/qr_B_m6_deep_076.png,deep,0.85,6,174,76,B,HYDROSHIP-M5-B,backscatter|blur|color|ripple,0.2897,0.9754,1.1036,79.4376,180.4843,0.3234,2.776,2.0333,2.5825,3.3828,3.3303,5.2301,5,2.2662,False,True,clahe,HYDROSHIP-M5-B
deep/qr_B_m6_deep_077.png,deep,0.85,6,174,77,B,HYDROSHIP-M5-B,backscatter|blur|color|ripple,0.2878,1.0584,1.1025,81.6344,161.8657,0.3252,2.9806,1.9842,2.6856,3.2258,1.3893,4.9283,5,2.1362,False,True,clahe,HYDROSHIP-M5-B
deep/qr_B_m6_deep_078.png,deep,0.85,6,174,78,B,HYDROSHIP-M5-B,backscatter|blur|color|ripple,0.3025,1.0251,1.1174,79.0742,162.4086,0.2939,2.7727,2.1115,2.7903,3.3042,2.4677,4.7845,5,2.4301,True,True,raw,HYDROSHIP-M5-B
deep/qr_B_m6_deep_079.png,deep,0.85,6,174,79,B,HYDROSHIP-M5-B,backscatter|blur|color|ripple,0.292,1.0483,1.178,82.8014,187.1911,0.3101,2.6952,2.1581,2.7759,3.1601,1.787,2.8408,5,2.2949,True,True,raw,HYDROSHIP-M5-B
deep/qr_B_m6_deep_080.png,deep,0.85,6,174,80,B,HYDROSHIP-M5-B,backscatter|blur|color|ripple,0.2955,0.9878,1.1506,81.4373,170.9268,0.3347,2.59,2.2955,2.6801,3.2723,3.8862,1.8515,5,2.3318,True,True,raw,HYDROSHIP-M5-B
deep/qr_B_m6_deep_081.png,deep,0.85,6,174,81,B,HYDROSHIP-M5-B,backscatter|blur|color|ripple,0.2937,0.9619,1.12,84.4062,168.9063,0.2974,2.5792,2.0069,2.5538,2.9707,1.4972,1.0871,5,2.4013,True,True,raw,HYDROSHIP-M5-B
deep/qr_B_m6_deep_082.png,deep,0.85,6,174,82,B,HYDROSHIP-M5-B,backscatter|blur|color|ripple,0.2873,1.046,1.2405,79.9105,184.7439,0.2923,2.8092,2.0357,2.5198,3.1468,0.9075,5.0251,5,2.4179,False,True,clahe,HYDROSHIP-M5-B
deep/qr_B_m6_deep_083.png,deep,0.85,6,174,83,B,HYDROSHIP-M5-B,backscatter|blur|color|ripple,0.2915,0.9859,1.1589,79.8884,162.5593,0.3038,2.979,2.0675,2.5995,3.3241,3.3026,1.2577,5,2.2059,False,True,clahe,HYDROSHIP-M5-B
shallow/qr_B_m8_shallow_000.png,shallow,0.25,8,232,0,B,HYDROSHIP-M5-B,backscatter|blur|color|ripple,0.6748,1.0799,0.9986,29.089,233.2218,0.125,1.0496,0.7462,1.607,1.7087,5.5949,4.1949,3,1.0554,True,True,raw,HYDROSHIP-M5-B
shallow/qr_B_m8_shallow_001.png,shallow,0.25,8,232,1,B,HYDROSHIP-M5-B,backscatter|blur|color|ripple,0.7319,1.0635,0.9658,27.9439,243.9792,0.1161,1.0915,0.7657,1.5886,1.6707,5.0726,5.6726,3,1.0339,True,True,raw,HYDROSHIP-M5-B
shallow/qr_B_m8_shallow_002.png,shallow,0.25,8,232,2,B,HYDROSHIP-M5-B,backscatter|blur|color|ripple,0.6864,0.9691,1.0058,30.3397,221.7586,0.1107,1.0266,0.8147,1.5819,1.718,0.8537,0.4347,3,1.0736,True,True,raw,HYDROSHIP-M5-B
shallow/qr_B_m8_shallow_003.png,shallow,0.25,8,232,3,B,HYDROSHIP-M5-B,backscatter|blur|color|ripple,0.6786,0.9401,0.9763,30.1228,226.6493,0.1107,0.9741,0.7237,1.3916,1.8375,3.3689,2.8356,3,1.0349,True,True,raw,HYDROSHIP-M5-B
shallow/qr_B_m8_shallow_004.png,shallow,0.25,8,232,4,B,HYDROSHIP-M5-B,backscatter|blur|color|ripple,0.6966,1.0311,0.9847,27.0245,225.041,0.1226,0.9545,0.7206,1.3938,1.8249,5.4838,1.3484,3,1.1019,True,True,raw,HYDROSHIP-M5-B
shallow/qr_B_m8_shallow_005.png,shallow,0.25,8,232,5,B,HYDROSHIP-M5-B,backscatter|blur|color|ripple,0.6855,1.0632,1.0074,28.2487,240.1596,0.1217,0.9613,0.7356,1.5358,1.7951,1.4872,2.8775,3,1.0525,True,True,raw,HYDROSHIP-M5-B
shallow/qr_B_m8_shallow_006.png,shallow,0.25,8,232,6,B,HYDROSHIP-M5-B,backscatter|blur|color|ripple,0.686,0.98,0.9725,29.5135,233.6139,0.1188,1.097,0.7721,1.4147,1.87,0.1472,4.6988,3,1.0579,True,True,raw,HYDROSHIP-M5-B
shallow/qr_B_m8_shallow_007.png,shallow,0.25,8,232,7,B,HYDROSHIP-M5-B,backscatter|blur|color|ripple,0.7419,0.9391,1.0061,27.38,223.3375,0.1224,1.0192,0.7878,1.6119,1.6995,3.0721,4.0184,3,1.0547,True,True,raw,HYDROSHIP-M5-B
shallow/qr_B_m8_shallow_008.png,shallow,0.25,8,232,8,B,HYDROSHIP-M5-B,backscatter|blur|color|ripple,0.6669,0.9921,1.05,28.4001,223.1031,0.1259,1.055,0.722,1.4296,1.8154,5.5401,5.2585,3,1.0885,True,True,raw,HYDROSHIP-M5-B
shallow/qr_B_m8_shallow_009.png,shallow,0.25,8,232,9,B,HYDROSHIP-M5-B,backscatter|blur|color|ripple,0.6869,0.985,1.0055,29.5786,230.6863,0.1229,0.9575,0.7667,1.5452,1.8028,2.4012,1.3216,3,0.9599,True,True,raw,HYDROSHIP-M5-B
shallow/qr_B_m8_shallow_010.png,shallow,0.25,8,232,10,B,HYDROSHIP-M5-B,backscatter|blur|color|ripple,0.6477,0.9864,1.0678,30.9929,222.8068,0.1271,1.0235,0.8361,1.5811,1.7589,4.133,2.4259,3,0.9636,True,True,raw,HYDROSHIP-M5-B
shallow/qr_B_m8_shallow_011.png,shallow,0.25,8,232,11,B,HYDROSHIP-M5-B,backscatter|blur|color|ripple,0.6487,0.9895,1.1044,27.906,215.164,0.1291,1.0455,0.7418,1.4621,1.8558,0.3565,1.6818,3,0.9868,True,True,raw,HYDROSHIP-M5-B
shallow/qr_B_m8_shallow_012.png,shallow,0.25,8,232,12,B,HYDROSHIP-M5-B,backscatter|blur|color|ripple,0.6855,1.0877,1.0517,30.5283,237.3548,0.1104,0.9532,0.805,1.6083,1.7226,2.611,1.6852,3,0.9476,True,True,raw,HYDROSHIP-M5-B
shallow/qr_B_m8_shallow_013.png,shallow,0.25,8,232,13,B,HYDROSHIP-M5-B,backscatter|blur|color|ripple,0.7384,1.0256,0.9696,27.4416,229.1088,0.1252,0.9513,0.7965,1.4623,1.91,0.036,3.0598,3,1.0008,True,True,raw,HYDROSHIP-M5-B
shallow/qr_B_m8_shallow_014.png,shallow,0.25,8,232,14,B,HYDROSHIP-M5-B,backscatter|blur|color|ripple,0.6707,0.9669,1.0588,29.309,243.6645,0.1296,0.9888,0.8346,1.4555,1.6845,2.1883,5.3451,3,1.0703,True,True,raw,HYDROSHIP-M5-B
shallow/qr_B_m8_shallow_015.png,shallow,0.25,8,232,15,B,HYDROSHIP-M5-B,backscatter|blur|color|ripple,0.6819,1.084,1.128,26.7124,228.3584,0.1149,1.0099,0.7964,1.5293,1.847,0.7954,5.2435,3,0.9487,True,True,raw,HYDROSHIP-M5-B
shallow/qr_B_m8_shallow_016.png,shallow,0.25,8,232,16,B,HYDROSHIP-M5-B,backscatter|blur|color|ripple,0.7019,0.9319,1.0722,27.4532,227.6659,0.1263,0.9536,0.77,1.3916,1.7565,2.4574,4.6959,3,1.0482,True,True,raw,HYDROSHIP-M5-B
shallow/qr_B_m8_shallow_017.png,shallow,0.25,8,232,17,B,HYDROSHIP-M5-B,backscatter|blur|color|ripple,0.7168,1.0727,0.9967,30.5356,239.7576,0.1142,0.9941,0.7441,1.5039,1.8233,0.093,0.0647,3,0.952,True,True,raw,HYDROSHIP-M5-B
shallow/qr_B_m8_shallow_018.png,shallow,0.25,8,232,18,B,HYDROSHIP-M5-B,backscatter|blur|color|ripple,0.6768,1.0154,1.1172,28.4946,223.2,0.1107,1.0779,0.794,1.6112,1.6473,0.296,3.2991,3,1.0127,True,True,raw,HYDROSHIP-M5-B
shallow/qr_B_m8_shallow_019.png,shallow,0.25,8,232,19,B,HYDROSHIP-M5-B,backscatter|blur|color|ripple,0.6834,0.9651,1.0527,31.0261,226.4923,0.1115,1.0422,0.7957,1.4422,1.9092,1.0681,3.56,3,0.9544,True,True,raw,HYDROSHIP-M5-B
shallow/qr_B_m8_shallow_020.png,shallow,0.25,8,232,20,B,HYDROSHIP-M5-B,backscatter|blur|color|ripple,0.6497,0.9881,1.0398,30.0206,229.8403,0.1211,1.0779,0.7954,1.5001,1.8553,5.1004,4.6775,3,1.0781,True,True,raw,HYDROSHIP-M5-B
shallow/qr_B_m8_shallow_021.png,shallow,0.25,8,232,21,B,HYDROSHIP-M5-B,backscatter|blur|color|ripple,0.7373,1.086,1.1216,28.8651,224.2568,0.1155,1.0805,0.759,1.5744,1.8008,4.5665,0.8228,3,1.0516,True,True,raw,HYDROSHIP-M5-B
shallow/qr_B_m8_shallow_022.png,shallow,0.25,8,232,22,B,HYDROSHIP-M5-B,backscatter|blur|color|ripple,0.6473,1.0307,1.0222,29.247,237.6248,0.1272,1.0343,0.7762,1.6067,1.8618,2.7041,3.4603,3,0.9711,True,True,raw,HYDROSHIP-M5-B
shallow/qr_B_m8_shallow_023.png,shallow,0.25,8,232,23,B,HYDROSHIP-M5-B,backscatter|blur|color|ripple,0.653,1.0042,0.9888,29.4835,228.6333,0.1206,0.9773,0.7872,1.4586,1.8857,5.0057,3.7367,3,0.9924,True,True,raw,HYDROSHIP-M5-B
shallow/qr_B_m8_shallow_024.png,shallow,0.25,8,232,24,B,HYDROSHIP-M5-B,backscatter|blur|color|ripple,0.662,1.0252,1.0517,27.7349,221.284,0.1189,1.0541,0.7593,1.5833,1.8867,0.1992,2.551,3,0.9454,True,True,raw,HYDROSHIP-M5-B
shallow/qr_B_m8_shallow_025.png,shallow,0.25,8,232,25,B,HYDROSHIP-M5-B,backscatter|blur|color|ripple,0.7253,1.0557,0.9818,27.7372,216.5088,0.1225,1.02,0.8236,1.4074,1.6705,2.545,0.2376,3,1.0915,True,True,raw,HYDROSHIP-M5-B
shallow/qr_B_m8_shallow_026.png,shallow,0.25,8,232,26,B,HYDROSHIP-M5-B,backscatter|blur|color|ripple,0.7286,1.0249,1.0093,28.7885,236.5327,0.1173,1.0088,0.7692,1.6129,1.9161,0.7136,0.2545,3,1.0701,True,True,raw,HYDROSHIP-M5-B
shallow/qr_B_m8_shallow_027.png,shallow,0.25,8,232,27,B,HYDROSHIP-M5-B,backscatter|blur|color|ripple,0.6956,0.9661,1.0405,28.4764,244.4784,0.1274,1.1013,0.8357,1.5671,1.8294,0.7445,5.6172,3,1.1069,True,True,raw,HYDROSHIP-M5-B
shallow/qr_B_m8_shallow_028.png,shallow,0.25,8,232,28,B,HYDROSHIP-M5-B,backscatter|blur|color|ripple,0.7076,0.9373,1.1047,29.9998,244.3952,0.1136,0.9447,0.7417,1.4393,1.7292,1.6183,3.3914,3,0.9889,True,True,raw,HYDROSHIP-M5-B
shallow/qr_B_m8_shallow_029.png,shallow,0.25,8,232,29,B,HYDROSHIP-M5-B,backscatter|blur|color|ripple,0.731,1.0373,0.9643,26.7738,241.513,0.1209,1.0589,0.7692,1.6002,1.6553,3.4557,3.6475,3,0.9515,True,True,raw,HYDROSHIP-M5-B
shallow/qr_B_m8_shallow_030.png,shallow,0.25,8,232,30,B,HYDROSHIP-M5-B,backscatter|blur|color|ripple,0.7159,1.0264,1.0618,30.4768,242.3073,0.1275,1.0481,0.8181,1.4353,1.9156,5.9315,4.0649,3,0.9469,True,True,raw,HYDROSHIP-M5-B
shallow/qr_B_m8_shallow_031.png,shallow,0.25,8,232,31,B,HYDROSHIP-M5-B,backscatter|blur|color|ripple,0.7188,0.9588,0.9822,29.2536,212.9008,0.1287,1.0914,0.7749,1.4325,1.7282,0.0929,1.3733,3,0.9437,True,True,raw,HYDROSHIP-M5-B
shallow/qr_B_m8_shallow_032.png,shallow,0.25,8,232,32,B,HYDROSHIP-M5-B,backscatter|blur|color|ripple,0.6395,1.0629,0.9934,30.7911,221.5012,0.1162,0.961,0.8351,1.463,1.7477,0.9316,3.9015,3,0.9756,True,True,raw,HYDROSHIP-M5-B
shallow/qr_B_m8_shallow_033.png,shallow,0.25,8,232,33,B,HYDROSHIP-M5-B,backscatter|blur|color|ripple,0.6953,1.0897,0.9923,28.1433,242.238,0.1205,0.972,0.7517,1.6182,1.8359,5.1181,3.7381,3,1.0945,True,True,raw,HYDROSHIP-M5-B
shallow/qr_B_m8_shallow_034.png,shallow,0.25,8,232,34,B,HYDROSHIP-M5-B,backscatter|blur|color|ripple,0.6882,1.079,1.0659,29.5707,240.3942,0.1195,1.0751,0.7786,1.6023,1.7827,2.6059,0.372,3,0.9895,True,True,raw,HYDROSHIP-M5-B
shallow/qr_B_m8_shallow_035.png,shallow,0.25,8,232,35,B,HYDROSHIP-M5-B,backscatter|blur|color|ripple,0.6971,1.0614,1.0122,30.23,216.7806,0.1159,0.9715,0.736,1.4469,1.8031,1.7082,0.9154,3,1.0,True,True,raw,HYDROSHIP-M5-B
shallow/qr_B_m8_shallow_036.png,shallow,0.25,8,232,36,B,HYDROSHIP-M5-B,backscatter|blur|color|ripple,0.6646,1.0839,1.1252,29.0263,242.8742,0.114,0.9862,0.8286,1.6032,1.7503,3.7733,0.7894,3,0.9744,True,True,raw,HYDROSHIP-M5-B
shallow/qr_B_m8_shallow_037.png,shallow,0.25,8,232,37,B,HYDROSHIP-M5-B,backscatter|blur|color|ripple,0.6496,1.063,0.9751,27.7773,239.4432,0.1254,0.9528,0.7647,1.3845,1.8098,1.0571,4.3383,3,1.0499,True,True,raw,HYDROSHIP-M5-B
shallow/qr_B_m8_shallow_038.png,shallow,0.25,8,232,38,B,HYDROSHIP-M5-B,backscatter|blur|color|ripple,0.6447,1.0898,1.0036,30.1921,219.2798,0.1182,0.988,0.7938,1.5349,1.6467,1.7309,1.4782,3,1.1048,True,True,raw,HYDROSHIP-M5-B
shallow/qr_B_m8_shallow_039.png,shallow,0.25,8,232,39,B,HYDROSHIP-M5-B,backscatter|blur|color|ripple,0.7122,1.0446,1.0059,27.2668,231.2749,0.1292,1.0804,0.7778,1.39,1.8588,1.6824,4.4206,3,1.0993,True,True,raw,HYDROSHIP-M5-B
shallow/qr_B_m8_shallow_040.png,shallow,0.25,8,232,40,B,HYDROSHIP-M5-B,backscatter|blur|color|ripple,0.639,0.9584,1.124,30.6539,212.1177,0.1151,1.0666,0.7138,1.5279,1.8214,3.2638,5.2773,3,1.0143,True,True,raw,HYDROSHIP-M5-B
shallow/qr_B_m8_shallow_041.png,shallow,0.25,8,232,41,B,HYDROSHIP-M5-B,backscatter|blur|color|ripple,0.7111,1.0701,1.0228,30.0293,236.4324,0.1114,1.0771,0.7886,1.5177,1.7455,3.9344,3.6839,3,1.0173,True,True,raw,HYDROSHIP-M5-B
shallow/qr_B_m8_shallow_042.png,shallow,0.25,8,232,42,B,HYDROSHIP-M5-B,backscatter|blur|color|ripple,0.7408,0.9672,1.0175,29.7819,210.7316,0.1131,1.0836,0.7901,1.4189,1.706,2.9486,4.0764,3,0.9784,True,True,raw,HYDROSHIP-M5-B
shallow/qr_B_m8_shallow_043.png,shallow,0.25,8,232,43,B,HYDROSHIP-M5-B,backscatter|blur|color|ripple,0.6326,0.9544,0.9839,31.1065,227.4798,0.1224,0.9536,0.7142,1.3834,1.6929,1.8473,4.2437,3,1.026,True,True,raw,HYDROSHIP-M5-B
shallow/qr_B_m8_shallow_044.png,shallow,0.25,8,232,44,B,HYDROSHIP-M5-B,backscatter|blur|color|ripple,0.6944,1.0304,1.0303,28.9751,236.6763,0.1129,1.1051,0.7698,1.5419,1.7908,1.4047,0.8048,3,1.0157,True,True,raw,HYDROSHIP-M5-B
shallow/qr_B_m8_shallow_045.png,shallow,0.25,8,232,45,B,HYDROSHIP-M5-B,backscatter|blur|color|ripple,0.7395,1.021,1.0546,29.8078,243.156,0.1171,1.0791,0.7747,1.4275,1.7922,2.8386,3.2694,3,1.0774,True,True,raw,HYDROSHIP-M5-B
shallow/qr_B_m8_shallow_046.png,shallow,0.25,8,232,46,B,HYDROSHIP-M5-B,backscatter|blur|color|ripple,0.6424,0.9853,1.0493,27.9809,219.1429,0.1124,1.0424,0.7802,1.5431,1.7592,0.8906,4.926,3,1.0171,True,True,raw,HYDROSHIP-M5-B
shallow/qr_B_m8_shallow_047.png,shallow,0.25,8,232,47,B,HYDROSHIP-M5-B,backscatter|blur|color|ripple,0.6682,1.0014,0.9655,27.1662,213.1794,0.114,1.1014,0.8111,1.4236,1.9044,3.9585,4.0867,3,1.0985,True,True,raw,HYDROSHIP-M5-B
shallow/qr_B_m8_shallow_048.png,shallow,0.25,8,232,48,B,HYDROSHIP-M5-B,backscatter|blur|color|ripple,0.6643,1.0422,0.9716,30.8193,232.1598,0.1171,1.0129,0.8029,1.608,1.681,0.79,2.5331,3,1.0688,True,True,raw,HYDROSHIP-M5-B
shallow/qr_B_m8_shallow_049.png,shallow,0.25,8,232,49,B,HYDROSHIP-M5-B,backscatter|blur|color|ripple,0.6825,1.0305,1.1143,29.5115,243.6548,0.1112,0.9809,0.7454,1.5082,1.8468,6.0046,4.2826,3,1.0874,True,True,raw,HYDROSHIP-M5-B
shallow/qr_B_m8_shallow_050.png,shallow,0.25,8,232,50,B,HYDROSHIP-M5-B,backscatter|blur|color|ripple,0.6876,1.0775,1.1261,29.6027,227.547,0.1262,0.9653,0.7486,1.4099,1.705,2.4842,4.0251,3,1.0956,True,True,raw,HYDROSHIP-M5-B
shallow/qr_B_m8_shallow_051.png,shallow,0.25,8,232,51,B,HYDROSHIP-M5-B,backscatter|blur|color|ripple,0.7357,1.0924,1.1181,29.6973,215.8523,0.1186,0.9988,0.8314,1.4384,1.6772,3.3172,4.372,3,1.0307,True,True,raw,HYDROSHIP-M5-B
shallow/qr_B_m8_shallow_052.png,shallow,0.25,8,232,52,B,HYDROSHIP-M5-B,backscatter|blur|color|ripple,0.7077,1.0796,1.0484,30.4796,211.9337,0.1231,0.95,0.7479,1.473,1.8076,6.2293,0.8553,3,0.9826,True,True,raw,HYDROSHIP-M5-B
shallow/qr_B_m8_shallow_053.png,shallow,0.25,8,232,53,B,HYDROSHIP-M5-B,backscatter|blur|color|ripple,0.6599,0.953,1.0626,30.8386,233.1917,0.1106,1.0299,0.8292,1.57,1.8433,3.0399,0.3303,3,1.0684,True,True,raw,HYDROSHIP-M5-B
shallow/qr_B_m8_shallow_054.png,shallow,0.25,8,232,54,B,HYDROSHIP-M5-B,backscatter|blur|color|ripple,0.7306,0.9881,1.1049,27.783,210.1966,0.1155,0.9548,0.8217,1.3871,1.8364,6.0646,1.6419,3,1.0805,True,True,raw,HYDROSHIP-M5-B
shallow/qr_B_m8_shallow_055.png,shallow,0.25,8,232,55,B,HYDROSHIP-M5-B,backscatter|blur|color|ripple,0.7388,1.0299,1.0556,30.4288,243.2157,0.1149,1.1053,0.7684,1.4877,1.6833,4.8077,3.3294,3,1.0824,True,True,raw,HYDROSHIP-M5-B
shallow/qr_B_m8_shallow_056.png,shallow,0.25,8,232,56,B,HYDROSHIP-M5-B,backscatter|blur|color|ripple,0.6965,1.0356,0.9957,31.0036,225.7196,0.1213,1.095,0.742,1.5494,1.7658,4.094,4.6419,3,1.0564,True,True,raw,HYDROSHIP-M5-B
shallow/qr_B_m8_shallow_057.png,shallow,0.25,8,232,57,B,HYDROSHIP-M5-B,backscatter|blur|color|ripple,0.6389,1.0855,1.0024,29.6041,232.2014,0.1195,1.0862,0.7808,1.533,1.8888,0.4568,0.6504,3,0.951,True,True,raw,HYDROSHIP-M5-B
shallow/qr_B_m8_shallow_058.png,shallow,0.25,8,232,58,B,HYDROSHIP-M5-B,backscatter|blur|color|ripple,0.703,1.0102,1.0032,31.1919,220.2564,0.1295,0.9577,0.7652,1.6021,1.7724,4.6152,0.9776,3,0.96,True,True,raw,HYDROSHIP-M5-B
shallow/qr_B_m8_shallow_059.png,shallow,0.25,8,232,59,B,HYDROSHIP-M5-B,backscatter|blur|color|ripple,0.7279,0.9379,1.0759,27.0069,213.1039,0.1258,1.0943,0.7309,1.5576,1.7015,5.5087,6.044,3,1.1027,True,True,raw,HYDROSHIP-M5-B
shallow/qr_B_m8_shallow_060.png,shallow,0.25,8,232,60,B,HYDROSHIP-M5-B,backscatter|blur|color|ripple,0.6761,1.0583,1.0488,27.6504,238.9211,0.118,1.022,0.8269,1.5029,1.8837,0.7441,0.9677,3,0.9532,True,True,raw,HYDROSHIP-M5-B
shallow/qr_B_m8_shallow_061.png,shallow,0.25,8,232,61,B,HYDROSHIP-M5-B,backscatter|blur|color|ripple,0.708,1.003,1.0029,30.3455,230.19,0.1199,1.0833,0.7414,1.4858,1.7084,2.0531,5.3625,3,0.9551,True,True,raw,HYDROSHIP-M5-B
shallow/qr_B_m8_shallow_062.png,shallow,0.25,8,232,62,B,HYDROSHIP-M5-B,backscatter|blur|color|ripple,0.7201,1.0004,0.9957,30.879,229.6349,0.1185,0.9833,0.7199,1.5086,1.649,4.7587,3.41,3,1.0642,True,True,raw,HYDROSHIP-M5-B
shallow/qr_B_m8_shallow_063.png,shallow,0.25,8,232,63,B,HYDROSHIP-M5-B,backscatter|blur|color|ripple,0.665,0.9958,1.0255,29.2295,237.507,0.1159,1.0344,0.7878,1.5935,1.8432,6.2126,5.1421,3,0.982,True,True,raw,HYDROSHIP-M5-B
shallow/qr_B_m8_shallow_064.png,shallow,0.25,8,232,64,B,HYDROSHIP-M5-B,backscatter|blur|color|ripple,0.6355,1.0633,0.9775,27.7691,234.5046,0.1126,1.0461,0.8114,1.602,1.9078,0.0188,4.0601,3,0.9494,True,True,raw,HYDROSHIP-M5-B
shallow/qr_B_m8_shallow_065.png,shallow,0.25,8,232,65,B,HYDROSHIP-M5-B,backscatter|blur|color|ripple,0.6756,1.0756,1.0789,27.6857,217.29,0.1257,1.0426,0.8155,1.4729,1.6572,0.0149,1.9065,3,1.0875,True,True,raw,HYDROSHIP-M5-B
shallow/qr_B_m8_shallow_066.png,shallow,0.25,8,232,66,B,HYDROSHIP-M5-B,backscatter|blur|color|ripple,0.7409,1.0886,1.0442,30.807,213.9196,0.115,1.0298,0.798,1.5284,1.8396,3.7087,2.7119,3,1.0536,True,True,raw,HYDROSHIP-M5-B
shallow/qr_B_m8_shallow_067.png,shallow,0.25,8,232,67,B,HYDROSHIP-M5-B,backscatter|blur|color|ripple,0.6929,0.9488,1.0104,30.2645,225.8195,0.126,1.0903,0.7336,1.6184,1.6957,4.7555,2.7188,3,0.9707,True,True,raw,HYDROSHIP-M5-B
shallow/qr_B_m8_shallow_068.png,shallow,0.25,8,232,68,B,HYDROSHIP-M5-B,backscatter|blur|color|ripple,0.6609,1.0246,1.0379,28.8918,218.8292,0.1127,1.0872,0.7863,1.516,1.8955,4.1142,3.274,3,1.0382,True,True,raw,HYDROSHIP-M5-B
shallow/qr_B_m8_shallow_069.png,shallow,0.25,8,232,69,B,HYDROSHIP-M5-B,backscatter|blur|color|ripple,0.6612,1.0895,0.9707,27.5265,227.534,0.1226,1.0181,0.7286,1.6191,1.8094,2.4374,2.6209,3,1.1035,True,True,raw,HYDROSHIP-M5-B
shallow/qr_B_m8_shallow_070.png,shallow,0.25,8,232,70,B,HYDROSHIP-M5-B,backscatter|blur|color|ripple,0.704,1.0905,1.0321,29.6717,225.3174,0.1267,0.9466,0.7923,1.4416,1.807,3.6549,5.6952,3,0.9555,True,True,raw,HYDROSHIP-M5-B
shallow/qr_B_m8_shallow_071.png,shallow,0.25,8,232,71,B,HYDROSHIP-M5-B,backscatter|blur|color|ripple,0.7056,0.9886,1.0536,27.8186,236.745,0.1133,1.0967,0.8212,1.5451,1.7701,5.6744,4.8484,3,1.0216,True,True,raw,HYDROSHIP-M5-B
shallow/qr_B_m8_shallow_072.png,shallow,0.25,8,232,72,B,HYDROSHIP-M5-B,backscatter|blur|color|ripple,0.6711,1.0027,1.0146,31.2431,229.9173,0.118,1.0725,0.7854,1.5355,1.7613,1.8948,1.6355,3,1.0553,True,True,raw,HYDROSHIP-M5-B
shallow/qr_B_m8_shallow_073.png,shallow,0.25,8,232,73,B,HYDROSHIP-M5-B,backscatter|blur|color|ripple,0.6913,1.0531,1.0342,28.2416,209.8792,0.1151,0.9933,0.7607,1.4036,1.8936,5.9677,0.1735,3,1.005,True,True,raw,HYDROSHIP-M5-B
shallow/qr_B_m8_shallow_074.png,shallow,0.25,8,232,74,B,HYDROSHIP-M5-B,backscatter|blur|color|ripple,0.6519,1.0363,1.0928,30.6719,242.5678,0.1286,1.0904,0.7639,1.4414,1.7764,1.3883,3.3566,3,0.9645,True,True,raw,HYDROSHIP-M5-B
shallow/qr_B_m8_shallow_075.png,shallow,0.25,8,232,75,B,HYDROSHIP-M5-B,backscatter|blur|color|ripple,0.7015,0.9932,1.0595,29.5637,208.5252,0.1118,0.9491,0.7727,1.4766,1.7694,5.1085,5.5903,3,0.9443,True,True,raw,HYDROSHIP-M5-B
shallow/qr_B_m8_shallow_076.png,shallow,0.25,8,232,76,B,HYDROSHIP-M5-B,backscatter|blur|color|ripple,0.6739,0.9658,1.0917,29.7808,214.7478,0.1263,0.9489,0.8265,1.5706,1.8467,3.3663,4.0388,3,0.9832,True,True,raw,HYDROSHIP-M5-B
shallow/qr_B_m8_shallow_077.png,shallow,0.25,8,232,77,B,HYDROSHIP-M5-B,backscatter|blur|color|ripple,0.7245,1.0224,1.0287,31.3091,224.4785,0.1284,1.0464,0.7326,1.5195,1.6889,5.6474,3.1854,3,1.028,True,True,raw,HYDROSHIP-M5-B
shallow/qr_B_m8_shallow_078.png,shallow,0.25,8,232,78,B,HYDROSHIP-M5-B,backscatter|blur|color|ripple,0.6584,1.0249,1.0519,29.4383,210.9079,0.1252,1.0392,0.7672,1.5872,1.8537,3.857,3.8479,3,1.0664,True,True,raw,HYDROSHIP-M5-B
shallow/qr_B_m8_shallow_079.png,shallow,0.25,8,232,79,B,HYDROSHIP-M5-B,backscatter|blur|color|ripple,0.6993,1.0213,1.0503,30.775,208.9214,0.1139,0.9767,0.8074,1.4765,1.7998,5.52,3.1222,3,1.046,True,True,raw,HYDROSHIP-M5-B
shallow/qr_B_m8_shallow_080.png,shallow,0.25,8,232,80,B,HYDROSHIP-M5-B,backscatter|blur|color|ripple,0.7384,1.0693,1.0997,30.577,213.9789,0.1211,1.076,0.7148,1.4761,1.915,0.2577,5.6539,3,1.0496,True,True,raw,HYDROSHIP-M5-B
shallow/qr_B_m8_shallow_081.png,shallow,0.25,8,232,81,B,HYDROSHIP-M5-B,backscatter|blur|color|ripple,0.7309,1.0831,1.1012,30.7937,223.4535,0.1228,0.9968,0.7898,1.4426,1.8729,2.4858,0.9921,3,0.9781,True,True,raw,HYDROSHIP-M5-B
shallow/qr_B_m8_shallow_082.png,shallow,0.25,8,232,82,B,HYDROSHIP-M5-B,backscatter|blur|color|ripple,0.6997,1.0872,1.1123,30.7247,240.4832,0.118,0.9875,0.7266,1.5345,1.8251,5.3605,3.6261,3,1.0945,True,True,raw,HYDROSHIP-M5-B
shallow/qr_B_m8_shallow_083.png,shallow,0.25,8,232,83,B,HYDROSHIP-M5-B,backscatter|blur|color|ripple,0.6411,1.0774,1.1248,28.7936,233.1393,0.1235,1.015,0.7851,1.6147,1.6383,2.6663,0.8681,3,0.9752,True,True,raw,HYDROSHIP-M5-B
medium/qr_B_m8_medium_000.png,medium,0.55,8,232,0,B,HYDROSHIP-M5-B,backscatter|blur|color|ripple,0.4681,0.9722,1.0247,54.241,190.9948,0.2326,1.874,1.5593,2.2175,2.5408,5.755,5.769,5,1.5634,True,True,raw,HYDROSHIP-M5-B
medium/qr_B_m8_medium_001.png,medium,0.55,8,232,1,B,HYDROSHIP-M5-B,backscatter|blur|color|ripple,0.4716,1.0612,1.1195,58.4724,207.1921,0.2051,1.9374,1.426,2.0273,2.3448,6.2788,0.6179,5,1.661,True,True,raw,HYDROSHIP-M5-B
medium/qr_B_m8_medium_002.png,medium,0.55,8,232,2,B,HYDROSHIP-M5-B,backscatter|blur|color|ripple,0.4603,0.9861,1.1451,54.4736,198.3174,0.2255,1.9207,1.3651,2.069,2.5375,3.7112,4.4615,5,1.5612,True,True,raw,HYDROSHIP-M5-B
medium/qr_B_m8_medium_003.png,medium,0.55,8,232,3,B,HYDROSHIP-M5-B,backscatter|blur|color|ripple,0.5175,1.0265,1.0157,51.0807,186.4544,0.2285,2.0378,1.451,2.1754,2.6476,5.3507,3.0342,5,1.6495,True,True,raw,HYDROSHIP-M5-B
medium/qr_B_m8_medium_004.png,medium,0.55,8,232,4,B,HYDROSHIP-M5-B,backscatter|blur|color|ripple,0.497,0.9791,1.0536,55.5201,214.2131,0.2123,1.7878,1.4453,2.1853,2.4377,0.5883,0.8275,5,1.5538,True,True,raw,HYDROSHIP-M5-B
medium/qr_B_m8_medium_005.png,medium,0.55,8,232,5,B,HYDROSHIP-M5-B,backscatter|blur|color|ripple,0.497,0.9963,1.1144,56.1104,187.9736,0.2078,2.0007,1.36,2.1522,2.5432,5.7584,6.1692,5,1.6122,True,True,raw,HYDROSHIP-M5-B
medium/qr_B_m8_medium_006.png,medium,0.55,8,232,6,B,HYDROSHIP-M5-B,backscatter|blur|color|ripple,0.517,0.9707,1.0415,53.1068,190.6411,0.2157,2.0417,1.4135,1.9379,2.5819,5.2493,5.3626,5,1.7699,True,True,raw,HYDROSHIP-M5-B
medium/qr_B_m8_medium_007.png,medium,0.55,8,232,7,B,HYDROSHIP-M5-B,backscatter|blur|color|ripple,0.5155,0.9936,1.1285,50.5399,202.3356,0.2332,1.9745,1.4174,2.2347,2.5525,2.117,0.0102,5,1.5757,True,True,raw,HYDROSHIP-M5-B
medium/qr_B_m8_medium_008.png,medium,0.55,8,232,8,B,HYDROSHIP-M5-B,backscatter|blur|color|ripple,0.4585,1.0763,1.133,54.8006,198.6251,0.2316,2.0036,1.358,2.1506,2.3907,5.858,4.8451,5,1.5622,True,True,raw,HYDROSHIP-M5-B
medium/qr_B_m8_medium_009.png,medium,0.55,8,232,9,B,HYDROSHIP-M5-B,backscatter|blur|color|ripple,0.466,1.0207,1.0195,52.5447,197.824,0.2207,1.8524,1.5792,2.2028,2.5975,3.6839,3.7155,5,1.5589,True,True,raw,HYDROSHIP-M5-B
medium/qr_B_m8_medium_010.png,medium,0.55,8,232,10,B,HYDROSHIP-M5-B,backscatter|blur|color|ripple,0.4806,0.9476,1.1318,52.0288,188.6865,0.2324,1.8022,1.4342,1.9852,2.5222,2.6577,1.0712,5,1.5606,True,True,raw,HYDROSHIP-M5-B
medium/qr_B_m8_medium_011.png,medium,0.55,8,232,11,B,HYDROSHIP-M5-B,backscatter|blur|color|ripple,0.5314,1.0211,1.0409,51.3831,216.7101,0.232,2.0302,1.4917,2.1751,2.3883,0.6319,0.0436,5,1.7834,True,True,raw,HYDROSHIP-M5-B
medium/qr_B_m8_medium_012.png,medium,0.55,8,232,12,B,HYDROSHIP-M5-B,backscatter|blur|color|ripple,0.4993,0.9907,1.1637,54.7248,191.6475,0.2195,1.7457,1.5618,2.1584,2.5074,3.1711,4.7274,5,1.7153,True,True,raw,HYDROSHIP-M5-B
medium/qr_B_m8_medium_013.png,medium,0.55,8,232,13,B,HYDROSHIP-M5-B,backscatter|blur|color|ripple,0.4854,1.0383,1.0191,52.4644,201.0562,0.205,2.0416,1.3767,2.0037,2.3624,4.7349,2.0579,5,1.6119,True,True,raw,HYDROSHIP-M5-B
medium/qr_B_m8_medium_014.png,medium,0.55,8,232,14,B,HYDROSHIP-M5-B,backscatter|blur|color|ripple,0.4999,1.0522,1.0849,57.2757,197.79,0.2299,1.7623,1.4955,1.9625,2.6616,2.3415,0.1511,5,1.5271,True,True,raw,HYDROSHIP-M5-B
medium/qr_B_m8_medium_015.png,medium,0.55,8,232,15,B,HYDROSHIP-M5-B,backscatter|blur|color|ripple,0.5161,1.0422,1.168,49.9441,206.3775,0.2224,1.9225,1.4922,2.1443,2.4564,2.4618,3.6324,5,1.7152,True,True,raw,HYDROSHIP-M5-B
medium/qr_B_m8_medium_016.png,medium,0.55,8,232,16,B,HYDROSHIP-M5-B,backscatter|blur|color|ripple,0.4547,0.9831,1.1545,51.2091,186.5066,0.2171,1.7921,1.5404,2.1996,2.3943,5.7384,2.0933,5,1.7435,True,True,raw,HYDROSHIP-M5-B
medium/qr_B_m8_medium_017.png,medium,0.55,8,232,17,B,HYDROSHIP-M5-B,backscatter|blur|color|ripple,0.5311,1.0407,1.1591,55.0158,188.4891,0.204,1.856,1.4373,1.9733,2.549,6.1405,0.0252,5,1.6716,True,True,raw,HYDROSHIP-M5-B
medium/qr_B_m8_medium_018.png,medium,0.55,8,232,18,B,HYDROSHIP-M5-B,backscatter|blur|color|ripple,0.4647,1.0564,1.1313,50.1272,204.8866,0.2249,2.0042,1.3543,2.2015,2.6148,4.6377,4.1492,5,1.6184,True,True,raw,HYDROSHIP-M5-B
medium/qr_B_m8_medium_019.png,medium,0.55,8,232,19,B,HYDROSHIP-M5-B,backscatter|blur|color|ripple,0.511,1.0355,1.08,50.0981,206.0478,0.2086,1.9377,1.5634,2.1823,2.5384,2.9814,2.0475,5,1.64,True,True,raw,HYDROSHIP-M5-B
medium/qr_B_m8_medium_020.png,medium,0.55,8,232,20,B,HYDROSHIP-M5-B,backscatter|blur|color|ripple,0.4568,0.9684,1.0611,52.4712,206.5366,0.2106,1.8292,1.436,2.0575,2.2809,0.2665,1.3324,5,1.5483,True,True,raw,HYDROSHIP-M5-B
medium/qr_B_m8_medium_021.png,medium,0.55,8,232,21,B,HYDROSHIP-M5-B,backscatter|blur|color|ripple,0.5251,1.0173,1.0116,52.802,201.2575,0.2245,1.7859,1.3944,2.0702,2.3015,2.3496,1.0323,5,1.7288,True,True,raw,HYDROSHIP-M5-B
medium/qr_B_m8_medium_022.png,medium,0.55,8,232,22,B,HYDROSHIP-M5-B,backscatter|blur|color|ripple,0.4933,0.9573,1.0783,55.1047,192.2432,0.2267,1.8095,1.3779,2.0744,2.5585,0.6788,1.1834,5,1.7427,True,True,raw,HYDROSHIP-M5-B
medium/qr_B_m8_medium_023.png,medium,0.55,8,232,23,B,HYDROSHIP-M5-B,backscatter|blur|color|ripple,0.5086,1.0059,1.1191,55.3512,189.8827,0.2281,1.9828,1.5105,2.0032,2.6206,2.3185,0.3288,5,1.6623,True,True,raw,HYDROSHIP-M5-B
medium/qr_B_m8_medium_024.png,medium,0.55,8,232,24,B,HYDROSHIP-M5-B,backscatter|blur|color|ripple,0.5155,1.0334,1.0303,57.2566,210.14,0.222,1.8691,1.4119,2.1468,2.6003,5.119,5.3737,5,1.6308,True,True,raw,HYDROSHIP-M5-B
medium/qr_B_m8_medium_025.png,medium,0.55,8,232,25,B,HYDROSHIP-M5-B,backscatter|blur|color|ripple,0.5267,0.9821,1.1863,53.8101,203.1531,0.2145,1.9365,1.4126,2.1111,2.3307,3.4489,3.205,5,1.5793,True,True,raw,HYDROSHIP-M5-B
medium/qr_B_m8_medium_026.png,medium,0.55,8,232,26,B,HYDROSHIP-M5-B,backscatter|blur|color|ripple,0.4546,1.1042,1.0764,49.9825,203.8793,0.2296,1.9088,1.5503,2.0615,2.3916,0.0777,4.7509,5,1.5518,True,True,raw,HYDROSHIP-M5-B
medium/qr_B_m8_medium_027.png,medium,0.55,8,232,27,B,HYDROSHIP-M5-B,backscatter|blur|color|ripple,0.5076,1.0425,1.1817,50.2895,212.3726,0.2171,1.9424,1.418,1.96,2.3961,2.1017,5.6835,5,1.6154,True,True,raw,HYDROSHIP-M5-B
medium/qr_B_m8_medium_028.png,medium,0.55,8,232,28,B,HYDROSHIP-M5-B,backscatter|blur|color|ripple,0.4575,0.954,1.1054,51.6715,216.568,0.2039,1.9008,1.4717,1.9589,2.336,4.3045,0.5559,5,1.7812,True,True,raw,HYDROSHIP-M5-B
medium/qr_B_m8_medium_029.png,medium,0.55,8,232,29,B,HYDROSHIP-M5-B,backscatter|blur|color|ripple,0.5061,0.9943,1.1511,57.5372,201.0328,0.2085,1.8585,1.4659,2.0067,2.2827,5.317,5.813,5,1.5336,True,True,raw,HYDROSHIP-M5-B
medium/qr_B_m8_medium_030.png,medium,0.55,8,232,30,B,HYDROSHIP-M5-B,backscatter|blur|color|ripple,0.4567,1.0102,1.0809,57.8297,191.3195,0.2108,1.9432,1.4544,2.0956,2.6431,2.3508,5.7245,5,1.7843,True,True,raw,HYDROSHIP-M5-B
medium/qr_B_m8_medium_031.png,medium,0.55,8,232,31,B,HYDROSHIP-M5-B,backscatter|blur|color|ripple,0.4808,1.0852,1.1265,57.6941,198.6446,0.2096,1.8399,1.5139,2.2231,2.5189,1.4724,0.6252,5,1.7336,True,True,raw,HYDROSHIP-M5-B
medium/qr_B_m8_medium_032.png,medium,0.55,8,232,32,B,HYDROSHIP-M5-B,backscatter|blur|color|ripple,0.4877,1.0177,1.0786,51.902,214.4443,0.2065,2.0287,1.3486,1.9429,2.566,5.7251,6.2709,5,1.7794,True,True,raw,HYDROSHIP-M5-B
medium/qr_B_m8_medium_033.png,medium,0.55,8,232,33,B,HYDROSHIP-M5-B,backscatter|blur|color|ripple,0.5241,1.0324,1.0823,56.1795,198.4035,0.2126,1.8457,1.4321,2.1681,2.3266,5.6296,5.6797,5,1.78,True,True,raw,HYDROSHIP-M5-B
medium/qr_B_m8_medium_034.png,medium,0.55,8,232,34,B,HYDROSHIP-M5-B,backscatter|blur|color|ripple,0.474,1.0622,1.1554,52.8637,208.5838,0.2222,2.0396,1.3881,2.2604,2.5286,4.5853,4.6844,5,1.6568,True,True,raw,HYDROSHIP-M5-B
medium/qr_B_m8_medium_035.png,medium,0.55,8,232,35,B,HYDROSHIP-M5-B,backscatter|blur|color|ripple,0.4735,1.0861,1.0437,50.3963,211.5726,0.2191,1.8735,1.5539,2.2037,2.5382,2.1363,3.5818,5,1.6964,True,True,raw,HYDROSHIP-M5-B
medium/qr_B_m8_medium_036.png,medium,0.55,8,232,36,B,HYDROSHIP-M5-B,backscatter|blur|color|ripple,0.5133,1.0624,1.0806,55.0868,192.6498,0.2021,1.812,1.4315,2.0455,2.2699,3.5873,1.3699,5,1.7347,True,True,raw,HYDROSHIP-M5-B
medium/qr_B_m8_medium_037.png,medium,0.55,8,232,37,B,HYDROSHIP-M5-B,backscatter|blur|color|ripple,0.506,1.0944,1.1084,54.7716,210.8625,0.2194,2.0186,1.4874,2.0291,2.5908,0.1814,3.5387,5,1.6712,True,True,raw,HYDROSHIP-M5-B
medium/qr_B_m8_medium_038.png,medium,0.55,8,232,38,B,HYDROSHIP-M5-B,backscatter|blur|color|ripple,0.5214,1.0771,1.0842,52.9986,194.9272,0.2136,1.9459,1.4063,2.0334,2.3219,5.1216,5.6906,5,1.7565,True,True,raw,HYDROSHIP-M5-B
medium/qr_B_m8_medium_039.png,medium,0.55,8,232,39,B,HYDROSHIP-M5-B,backscatter|blur|color|ripple,0.4887,0.9767,1.1157,56.354,188.36,0.2198,1.9557,1.5335,1.9331,2.5637,0.6619,5.0579,5,1.5876,True,True,raw,HYDROSHIP-M5-B
medium/qr_B_m8_medium_040.png,medium,0.55,8,232,40,B,HYDROSHIP-M5-B,backscatter|blur|color|ripple,0.4683,1.0845,1.0563,53.188,214.8632,0.2015,1.8718,1.4532,1.9686,2.3906,5.1036,3.8739,5,1.7225,True,True,raw,HYDROSHIP-M5-B
medium/qr_B_m8_medium_041.png,medium,0.55,8,232,41,B,HYDROSHIP-M5-B,backscatter|blur|color|ripple,0.5072,1.1032,1.1681,55.667,189.3769,0.2066,1.8772,1.3598,1.9639,2.416,4.2643,3.1755,5,1.5707,True,True,raw,HYDROSHIP-M5-B
medium/qr_B_m8_medium_042.png,medium,0.55,8,232,42,B,HYDROSHIP-M5-B,backscatter|blur|color|ripple,0.5298,1.0123,1.0254,53.1398,197.518,0.2274,1.8704,1.398,2.2206,2.3049,1.4066,0.7578,5,1.5336,True,True,raw,HYDROSHIP-M5-B
medium/qr_B_m8_medium_043.png,medium,0.55,8,232,43,B,HYDROSHIP-M5-B,backscatter|blur|color|ripple,0.4606,0.9795,1.1503,51.3333,198.5021,0.2005,1.8494,1.4446,1.9825,2.4438,1.3488,2.9462,5,1.6988,True,True,raw,HYDROSHIP-M5-B
medium/qr_B_m8_medium_044.png,medium,0.55,8,232,44,B,HYDROSHIP-M5-B,backscatter|blur|color|ripple,0.4833,1.0428,1.1237,54.7975,187.3543,0.2037,1.8009,1.5252,2.1753,2.374,3.854,6.106,5,1.5835,True,True,raw,HYDROSHIP-M5-B
medium/qr_B_m8_medium_045.png,medium,0.55,8,232,45,B,HYDROSHIP-M5-B,backscatter|blur|color|ripple,0.5237,1.0282,1.0545,55.8252,204.8896,0.2263,1.813,1.5029,2.2512,2.5233,4.1452,3.5589,5,1.5844,True,True,raw,HYDROSHIP-M5-B
medium/qr_B_m8_medium_046.png,medium,0.55,8,232,46,B,HYDROSHIP-M5-B,backscatter|blur|color|ripple,0.5207,1.0668,1.153,54.9953,210.9082,0.219,1.9497,1.4988,2.166,2.6069,2.8425,3.8011,5,1.7806,True,True,raw,HYDROSHIP-M5-B
medium/qr_B_m8_medium_047.png,medium,0.55,8,232,47,B,HYDROSHIP-M5-B,backscatter|blur|color|ripple,0.4832,0.9821,1.0632,52.7224,191.5698,0.2325,1.7868,1.4378,2.0779,2.3975,3.1336,1.5021,5,1.6044,True,True,raw,HYDROSHIP-M5-B
medium/qr_B_m8_medium_048.png,medium,0.55,8,232,48,B,HYDROSHIP-M5-B,backscatter|blur|color|ripple,0.4815,0.998,1.1271,56.8278,191.1036,0.2164,2.0196,1.4545,2.0245,2.3145,3.7662,5.7182,5,1.7435,True,True,raw,HYDROSHIP-M5-B
medium/qr_B_m8_medium_049.png,medium,0.55,8,232,49,B,HYDROSHIP-M5-B,backscatter|blur|color|ripple,0.5027,1.0548,1.1265,50.1399,212.6818,0.2065,1.7623,1.4297,2.108,2.3082,2.7981,3.9405,5,1.6634,True,True,raw,HYDROSHIP-M5-B
medium/qr_B_m8_medium_050.png,medium,0.55,8,232,50,B,HYDROSHIP-M5-B,backscatter|blur|color|ripple,0.4629,1.013,1.0441,55.279,209.9717,0.2105,1.8411,1.4359,2.219,2.4084,4.9117,2.4135,5,1.6718,True,True,raw,HYDROSHIP-M5-B
medium/qr_B_m8_medium_051.png,medium,0.55,8,232,51,B,HYDROSHIP-M5-B,backscatter|blur|color|ripple,0.4969,1.1004,1.1403,51.4948,196.2361,0.2144,1.7828,1.4474,2.0795,2.2872,1.845,5.8609,5,1.6336,True,True,raw,HYDROSHIP-M5-B
medium/qr_B_m8_medium_052.png,medium,0.55,8,232,52,B,HYDROSHIP-M5-B,backscatter|blur|color|ripple,0.5086,1.107,1.1477,53.1352,205.2728,0.2221,1.7734,1.5262,2.185,2.495,4.1081,5.1003,5,1.6822,True,True,raw,HYDROSHIP-M5-B
medium/qr_B_m8_medium_053.png,medium,0.55,8,232,53,B,HYDROSHIP-M5-B,backscatter|blur|color|ripple,0.5215,1.1036,1.0344,58.4783,203.2482,0.2114,1.9714,1.4992,2.0751,2.4125,3.8045,3.7053,5,1.6234,True,True,raw,HYDROSHIP-M5-B
medium/qr_B_m8_medium_054.png,medium,0.55,8,232,54,B,HYDROSHIP-M5-B,backscatter|blur|color|ripple,0.4584,1.0242,1.0787,56.2141,188.0709,0.2231,1.7711,1.417,2.1406,2.3846,5.481,2.7465,5,1.5928,True,True,raw,HYDROSHIP-M5-B
medium/qr_B_m8_medium_055.png,medium,0.55,8,232,55,B,HYDROSHIP-M5-B,backscatter|blur|color|ripple,0.5152,0.9786,1.0916,53.0673,208.7558,0.2273,2.0129,1.4035,2.2564,2.5697,0.2735,2.1629,5,1.5367,True,True,raw,HYDROSHIP-M5-B
medium/qr_B_m8_medium_056.png,medium,0.55,8,232,56,B,HYDROSHIP-M5-B,backscatter|blur|color|ripple,0.5135,0.974,1.0677,51.2845,185.769,0.2325,1.7656,1.4734,2.137,2.3374,0.203,0.2915,5,1.5507,True,True,raw,HYDROSHIP-M5-B
medium/qr_B_m8_medium_057.png,medium,0.55,8,232,57,B,HYDROSHIP-M5-B,backscatter|blur|color|ripple,0.4719,0.9635,1.1292,51.2663,213.9456,0.1998,1.9583,1.4065,2.0588,2.5719,0.5781,0.8166,5,1.5911,True,True,raw,HYDROSHIP-M5-B
medium/qr_B_m8_medium_058.png,medium,0.55,8,232,58,B,HYDROSHIP-M5-B,backscatter|blur|color|ripple,0.526,0.9549,1.1497,55.9434,212.9178,0.2181,2.0074,1.5212,2.1689,2.5066,4.4938,0.1681,5,1.6297,True,True,raw,HYDROSHIP-M5-B
medium/qr_B_m8_medium_059.png,medium,0.55,8,232,59,B,HYDROSHIP-M5-B,backscatter|blur|color|ripple,0.519,1.054,1.0255,57.0557,201.2987,0.2162,1.9284,1.5047,2.131,2.3512,3.3937,0.6599,5,1.6867,True,True,raw,HYDROSHIP-M5-B
medium/qr_B_m8_medium_060.png,medium,0.55,8,232,60,B,HYDROSHIP-M5-B,backscatter|blur|color|ripple,0.4776,1.018,1.0167,51.3133,189.1268,0.1988,1.8545,1.44,2.1927,2.5635,1.6739,0.1876,5,1.5649,True,True,raw,HYDROSHIP-M5-B
medium/qr_B_m8_medium_061.png,medium,0.55,8,232,61,B,HYDROSHIP-M5-B,backscatter|blur|color|ripple,0.5,1.0174,1.0459,52.394,210.2918,0.2068,1.825,1.4481,2.1927,2.3821,0.7231,0.4201,5,1.599,True,True,raw,HYDROSHIP-M5-B
medium/qr_B_m8_medium_062.png,medium,0.55,8,232,62,B,HYDROSHIP-M5-B,backscatter|blur|color|ripple,0.4887,1.1063,1.0934,53.6391,206.3543,0.2128,2.0069,1.4499,2.1453,2.5762,2.9246,1.0442,5,1.6347,True,True,raw,HYDROSHIP-M5-B
medium/qr_B_m8_medium_063.png,medium,0.55,8,232,63,B,HYDROSHIP-M5-B,backscatter|blur|color|ripple,0.5306,1.1058,1.0326,56.6324,212.4811,0.21,1.9675,1.4508,1.9576,2.4786,5.7982,0.6346,5,1.6728,True,True,raw,HYDROSHIP-M5-B
medium/qr_B_m8_medium_064.png,medium,0.55,8,232,64,B,HYDROSHIP-M5-B,backscatter|blur|color|ripple,0.498,1.0018,1.0953,49.9495,185.5199,0.212,1.7859,1.3961,2.0152,2.4247,5.1096,5.4726,5,1.7846,True,True,raw,HYDROSHIP-M5-B
medium/qr_B_m8_medium_065.png,medium,0.55,8,232,65,B,HYDROSHIP-M5-B,backscatter|blur|color|ripple,0.5043,1.0509,1.1658,57.6266,212.594,0.2007,2.0304,1.432,1.9628,2.3923,4.6627,1.86,5,1.7575,True,True,raw,HYDROSHIP-M5-B
medium/qr_B_m8_medium_066.png,medium,0.55,8,232,66,B,HYDROSHIP-M5-B,backscatter|blur|color|ripple,0.5072,1.0903,1.1643,50.7325,215.1166,0.233,2.0273,1.4671,2.0421,2.4126,5.8034,3.8453,5,1.569,True,True,raw,HYDROSHIP-M5-B
medium/qr_B_m8_medium_067.png,medium,0.55,8,232,67,B,HYDROSHIP-M5-B,backscatter|blur|color|ripple,0.4649,0.9517,1.0817,54.7296,216.5732,0.2136,1.8275,1.4143,1.9934,2.3394,0.7899,4.8835,5,1.6454,True,True,raw,HYDROSHIP-M5-B
medium/qr_B_m8_medium_068.png,medium,0.55,8,232,68,B,HYDROSHIP-M5-B,backscatter|blur|color|ripple,0.5316,1.0823,1.0125,56.6815,190.6552,0.218,1.7682,1.4671,2.1816,2.4914,5.7433,3.8615,5,1.7738,True,True,raw,HYDROSHIP-M5-B
medium/qr_B_m8_medium_069.png,medium,0.55,8,232,69,B,HYDROSHIP-M5-B,backscatter|blur|color|ripple,0.5242,0.9581,1.1748,55.7059,207.8396,0.208,1.881,1.4606,2.0718,2.4739,0.2272,2.0086,5,1.7062,True,True,raw,HYDROSHIP-M5-B
medium/qr_B_m8_medium_070.png,medium,0.55,8,232,70,B,HYDROSHIP-M5-B,backscatter|blur|color|ripple,0.5183,1.1003,1.1043,51.4327,198.1079,0.2046,1.7783,1.5477,1.9628,2.3704,3.5733,4.9686,5,1.644,True,True,raw,HYDROSHIP-M5-B
medium/qr_B_m8_medium_071.png,medium,0.55,8,232,71,B,HYDROSHIP-M5-B,backscatter|blur|color|ripple,0.4636,1.078,1.0199,54.5647,186.0306,0.2179,1.7485,1.5673,2.2015,2.6343,1.1136,4.5375,5,1.7637,True,True,raw,HYDROSHIP-M5-B
medium/qr_B_m8_medium_072.png,medium,0.55,8,232,72,B,HYDROSHIP-M5-B,backscatter|blur|color|ripple,0.5145,0.9802,1.1256,53.2899,194.2332,0.2304,1.9578,1.492,2.0588,2.624,4.3707,0.2372,5,1.7745,True,True,raw,HYDROSHIP-M5-B
medium/qr_B_m8_medium_073.png,medium,0.55,8,232,73,B,HYDROSHIP-M5-B,backscatter|blur|color|ripple,0.5215,1.0209,1.025,57.1944,199.6319,0.2033,1.8172,1.4063,2.0741,2.6118,2.6715,2.5187,5,1.7692,True,True,raw,HYDROSHIP-M5-B
medium/qr_B_m8_medium_074.png,medium,0.55,8,232,74,B,HYDROSHIP-M5-B,backscatter|blur|color|ripple,0.5145,0.9732,1.0163,56.3899,190.0216,0.2258,1.7573,1.5709,2.0518,2.3733,1.7615,5.337,5,1.6439,True,True,raw,HYDROSHIP-M5-B
medium/qr_B_m8_medium_075.png,medium,0.55,8,232,75,B,HYDROSHIP-M5-B,backscatter|blur|color|ripple,0.4641,0.962,1.0328,53.4035,200.3504,0.2227,2.0328,1.5397,2.0467,2.469,5.9588,3.5366,5,1.5232,True,True,raw,HYDROSHIP-M5-B
medium/qr_B_m8_medium_076.png,medium,0.55,8,232,76,B,HYDROSHIP-M5-B,backscatter|blur|color|ripple,0.5117,1.1035,1.1767,58.1737,210.2624,0.2262,1.8254,1.4374,1.9932,2.4167,5.8422,2.4218,5,1.7425,True,True,raw,HYDROSHIP-M5-B
medium/qr_B_m8_medium_077.png,medium,0.55,8,232,77,B,HYDROSHIP-M5-B,backscatter|blur|color|ripple,0.4716,1.0011,1.0926,57.0863,191.5659,0.2298,1.8659,1.5246,2.0895,2.5453,5.3585,5.2847,5,1.7492,True,True,raw,HYDROSHIP-M5-B
medium/qr_B_m8_medium_078.png,medium,0.55,8,232,78,B,HYDROSHIP-M5-B,backscatter|blur|color|ripple,0.5074,1.0909,1.0357,52.6072,187.7156,0.2103,1.9323,1.3584,2.2052,2.3735,4.7691,0.8392,5,1.557,True,True,raw,HYDROSHIP-M5-B
medium/qr_B_m8_medium_079.png,medium,0.55,8,232,79,B,HYDROSHIP-M5-B,backscatter|blur|color|ripple,0.4905,1.1059,1.0584,57.1497,184.7857,0.2066,1.9686,1.4423,2.1332,2.3498,3.8672,1.8185,5,1.6373,True,True,raw,HYDROSHIP-M5-B
medium/qr_B_m8_medium_080.png,medium,0.55,8,232,80,B,HYDROSHIP-M5-B,backscatter|blur|color|ripple,0.4617,1.0165,1.1752,50.7137,207.9908,0.2119,2.0244,1.4857,2.2098,2.3286,3.7818,3.424,5,1.74,True,True,raw,HYDROSHIP-M5-B
medium/qr_B_m8_medium_081.png,medium,0.55,8,232,81,B,HYDROSHIP-M5-B,backscatter|blur|color|ripple,0.4694,0.9792,1.0822,55.2956,198.1046,0.2212,1.9301,1.3488,2.2432,2.3224,5.3112,1.8321,5,1.714,True,True,raw,HYDROSHIP-M5-B
medium/qr_B_m8_medium_082.png,medium,0.55,8,232,82,B,HYDROSHIP-M5-B,backscatter|blur|color|ripple,0.4739,0.9987,1.1395,56.3093,192.1172,0.2301,1.8684,1.3905,2.0977,2.6254,5.5942,3.8032,5,1.5686,True,True,raw,HYDROSHIP-M5-B
medium/qr_B_m8_medium_083.png,medium,0.55,8,232,83,B,HYDROSHIP-M5-B,backscatter|blur|color|ripple,0.4799,0.9455,1.1379,57.4184,189.5722,0.2213,1.8004,1.4134,2.0961,2.3612,2.441,4.2766,5,1.7079,True,True,raw,HYDROSHIP-M5-B
deep/qr_B_m8_deep_000.png,deep,0.85,8,232,0,B,HYDROSHIP-M5-B,backscatter|blur|color|ripple,0.2768,0.9765,1.1033,77.0508,187.5182,0.3025,2.5718,2.2875,2.8853,3.3676,1.001,3.5513,5,2.321,False,False,fail,
deep/qr_B_m8_deep_001.png,deep,0.85,8,232,1,B,HYDROSHIP-M5-B,backscatter|blur|color|ripple,0.3033,1.0179,1.1784,76.9221,168.9339,0.2921,2.6712,2.3196,2.4855,3.182,5.6799,5.3218,5,2.4477,True,True,raw,HYDROSHIP-M5-B
deep/qr_B_m8_deep_002.png,deep,0.85,8,232,2,B,HYDROSHIP-M5-B,backscatter|blur|color|ripple,0.3089,1.0391,1.1169,81.739,180.4047,0.2879,2.6178,2.2236,2.8621,3.2027,2.5832,3.3163,5,2.3922,True,True,raw,HYDROSHIP-M5-B
deep/qr_B_m8_deep_003.png,deep,0.85,8,232,3,B,HYDROSHIP-M5-B,backscatter|blur|color|ripple,0.2764,1.121,1.1566,73.7203,172.5855,0.2966,2.965,2.265,2.6555,2.9051,0.3637,5.3056,5,2.2239,False,False,fail,
deep/qr_B_m8_deep_004.png,deep,0.85,8,232,4,B,HYDROSHIP-M5-B,backscatter|blur|color|ripple,0.3087,1.016,1.1188,74.2368,179.1899,0.3078,2.9721,2.0746,2.6989,2.9059,5.6343,4.3924,5,2.2727,True,True,raw,HYDROSHIP-M5-B
deep/qr_B_m8_deep_005.png,deep,0.85,8,232,5,B,HYDROSHIP-M5-B,backscatter|blur|color|ripple,0.2895,1.0605,1.1864,79.2294,164.6456,0.3258,2.7213,2.1847,2.6993,3.3245,6.1396,4.683,5,2.4393,False,False,fail,
deep/qr_B_m8_deep_006.png,deep,0.85,8,232,6,B,HYDROSHIP-M5-B,backscatter|blur|color|ripple,0.2768,0.9669,1.1039,78.2784,165.8256,0.2924,2.8854,2.1634,2.8025,3.2721,1.3745,1.768,5,2.1189,False,True,clahe,HYDROSHIP-M5-B
deep/qr_B_m8_deep_007.png,deep,0.85,8,232,7,B,HYDROSHIP-M5-B,backscatter|blur|color|ripple,0.3028,0.9812,1.2013,81.2836,180.0145,0.3014,2.7099,2.0528,2.8835,3.25,3.6797,3.3625,5,2.2965,True,True,raw,HYDROSHIP-M5-B
deep/qr_B_m8_deep_008.png,deep,0.85,8,232,8,B,HYDROSHIP-M5-B,backscatter|blur|color|ripple,0.301,1.0513,1.0738,84.6498,178.0875,0.3037,2.7528,2.0504,2.8704,3.0261,2.3851,5.4319,5,2.2942,False,False,fail,
deep/qr_B_m8_deep_009.png,deep,0.85,8,232,9,B,HYDROSHIP-M5-B,backscatter|blur|color|ripple,0.3058,1.1149,1.1602,78.5638,184.5118,0.3156,2.9195,2.2237,2.7389,3.3376,0.6469,4.0717,5,2.199,False,False,fail,
deep/qr_B_m8_deep_010.png,deep,0.85,8,232,10,B,HYDROSHIP-M5-B,backscatter|blur|color|ripple,0.2755,1.0956,1.2318,75.3413,163.035,0.329,2.6078,2.157,2.6813,3.0862,4.5587,4.2813,5,2.1345,True,True,raw,HYDROSHIP-M5-B
deep/qr_B_m8_deep_011.png,deep,0.85,8,232,11,B,HYDROSHIP-M5-B,backscatter|blur|color|ripple,0.3111,0.9617,1.1403,82.2473,185.4345,0.3237,2.7648,2.237,2.693,3.2249,1.1606,1.075,5,2.4205,False,False,fail,
deep/qr_B_m8_deep_012.png,deep,0.85,8,232,12,B,HYDROSHIP-M5-B,backscatter|blur|color|ripple,0.2944,0.9729,1.1991,80.6968,161.9071,0.2903,2.8254,2.0784,2.5115,3.2631,2.6995,4.1853,5,2.1704,False,False,fail,
deep/qr_B_m8_deep_013.png,deep,0.85,8,232,13,B,HYDROSHIP-M5-B,backscatter|blur|color|ripple,0.2827,1.007,1.1758,84.0665,173.4089,0.3027,2.902,2.2176,2.6582,3.3293,6.1977,1.2957,5,2.134,False,False,fail,
deep/qr_B_m8_deep_014.png,deep,0.85,8,232,14,B,HYDROSHIP-M5-B,backscatter|blur|color|ripple,0.2768,1.0933,1.2002,78.9574,175.8825,0.3139,2.843,2.2066,2.7455,3.3424,1.3438,4.5187,5,2.4569,True,True,raw,HYDROSHIP-M5-B
deep/qr_B_m8_deep_015.png,deep,0.85,8,232,15,B,HYDROSHIP-M5-B,backscatter|blur|color|ripple,0.3011,1.0271,1.112,76.7499,170.236,0.3332,2.9459,2.239,2.6481,3.2942,5.5569,1.3252,5,2.2507,False,False,fail,
deep/qr_B_m8_deep_016.png,deep,0.85,8,232,16,B,HYDROSHIP-M5-B,backscatter|blur|color|ripple,0.2757,1.085,1.233,82.4673,184.0865,0.334,2.5857,2.1094,2.5019,2.9401,3.8411,3.909,5,2.2053,True,True,raw,HYDROSHIP-M5-B
deep/qr_B_m8_deep_017.png,deep,0.85,8,232,17,B,HYDROSHIP-M5-B,backscatter|blur|color|ripple,0.3211,1.0923,1.1239,82.2484,163.4261,0.3158,2.657,2.1984,2.6582,3.1138,5.6023,5.5602,5,2.1236,False,True,upscale,HYDROSHIP-M5-B
deep/qr_B_m8_deep_018.png,deep,0.85,8,232,18,B,HYDROSHIP-M5-B,backscatter|blur|color|ripple,0.304,0.981,1.1287,78.8347,172.8164,0.2958,2.8634,2.2783,2.8973,3.3376,0.1026,0.8568,5,2.1036,False,False,fail,
deep/qr_B_m8_deep_019.png,deep,0.85,8,232,19,B,HYDROSHIP-M5-B,backscatter|blur|color|ripple,0.2893,0.9749,1.2422,75.307,161.777,0.3113,2.6806,2.2903,2.7923,2.9423,4.7532,4.3778,5,2.3521,True,True,raw,HYDROSHIP-M5-B
deep/qr_B_m8_deep_020.png,deep,0.85,8,232,20,B,HYDROSHIP-M5-B,backscatter|blur|color|ripple,0.3045,1.0278,1.0613,74.4388,188.0664,0.3012,2.6813,2.0937,2.9026,3.2825,3.8633,1.9498,5,2.2177,True,True,raw,HYDROSHIP-M5-B
deep/qr_B_m8_deep_021.png,deep,0.85,8,232,21,B,HYDROSHIP-M5-B,backscatter|blur|color|ripple,0.3157,1.01,1.1411,80.0988,165.9375,0.3088,2.582,2.1713,2.489,3.0711,3.4975,2.0941,5,2.1237,False,True,upscale,HYDROSHIP-M5-B
deep/qr_B_m8_deep_022.png,deep,0.85,8,232,22,B,HYDROSHIP-M5-B,backscatter|blur|color|ripple,0.3139,1.0149,1.1981,78.1538,177.538,0.3042,2.6355,2.2216,2.9152,2.9649,1.7658,5.1556,5,2.2945,False,False,fail,
deep/qr_B_m8_deep_023.png,deep,0.85,8,232,23,B,HYDROSHIP-M5-B,backscatter|blur|color|ripple,0.3109,0.968,1.1874,77.2537,181.4896,0.2975,2.6309,2.1679,2.5609,3.1416,4.458,2.9798,5,2.2987,True,True,raw,HYDROSHIP-M5-B
deep/qr_B_m8_deep_024.png,deep,0.85,8,232,24,B,HYDROSHIP-M5-B,backscatter|blur|color|ripple,0.3032,1.0526,1.1323,83.3145,180.6991,0.2886,2.5782,2.263,2.6161,3.0276,2.1475,0.1152,5,2.3239,True,True,raw,HYDROSHIP-M5-B
deep/qr_B_m8_deep_025.png,deep,0.85,8,232,25,B,HYDROSHIP-M5-B,backscatter|blur|color|ripple,0.3195,0.9637,1.1024,80.7935,180.5237,0.3295,2.8189,2.1528,2.4875,3.1891,5.0014,2.8302,5,2.2752,True,True,raw,HYDROSHIP-M5-B
deep/qr_B_m8_deep_026.png,deep,0.85,8,232,26,B,HYDROSHIP-M5-B,backscatter|blur|color|ripple,0.2841,1.0357,1.1599,76.8301,183.38,0.3065,2.5654,2.0961,2.8658,3.1411,5.4353,4.1999,5,2.3291,False,False,fail,
deep/qr_B_m8_deep_027.png,deep,0.85,8,232,27,B,HYDROSHIP-M5-B,backscatter|blur|color|ripple,0.3063,0.9987,1.1542,82.4275,178.4935,0.3349,2.5839,2.1432,2.6487,3.2989,5.6339,2.9222,5,2.1144,True,True,raw,HYDROSHIP-M5-B
deep/qr_B_m8_deep_028.png,deep,0.85,8,232,28,B,HYDROSHIP-M5-B,backscatter|blur|color|ripple,0.2914,1.0974,1.1871,81.7678,184.2705,0.3166,2.9734,2.3097,2.8301,3.3274,3.8758,0.5631,5,2.2005,False,False,fail,
deep/qr_B_m8_deep_029.png,deep,0.85,8,232,29,B,HYDROSHIP-M5-B,backscatter|blur|color|ripple,0.3019,1.0224,1.1989,77.0148,172.309,0.3041,2.907,2.25,2.7294,3.0916,3.6547,1.4885,5,2.1701,False,False,fail,
deep/qr_B_m8_deep_030.png,deep,0.85,8,232,30,B,HYDROSHIP-M5-B,backscatter|blur|color|ripple,0.3117,1.0367,1.2173,77.2799,169.3991,0.3225,2.8911,2.2691,2.5187,3.3362,0.3751,5.2481,5,2.4263,False,True,upscale,HYDROSHIP-M5-B
deep/qr_B_m8_deep_031.png,deep,0.85,8,232,31,B,HYDROSHIP-M5-B,backscatter|blur|color|ripple,0.2795,0.9965,1.2304,83.1294,173.7033,0.3161,2.8562,2.194,2.5466,3.2019,4.9522,1.1822,5,2.3893,False,False,fail,
deep/qr_B_m8_deep_032.png,deep,0.85,8,232,32,B,HYDROSHIP-M5-B,backscatter|blur|color|ripple,0.2738,1.0034,1.1093,78.972,170.6587,0.2958,2.8073,2.0859,2.8596,3.186,2.9222,3.3576,5,2.183,False,False,fail,
deep/qr_B_m8_deep_033.png,deep,0.85,8,232,33,B,HYDROSHIP-M5-B,backscatter|blur|color|ripple,0.2939,0.9984,1.1326,73.4548,180.998,0.3214,2.7437,2.1158,2.7464,3.2866,2.2049,1.0984,5,2.4586,False,False,fail,
deep/qr_B_m8_deep_034.png,deep,0.85,8,232,34,B,HYDROSHIP-M5-B,backscatter|blur|color|ripple,0.2764,1.1058,1.0778,83.5174,176.0413,0.3191,2.5754,2.233,2.5889,2.9233,0.4384,5.2915,5,2.2497,False,False,fail,
deep/qr_B_m8_deep_035.png,deep,0.85,8,232,35,B,HYDROSHIP-M5-B,backscatter|blur|color|ripple,0.2841,1.125,1.1934,80.4137,187.5665,0.3154,2.8915,2.0014,2.5022,3.4004,2.6993,0.3231,5,2.3545,False,False,fail,
deep/qr_B_m8_deep_036.png,deep,0.85,8,232,36,B,HYDROSHIP-M5-B,backscatter|blur|color|ripple,0.3034,1.049,1.1428,77.7316,188.7965,0.3301,2.5996,2.0901,2.8367,3.0168,2.5905,1.0755,5,2.1211,False,False,fail,
deep/qr_B_m8_deep_037.png,deep,0.85,8,232,37,B,HYDROSHIP-M5-B,backscatter|blur|color|ripple,0.296,1.0546,1.1168,82.3032,176.039,0.3034,2.9046,2.1441,2.5463,3.0673,0.4181,3.4865,5,2.2716,True,True,raw,HYDROSHIP-M5-B
deep/qr_B_m8_deep_038.png,deep,0.85,8,232,38,B,HYDROSHIP-M5-B,backscatter|blur|color|ripple,0.3156,1.0157,1.1456,80.0572,181.9953,0.3269,2.595,2.0716,2.8495,2.9663,6.056,3.329,5,2.3227,False,False,fail,
deep/qr_B_m8_deep_039.png,deep,0.85,8,232,39,B,HYDROSHIP-M5-B,backscatter|blur|color|ripple,0.3079,1.0157,1.1568,73.4563,183.5674,0.3033,2.8833,1.986,2.5002,3.3455,0.2643,2.9616,5,2.4573,False,False,fail,
deep/qr_B_m8_deep_040.png,deep,0.85,8,232,40,B,HYDROSHIP-M5-B,backscatter|blur|color|ripple,0.2769,1.0498,1.1379,77.7179,163.6,0.3343,2.8529,2.2575,2.8165,3.0759,2.0654,0.4438,5,2.1506,True,True,raw,HYDROSHIP-M5-B
deep/qr_B_m8_deep_041.png,deep,0.85,8,232,41,B,HYDROSHIP-M5-B,backscatter|blur|color|ripple,0.3058,1.0302,1.1822,76.8388,176.454,0.3334,2.783,2.1897,2.7354,2.934,1.9381,5.9452,5,2.3921,False,True,upscale,HYDROSHIP-M5-B
deep/qr_B_m8_deep_042.png,deep,0.85,8,232,42,B,HYDROSHIP-M5-B,backscatter|blur|color|ripple,0.2791,0.9886,1.2288,75.2697,171.446,0.3241,2.9136,2.0126,2.7158,2.9745,3.2246,2.7051,5,2.3246,False,False,fail,
deep/qr_B_m8_deep_043.png,deep,0.85,8,232,43,B,HYDROSHIP-M5-B,backscatter|blur|color|ripple,0.2892,1.0398,1.1412,76.9381,178.018,0.3309,2.7899,1.9974,2.5729,2.9146,0.4463,1.424,5,2.3955,False,True,clahe,HYDROSHIP-M5-B
deep/qr_B_m8_deep_044.png,deep,0.85,8,232,44,B,HYDROSHIP-M5-B,backscatter|blur|color|ripple,0.2832,1.0688,1.1754,79.8086,175.3311,0.3133,2.8401,2.031,2.8029,3.3367,2.0161,5.3481,5,2.3089,True,True,raw,HYDROSHIP-M5-B
deep/qr_B_m8_deep_045.png,deep,0.85,8,232,45,B,HYDROSHIP-M5-B,backscatter|blur|color|ripple,0.2867,1.0211,1.1285,75.5029,181.2252,0.2966,2.8143,1.996,2.7284,2.996,0.1411,5.7311,5,2.1233,False,False,fail,
deep/qr_B_m8_deep_046.png,deep,0.85,8,232,46,B,HYDROSHIP-M5-B,backscatter|blur|color|ripple,0.2944,1.0028,1.0928,85.1993,186.4922,0.3329,2.9285,1.9894,2.7202,2.9614,5.0437,4.71,5,2.4396,False,False,fail,
deep/qr_B_m8_deep_047.png,deep,0.85,8,232,47,B,HYDROSHIP-M5-B,backscatter|blur|color|ripple,0.2985,1.0596,1.1007,80.7799,172.1263,0.3169,2.9808,2.0646,2.687,2.9196,5.3737,0.4709,5,2.4502,True,True,raw,HYDROSHIP-M5-B
deep/qr_B_m8_deep_048.png,deep,0.85,8,232,48,B,HYDROSHIP-M5-B,backscatter|blur|color|ripple,0.2868,1.1181,1.0844,76.7759,163.1015,0.297,2.6749,2.2801,2.8415,3.1627,3.9461,2.839,5,2.1198,True,True,raw,HYDROSHIP-M5-B
deep/qr_B_m8_deep_049.png,deep,0.85,8,232,49,B,HYDROSHIP-M5-B,backscatter|blur|color|ripple,0.2838,1.0129,1.1679,75.9626,186.4327,0.3052,2.8632,2.0066,2.7552,3.0308,0.3818,0.7681,5,2.1584,False,False,fail,
deep/qr_B_m8_deep_050.png,deep,0.85,8,232,50,B,HYDROSHIP-M5-B,backscatter|blur|color|ripple,0.3035,1.0371,1.1761,74.0387,185.6753,0.3145,2.5888,2.0468,2.5326,3.3265,0.6048,5.7992,5,2.3201,True,True,raw,HYDROSHIP-M5-B
deep/qr_B_m8_deep_051.png,deep,0.85,8,232,51,B,HYDROSHIP-M5-B,backscatter|blur|color|ripple,0.3046,0.9994,1.1043,76.3215,171.0148,0.3083,2.7006,2.1902,2.5461,3.0684,5.9326,5.3713,5,2.455,False,True,clahe,HYDROSHIP-M5-B
deep/qr_B_m8_deep_052.png,deep,0.85,8,232,52,B,HYDROSHIP-M5-B,backscatter|blur|color|ripple,0.296,0.9687,1.1491,83.7145,187.9698,0.311,2.7835,2.0943,2.7297,3.1501,3.4034,4.7721,5,2.2071,False,False,fail,
deep/qr_B_m8_deep_053.png,deep,0.85,8,232,53,B,HYDROSHIP-M5-B,backscatter|blur|color|ripple,0.3205,1.0811,1.1241,82.8038,161.4323,0.2938,2.8153,2.2269,2.5875,2.9245,0.3449,2.5193,5,2.1034,False,False,fail,
deep/qr_B_m8_deep_054.png,deep,0.85,8,232,54,B,HYDROSHIP-M5-B,backscatter|blur|color|ripple,0.3162,0.9968,1.1746,82.7785,177.2034,0.3108,2.9427,2.1499,2.812,3.1428,1.222,6.1196,5,2.4055,True,True,raw,HYDROSHIP-M5-B
deep/qr_B_m8_deep_055.png,deep,0.85,8,232,55,B,HYDROSHIP-M5-B,backscatter|blur|color|ripple,0.2807,0.9929,1.1941,77.2936,169.2334,0.3176,2.9493,2.1381,2.6326,2.9385,2.1318,4.5995,5,2.4179,True,True,raw,HYDROSHIP-M5-B
deep/qr_B_m8_deep_056.png,deep,0.85,8,232,56,B,HYDROSHIP-M5-B,backscatter|blur|color|ripple,0.2869,0.9725,1.1868,77.9369,179.4089,0.3169,2.8372,2.127,2.9093,3.3409,5.2938,1.8193,5,2.1502,True,True,raw,HYDROSHIP-M5-B
deep/qr_B_m8_deep_057.png,deep,0.85,8,232,57,B,HYDROSHIP-M5-B,backscatter|blur|color|ripple,0.3028,1.1073,1.2336,80.5022,180.0499,0.3353,2.6336,2.2866,2.7207,3.326,5.291,4.1895,5,2.1629,False,False,fail,
deep/qr_B_m8_deep_058.png,deep,0.85,8,232,58,B,HYDROSHIP-M5-B,backscatter|blur|color|ripple,0.2899,1.0814,1.2371,78.9265,183.3876,0.2891,2.8208,2.0907,2.8229,3.1767,3.6291,0.797,5,2.4269,True,True,raw,HYDROSHIP-M5-B
deep/qr_B_m8_deep_059.png,deep,0.85,8,232,59,B,HYDROSHIP-M5-B,backscatter|blur|color|ripple,0.2874,1.044,1.244,84.8215,174.5077,0.3076,2.6215,2.2208,2.8142,3.1331,3.406,1.9322,5,2.1709,False,False,fail,
deep/qr_B_m8_deep_060.png,deep,0.85,8,232,60,B,HYDROSHIP-M5-B,backscatter|blur|color|ripple,0.3007,0.99,1.1377,78.1106,177.3121,0.2955,2.8434,2.2168,2.712,3.0207,5.0111,4.6579,5,2.1856,False,False,fail,
deep/qr_B_m8_deep_061.png,deep,0.85,8,232,61,B,HYDROSHIP-M5-B,backscatter|blur|color|ripple,0.3038,1.0838,1.1248,85.6374,167.2359,0.2922,2.9098,2.2032,2.8851,3.0865,5.8932,5.0585,5,2.2699,False,False,fail,
deep/qr_B_m8_deep_062.png,deep,0.85,8,232,62,B,HYDROSHIP-M5-B,backscatter|blur|color|ripple,0.2843,0.9859,1.144,75.1323,186.2834,0.3261,2.5725,2.2271,2.5815,3.2942,1.4526,5.4695,5,2.1265,True,True,raw,HYDROSHIP-M5-B
deep/qr_B_m8_deep_063.png,deep,0.85,8,232,63,B,HYDROSHIP-M5-B,backscatter|blur|color|ripple,0.2946,1.0527,1.2331,79.5148,178.1964,0.2957,2.9482,2.2257,2.6632,3.0393,2.6391,2.1192,5,2.4504,False,False,fail,
deep/qr_B_m8_deep_064.png,deep,0.85,8,232,64,B,HYDROSHIP-M5-B,backscatter|blur|color|ripple,0.2812,1.1006,1.1197,77.7388,162.3862,0.3062,2.7122,2.1574,2.5511,3.1425,0.6886,5.3651,5,2.1652,False,False,fail,
deep/qr_B_m8_deep_065.png,deep,0.85,8,232,65,B,HYDROSHIP-M5-B,backscatter|blur|color|ripple,0.3113,1.103,1.129,85.3203,180.7257,0.2873,2.6446,2.1081,2.5769,2.9916,2.3024,6.2517,5,2.3403,True,True,raw,HYDROSHIP-M5-B
deep/qr_B_m8_deep_066.png,deep,0.85,8,232,66,B,HYDROSHIP-M5-B,backscatter|blur|color|ripple,0.3109,1.03,1.0849,84.2945,166.6637,0.31,2.9207,2.0335,2.6961,3.0719,0.0669,1.6223,5,2.2758,False,False,fail,
deep/qr_B_m8_deep_067.png,deep,0.85,8,232,67,B,HYDROSHIP-M5-B,backscatter|blur|color|ripple,0.3099,1.115,1.0961,78.0943,167.4983,0.3027,2.5528,2.1757,2.8966,2.9259,4.3845,0.2636,5,2.385,True,True,raw,HYDROSHIP-M5-B
deep/qr_B_m8_deep_068.png,deep,0.85,8,232,68,B,HYDROSHIP-M5-B,backscatter|blur|color|ripple,0.2778,1.0532,1.2376,75.6025,182.7978,0.3045,2.7053,2.3049,2.6095,3.0057,2.5638,5.9147,5,2.1986,True,True,raw,HYDROSHIP-M5-B
deep/qr_B_m8_deep_069.png,deep,0.85,8,232,69,B,HYDROSHIP-M5-B,backscatter|blur|color|ripple,0.2911,1.049,1.0943,81.131,187.9954,0.2902,2.681,2.273,2.8217,3.0012,5.713,1.0086,5,2.3509,False,True,upscale,HYDROSHIP-M5-B
deep/qr_B_m8_deep_070.png,deep,0.85,8,232,70,B,HYDROSHIP-M5-B,backscatter|blur|color|ripple,0.2859,1.0901,1.1261,76.1431,165.6933,0.3264,2.6196,2.0511,2.6954,3.2035,4.3519,2.0847,5,2.217,True,True,raw,HYDROSHIP-M5-B
deep/qr_B_m8_deep_071.png,deep,0.85,8,232,71,B,HYDROSHIP-M5-B,backscatter|blur|color|ripple,0.2757,1.0539,1.1083,79.3827,162.0034,0.3237,2.5831,2.0563,2.5342,3.0064,1.5738,0.542,5,2.1163,True,True,raw,HYDROSHIP-M5-B
deep/qr_B_m8_deep_072.png,deep,0.85,8,232,72,B,HYDROSHIP-M5-B,backscatter|blur|color|ripple,0.3039,1.0751,1.1664,80.037,168.6327,0.3036,2.577,2.2134,2.5142,3.0528,3.068,4.073,5,2.3467,False,False,fail,
deep/qr_B_m8_deep_073.png,deep,0.85,8,232,73,B,HYDROSHIP-M5-B,backscatter|blur|color|ripple,0.2981,1.0079,1.1103,73.3119,177.4819,0.2987,2.9218,2.0427,2.848,3.3702,2.263,0.2564,5,2.2023,False,False,fail,
deep/qr_B_m8_deep_074.png,deep,0.85,8,232,74,B,HYDROSHIP-M5-B,backscatter|blur|color|ripple,0.2975,1.0663,1.219,79.4106,162.7147,0.2914,2.6031,2.0917,2.7561,3.0102,5.0716,0.3313,5,2.1723,True,True,raw,HYDROSHIP-M5-B
deep/qr_B_m8_deep_075.png,deep,0.85,8,232,75,B,HYDROSHIP-M5-B,backscatter|blur|color|ripple,0.3142,1.12,1.1508,85.024,178.176,0.3232,2.7217,2.2539,2.6257,3.2821,3.869,4.2695,5,2.2295,False,False,fail,
deep/qr_B_m8_deep_076.png,deep,0.85,8,232,76,B,HYDROSHIP-M5-B,backscatter|blur|color|ripple,0.3208,1.0593,1.1375,75.2318,164.8955,0.322,2.5894,2.2178,2.6644,3.0819,1.3177,4.1528,5,2.3678,True,True,raw,HYDROSHIP-M5-B
deep/qr_B_m8_deep_077.png,deep,0.85,8,232,77,B,HYDROSHIP-M5-B,backscatter|blur|color|ripple,0.3164,1.0131,1.1669,80.9186,161.3835,0.3112,2.8416,2.0944,2.5764,3.1886,1.8807,4.6111,5,2.2191,False,True,upscale,HYDROSHIP-M5-B
deep/qr_B_m8_deep_078.png,deep,0.85,8,232,78,B,HYDROSHIP-M5-B,backscatter|blur|color|ripple,0.3083,1.0316,1.1338,84.3276,162.3146,0.3043,2.6631,2.2186,2.5735,3.1905,5.0079,2.4076,5,2.236,True,True,raw,HYDROSHIP-M5-B
deep/qr_B_m8_deep_079.png,deep,0.85,8,232,79,B,HYDROSHIP-M5-B,backscatter|blur|color|ripple,0.2818,1.0864,1.146,83.3408,188.4115,0.29,2.9114,2.0228,2.647,3.1496,2.8505,4.1967,5,2.3401,False,False,fail,
deep/qr_B_m8_deep_080.png,deep,0.85,8,232,80,B,HYDROSHIP-M5-B,backscatter|blur|color|ripple,0.2895,1.0205,1.1685,79.8905,180.4486,0.2916,2.914,2.0676,2.8357,3.1292,4.2042,4.4014,5,2.3927,False,True,clahe,HYDROSHIP-M5-B
deep/qr_B_m8_deep_081.png,deep,0.85,8,232,81,B,HYDROSHIP-M5-B,backscatter|blur|color|ripple,0.303,1.0169,1.1756,76.7866,185.1036,0.2912,2.6925,2.0556,2.5808,3.3212,0.7368,3.6993,5,2.206,False,False,fail,
deep/qr_B_m8_deep_082.png,deep,0.85,8,232,82,B,HYDROSHIP-M5-B,backscatter|blur|color|ripple,0.2814,1.1154,1.0762,74.3021,178.3556,0.3201,2.7499,2.2918,2.4856,3.2362,2.869,5.3823,5,2.4349,True,True,raw,HYDROSHIP-M5-B
deep/qr_B_m8_deep_083.png,deep,0.85,8,232,83,B,HYDROSHIP-M5-B,backscatter|blur|color|ripple,0.303,1.0515,1.1572,77.231,167.5619,0.2897,2.8502,2.0051,2.5348,3.1798,2.9961,1.5745,5,2.3135,False,False,fail,
shallow/qr_C_m4_shallow_000.png,shallow,0.25,4,116,0,C,HYDROSHIP-M5-C,backscatter|blur|color|ripple,0.7019,1.0349,0.9767,28.8854,234.2117,0.1205,0.9725,0.7728,1.4446,1.799,2.5515,0.0515,3,0.9494,True,True,raw,HYDROSHIP-M5-C
shallow/qr_C_m4_shallow_001.png,shallow,0.25,4,116,1,C,HYDROSHIP-M5-C,backscatter|blur|color|ripple,0.7242,1.0308,1.0876,28.5358,241.2974,0.1291,1.1042,0.7527,1.6052,1.7918,5.1788,5.6695,3,0.9966,True,True,raw,HYDROSHIP-M5-C
shallow/qr_C_m4_shallow_002.png,shallow,0.25,4,116,2,C,HYDROSHIP-M5-C,backscatter|blur|color|ripple,0.6512,0.96,1.0347,31.0675,229.6744,0.1283,0.9649,0.7803,1.5361,1.6975,3.2921,2.7562,3,0.9526,True,True,raw,HYDROSHIP-M5-C
shallow/qr_C_m4_shallow_003.png,shallow,0.25,4,116,3,C,HYDROSHIP-M5-C,backscatter|blur|color|ripple,0.7157,1.0531,1.0888,29.9605,236.6947,0.1118,1.0493,0.8247,1.4888,1.8164,2.1027,0.6739,3,0.9581,True,True,raw,HYDROSHIP-M5-C
shallow/qr_C_m4_shallow_004.png,shallow,0.25,4,116,4,C,HYDROSHIP-M5-C,backscatter|blur|color|ripple,0.739,0.9578,1.0604,26.844,231.0527,0.1292,1.0222,0.7521,1.4138,1.6685,0.3833,5.0699,3,1.1043,True,True,raw,HYDROSHIP-M5-C
shallow/qr_C_m4_shallow_005.png,shallow,0.25,4,116,5,C,HYDROSHIP-M5-C,backscatter|blur|color|ripple,0.7088,0.9557,0.9661,27.1075,238.3238,0.1171,1.0593,0.7643,1.5908,1.7191,2.8202,0.4552,3,0.9753,True,True,raw,HYDROSHIP-M5-C
shallow/qr_C_m4_shallow_006.png,shallow,0.25,4,116,6,C,HYDROSHIP-M5-C,backscatter|blur|color|ripple,0.6883,1.0288,1.0239,28.1974,229.5883,0.1252,1.0003,0.735,1.5274,1.7946,5.0193,0.8962,3,0.956,True,True,raw,HYDROSHIP-M5-C
shallow/qr_C_m4_shallow_007.png,shallow,0.25,4,116,7,C,HYDROSHIP-M5-C,backscatter|blur|color|ripple,0.7406,1.0383,1.0572,31.069,233.7877,0.1154,1.0615,0.7983,1.6143,1.7266,1.2761,5.7377,3,0.987,True,True,raw,HYDROSHIP-M5-C
shallow/qr_C_m4_shallow_008.png,shallow,0.25,4,116,8,C,HYDROSHIP-M5-C,backscatter|blur|color|ripple,0.649,0.9452,1.1212,31.2055,238.1041,0.113,0.9671,0.8264,1.592,1.7521,5.3887,6.2633,3,1.0791,True,True,raw,HYDROSHIP-M5-C
shallow/qr_C_m4_shallow_009.png,shallow,0.25,4,116,9,C,HYDROSHIP-M5-C,backscatter|blur|color|ripple,0.6429,0.9508,1.0623,27.2955,243.638,0.1147,1.0305,0.8252,1.5378,1.7054,3.1694,4.1604,3,0.9735,True,True,raw,HYDROSHIP-M5-C
shallow/qr_C_m4_shallow_010.png,shallow,0.25,4,116,10,C,HYDROSHIP-M5-C,backscatter|blur|color|ripple,0.6332,0.9509,1.0514,27.9368,230.9503,0.1194,0.9767,0.7381,1.4524,1.7355,3.2804,3.9161,3,1.0866,True,True,raw,HYDROSHIP-M5-C
shallow/qr_C_m4_shallow_011.png,shallow,0.25,4,116,11,C,HYDROSHIP-M5-C,backscatter|blur|color|ripple,0.6532,1.0593,1.0627,29.2508,238.4953,0.1154,1.0011,0.8241,1.5389,1.7573,1.7006,4.9523,3,1.0539,True,True,raw,HYDROSHIP-M5-C
shallow/qr_C_m4_shallow_012.png,shallow,0.25,4,116,12,C,HYDROSHIP-M5-C,backscatter|blur|color|ripple,0.6908,1.0322,1.0837,28.7735,237.4196,0.1136,0.9958,0.7758,1.5477,1.7626,2.7555,5.3292,3,0.9807,True,True,raw,HYDROSHIP-M5-C
shallow/qr_C_m4_shallow_013.png,shallow,0.25,4,116,13,C,HYDROSHIP-M5-C,backscatter|blur|color|ripple,0.72,1.0017,1.0803,29.8814,227.1199,0.1284,0.9997,0.7869,1.5781,1.8653,3.4663,4.9854,3,1.0112,True,True,raw,HYDROSHIP-M5-C
shallow/qr_C_m4_shallow_014.png,shallow,0.25,4,116,14,C,HYDROSHIP-M5-C,backscatter|blur|color|ripple,0.7087,1.0709,1.1162,27.3807,217.2833,0.1214,1.0222,0.7996,1.4408,1.7946,0.1739,0.003,3,1.0274,True,True,raw,HYDROSHIP-M5-C
shallow/qr_C_m4_shallow_015.png,shallow,0.25,4,116,15,C,HYDROSHIP-M5-C,backscatter|blur|color|ripple,0.6578,0.9422,1.0046,29.0515,232.7566,0.1147,1.0029,0.8165,1.4822,1.8003,5.824,1.0999,3,1.0799,True,True,raw,HYDROSHIP-M5-C
shallow/qr_C_m4_shallow_016.png,shallow,0.25,4,116,16,C,HYDROSHIP-M5-C,backscatter|blur|color|ripple,0.7142,1.0116,1.113,30.3389,229.7857,0.1171,1.0372,0.7964,1.4074,1.6803,5.9341,2.2769,3,1.07,True,True,raw,HYDROSHIP-M5-C
shallow/qr_C_m4_shallow_017.png,shallow,0.25,4,116,17,C,HYDROSHIP-M5-C,backscatter|blur|color|ripple,0.6989,1.0092,0.975,28.5915,233.1847,0.1168,0.9461,0.8335,1.5912,1.8229,0.1766,5.6925,3,0.9463,True,True,raw,HYDROSHIP-M5-C
shallow/qr_C_m4_shallow_018.png,shallow,0.25,4,116,18,C,HYDROSHIP-M5-C,backscatter|blur|color|ripple,0.7033,1.0707,1.0679,29.5725,228.1391,0.1194,0.9711,0.7895,1.49,1.7097,0.5087,1.519,3,1.0859,True,True,raw,HYDROSHIP-M5-C
shallow/qr_C_m4_shallow_019.png,shallow,0.25,4,116,19,C,HYDROSHIP-M5-C,backscatter|blur|color|ripple,0.692,1.0755,1.0607,27.6567,244.1803,0.1172,1.0418,0.7518,1.4213,1.7497,1.0204,4.3989,3,0.9585,True,True,raw,HYDROSHIP-M5-C
shallow/qr_C_m4_shallow_020.png,shallow,0.25,4,116,20,C,HYDROSHIP-M5-C,backscatter|blur|color|ripple,0.644,0.9421,1.0343,30.4557,242.755,0.1294,1.0724,0.7473,1.5501,1.7798,0.9235,0.4965,3,1.0652,True,True,raw,HYDROSHIP-M5-C
shallow/qr_C_m4_shallow_021.png,shallow,0.25,4,116,21,C,HYDROSHIP-M5-C,backscatter|blur|color|ripple,0.6859,0.9486,1.0697,29.4079,235.8021,0.1227,1.0085,0.7968,1.4805,1.7466,0.3369,1.012,3,1.1046,True,True,raw,HYDROSHIP-M5-C
shallow/qr_C_m4_shallow_022.png,shallow,0.25,4,116,22,C,HYDROSHIP-M5-C,backscatter|blur|color|ripple,0.6659,1.0819,1.0962,30.3947,212.4279,0.1278,1.0685,0.7558,1.523,1.805,6.0623,4.6391,3,1.0348,True,True,raw,HYDROSHIP-M5-C
shallow/qr_C_m4_shallow_023.png,shallow,0.25,4,116,23,C,HYDROSHIP-M5-C,backscatter|blur|color|ripple,0.7301,1.0327,0.9961,30.5332,228.2643,0.1151,1.0787,0.78,1.4638,1.7915,5.334,3.7902,3,0.9974,True,True,raw,HYDROSHIP-M5-C
shallow/qr_C_m4_shallow_024.png,shallow,0.25,4,116,24,C,HYDROSHIP-M5-C,backscatter|blur|color|ripple,0.73,1.0531,1.0378,27.8552,216.3813,0.1173,1.0016,0.7858,1.4117,1.7674,1.6626,4.4923,3,1.0812,True,True,raw,HYDROSHIP-M5-C
shallow/qr_C_m4_shallow_025.png,shallow,0.25,4,116,25,C,HYDROSHIP-M5-C,backscatter|blur|color|ripple,0.6692,0.9922,1.0468,29.4825,231.9022,0.1292,1.0378,0.8173,1.4422,1.6386,5.2821,3.7812,3,0.9759,True,True,raw,HYDROSHIP-M5-C
shallow/qr_C_m4_shallow_026.png,shallow,0.25,4,116,26,C,HYDROSHIP-M5-C,backscatter|blur|color|ripple,0.6668,1.0388,1.1146,27.8441,229.2802,0.1139,0.9967,0.8108,1.5714,1.8866,0.9884,3.2411,3,1.105,True,True,raw,HYDROSHIP-M5-C
shallow/qr_C_m4_shallow_027.png,shallow,0.25,4,116,27,C,HYDROSHIP-M5-C,backscatter|blur|color|ripple,0.712,1.0133,1.0659,27.0498,227.2297,0.1201,1.0753,0.723,1.4229,1.76,3.2553,4.5402,3,0.9947,True,True,raw,HYDROSHIP-M5-C
shallow/qr_C_m4_shallow_028.png,shallow,0.25,4,116,28,C,HYDROSHIP-M5-C,backscatter|blur|color|ripple,0.6981,0.9497,0.9741,29.0522,234.0104,0.1272,1.0353,0.7402,1.4005,1.8598,0.0948,3.6521,3,0.9627,True,True,raw,HYDROSHIP-M5-C
shallow/qr_C_m4_shallow_029.png,shallow,0.25,4,116,29,C,HYDROSHIP-M5-C,backscatter|blur|color|ripple,0.6763,1.0761,0.9623,31.238,214.4713,0.1139,0.9549,0.7331,1.5534,1.7596,5.1992,3.4207,3,1.0349,True,True,raw,HYDROSHIP-M5-C
shallow/qr_C_m4_shallow_030.png,shallow,0.25,4,116,30,C,HYDROSHIP-M5-C,backscatter|blur|color|ripple,0.6472,1.0699,1.0476,27.865,229.5828,0.1269,1.049,0.7673,1.5635,1.7346,3.8334,1.4749,3,1.0884,True,True,raw,HYDROSHIP-M5-C
shallow/qr_C_m4_shallow_031.png,shallow,0.25,4,116,31,C,HYDROSHIP-M5-C,backscatter|blur|color|ripple,0.6765,1.0856,1.0112,28.0623,214.8808,0.1213,0.964,0.7169,1.4684,1.8907,3.0518,1.4116,3,1.0492,True,True,raw,HYDROSHIP-M5-C
shallow/qr_C_m4_shallow_032.png,shallow,0.25,4,116,32,C,HYDROSHIP-M5-C,backscatter|blur|color|ripple,0.7172,0.9732,0.9649,30.8494,208.7971,0.1205,1.0368,0.8109,1.4674,1.86,2.6694,3.3996,3,0.9717,True,True,raw,HYDROSHIP-M5-C
shallow/qr_C_m4_shallow_033.png,shallow,0.25,4,116,33,C,HYDROSHIP-M5-C,backscatter|blur|color|ripple,0.6415,1.0864,1.1158,29.3333,227.3877,0.1182,0.9697,0.8086,1.4621,1.848,4.1448,3.2079,3,0.9625,True,True,raw,HYDROSHIP-M5-C
shallow/qr_C_m4_shallow_034.png,shallow,0.25,4,116,34,C,HYDROSHIP-M5-C,backscatter|blur|color|ripple,0.6778,1.0494,0.9892,31.0045,213.6484,0.1184,1.0556,0.7516,1.3909,1.8466,1.2911,5.9171,3,0.9786,True,True,raw,HYDROSHIP-M5-C
shallow/qr_C_m4_shallow_035.png,shallow,0.25,4,116,35,C,HYDROSHIP-M5-C,backscatter|blur|color|ripple,0.7293,1.0796,1.0557,30.1534,219.195,0.1237,1.0729,0.7425,1.5285,1.7075,3.2382,1.6166,3,1.0609,True,True,raw,HYDROSHIP-M5-C
shallow/qr_C_m4_shallow_036.png,shallow,0.25,4,116,36,C,HYDROSHIP-M5-C,backscatter|blur|color|ripple,0.6783,1.0059,1.0629,28.9059,217.2964,0.1258,0.9957,0.7183,1.5052,1.6648,0.3795,0.5981,3,1.0512,True,True,raw,HYDROSHIP-M5-C
shallow/qr_C_m4_shallow_037.png,shallow,0.25,4,116,37,C,HYDROSHIP-M5-C,backscatter|blur|color|ripple,0.684,1.0041,1.0861,30.9365,215.3388,0.1215,1.0645,0.7662,1.5665,1.8431,2.9024,0.9863,3,1.0656,True,True,raw,HYDROSHIP-M5-C
shallow/qr_C_m4_shallow_038.png,shallow,0.25,4,116,38,C,HYDROSHIP-M5-C,backscatter|blur|color|ripple,0.6555,1.0159,1.0685,30.0314,215.4495,0.1174,1.0579,0.7166,1.5543,1.6637,0.2588,2.2072,3,0.9586,True,True,raw,HYDROSHIP-M5-C
shallow/qr_C_m4_shallow_039.png,shallow,0.25,4,116,39,C,HYDROSHIP-M5-C,backscatter|blur|color|ripple,0.689,1.0364,1.0478,29.8606,215.6478,0.127,1.0153,0.7668,1.5451,1.6616,2.8326,1.3841,3,0.9771,True,True,raw,HYDROSHIP-M5-C
shallow/qr_C_m4_shallow_040.png,shallow,0.25,4,116,40,C,HYDROSHIP-M5-C,backscatter|blur|color|ripple,0.6986,1.0115,1.0686,27.2283,242.9198,0.1119,0.9609,0.7258,1.4682,1.6857,2.7118,6.2732,3,0.9769,True,True,raw,HYDROSHIP-M5-C
shallow/qr_C_m4_shallow_041.png,shallow,0.25,4,116,41,C,HYDROSHIP-M5-C,backscatter|blur|color|ripple,0.6727,0.9574,0.9831,28.3491,213.4099,0.1229,1.071,0.8194,1.4884,1.7774,3.5532,1.6593,3,0.9618,True,True,raw,HYDROSHIP-M5-C
shallow/qr_C_m4_shallow_042.png,shallow,0.25,4,116,42,C,HYDROSHIP-M5-C,backscatter|blur|color|ripple,0.6363,0.9596,1.0254,30.8265,243.2801,0.1224,1.0767,0.8313,1.5712,1.7461,4.5166,2.2022,3,1.0419,True,True,raw,HYDROSHIP-M5-C
shallow/qr_C_m4_shallow_043.png,shallow,0.25,4,116,43,C,HYDROSHIP-M5-C,backscatter|blur|color|ripple,0.6384,1.0318,1.0896,29.6593,225.542,0.1255,0.962,0.8334,1.5534,1.8981,2.3437,4.8974,3,1.039,True,True,raw,HYDROSHIP-M5-C
shallow/qr_C_m4_shallow_044.png,shallow,0.25,4,116,44,C,HYDROSHIP-M5-C,backscatter|blur|color|ripple,0.6603,0.9337,0.9793,27.283,221.6392,0.114,0.9884,0.7439,1.5393,1.8179,5.932,3.6457,3,1.0731,True,True,raw,HYDROSHIP-M5-C
shallow/qr_C_m4_shallow_045.png,shallow,0.25,4,116,45,C,HYDROSHIP-M5-C,backscatter|blur|color|ripple,0.6586,1.0454,1.0055,27.9466,231.9856,0.1191,0.9842,0.7942,1.6178,1.6637,3.8928,5.1551,3,1.1018,True,True,raw,HYDROSHIP-M5-C
shallow/qr_C_m4_shallow_046.png,shallow,0.25,4,116,46,C,HYDROSHIP-M5-C,backscatter|blur|color|ripple,0.6926,1.0133,1.0517,27.4965,241.1908,0.1216,0.9961,0.8301,1.5843,1.873,0.7265,3.7559,3,1.0061,True,True,raw,HYDROSHIP-M5-C
shallow/qr_C_m4_shallow_047.png,shallow,0.25,4,116,47,C,HYDROSHIP-M5-C,backscatter|blur|color|ripple,0.6632,1.044,1.0102,29.0232,212.3382,0.1251,1.0483,0.7303,1.6061,1.7976,5.2069,6.2752,3,1.0176,True,True,raw,HYDROSHIP-M5-C
shallow/qr_C_m4_shallow_048.png,shallow,0.25,4,116,48,C,HYDROSHIP-M5-C,backscatter|blur|color|ripple,0.7321,0.9924,1.0493,29.1284,211.0567,0.1201,1.0842,0.8056,1.495,1.8894,1.7065,3.5472,3,0.985,True,True,raw,HYDROSHIP-M5-C
shallow/qr_C_m4_shallow_049.png,shallow,0.25,4,116,49,C,HYDROSHIP-M5-C,backscatter|blur|color|ripple,0.6774,0.9916,1.1134,27.8565,226.8964,0.1247,1.0183,0.7932,1.6102,1.8248,4.4212,4.4356,3,1.1044,True,True,raw,HYDROSHIP-M5-C
shallow/qr_C_m4_shallow_050.png,shallow,0.25,4,116,50,C,HYDROSHIP-M5-C,backscatter|blur|color|ripple,0.6482,0.9548,0.98,29.6657,243.4384,0.1134,0.9488,0.7451,1.5311,1.8555,4.3298,1.0221,3,1.0454,True,True,raw,HYDROSHIP-M5-C
shallow/qr_C_m4_shallow_051.png,shallow,0.25,4,116,51,C,HYDROSHIP-M5-C,backscatter|blur|color|ripple,0.7225,1.0824,1.0596,28.6386,228.9427,0.118,0.9976,0.7286,1.3959,1.7209,0.6646,3.7925,3,1.0398,True,True,raw,HYDROSHIP-M5-C
shallow/qr_C_m4_shallow_052.png,shallow,0.25,4,116,52,C,HYDROSHIP-M5-C,backscatter|blur|color|ripple,0.6382,1.0264,0.9816,27.5493,232.4658,0.127,1.0712,0.8015,1.5651,1.7226,5.4241,3.8882,3,1.0616,True,True,raw,HYDROSHIP-M5-C
shallow/qr_C_m4_shallow_053.png,shallow,0.25,4,116,53,C,HYDROSHIP-M5-C,backscatter|blur|color|ripple,0.651,1.0691,1.019,30.7035,228.7215,0.1233,1.0023,0.8118,1.5562,1.6594,4.0545,6.0117,3,1.0412,True,True,raw,HYDROSHIP-M5-C
shallow/qr_C_m4_shallow_054.png,shallow,0.25,4,116,54,C,HYDROSHIP-M5-C,backscatter|blur|color|ripple,0.6368,0.9389,1.1026,26.8838,235.8993,0.1274,1.0675,0.8108,1.5557,1.6588,4.3474,1.6732,3,1.0306,True,True,raw,HYDROSHIP-M5-C
shallow/qr_C_m4_shallow_055.png,shallow,0.25,4,116,55,C,HYDROSHIP-M5-C,backscatter|blur|color|ripple,0.6573,1.074,1.1212,30.4653,214.9763,0.1119,0.964,0.8047,1.5437,1.7702,2.9179,1.5882,3,1.0295,True,True,raw,HYDROSHIP-M5-C
shallow/qr_C_m4_shallow_056.png,shallow,0.25,4,116,56,C,HYDROSHIP-M5-C,backscatter|blur|color|ripple,0.7007,1.086,1.112,30.0051,240.8826,0.1149,1.0553,0.7353,1.6039,1.6878,3.583,3.5738,3,0.9557,True,True,raw,HYDROSHIP-M5-C
shallow/qr_C_m4_shallow_057.png,shallow,0.25,4,116,57,C,HYDROSHIP-M5-C,backscatter|blur|color|ripple,0.7306,1.0715,1.0567,30.9599,218.6582,0.1114,0.9472,0.7489,1.436,1.6497,4.277,4.3086,3,0.9616,True,True,raw,HYDROSHIP-M5-C
shallow/qr_C_m4_shallow_058.png,shallow,0.25,4,116,58,C,HYDROSHIP-M5-C,backscatter|blur|color|ripple,0.6516,1.0244,1.0315,28.103,238.9721,0.1208,0.9621,0.7755,1.4328,1.6769,2.6226,1.633,3,0.9756,True,True,raw,HYDROSHIP-M5-C
shallow/qr_C_m4_shallow_059.png,shallow,0.25,4,116,59,C,HYDROSHIP-M5-C,backscatter|blur|color|ripple,0.7076,0.9392,1.053,31.2469,212.8189,0.1287,0.9703,0.8205,1.5132,1.8685,0.477,1.2863,3,1.0196,True,True,raw,HYDROSHIP-M5-C
shallow/qr_C_m4_shallow_060.png,shallow,0.25,4,116,60,C,HYDROSHIP-M5-C,backscatter|blur|color|ripple,0.6687,1.0512,1.0674,26.8134,219.5172,0.1293,1.0225,0.8031,1.5407,1.8055,1.7147,0.3103,3,1.0894,True,True,raw,HYDROSHIP-M5-C
shallow/qr_C_m4_shallow_061.png,shallow,0.25,4,116,61,C,HYDROSHIP-M5-C,backscatter|blur|color|ripple,0.6513,1.0293,1.1265,27.1053,228.6162,0.1263,0.97,0.7141,1.4731,1.7131,2.1224,0.8827,3,1.0045,True,True,raw,HYDROSHIP-M5-C
shallow/qr_C_m4_shallow_062.png,shallow,0.25,4,116,62,C,HYDROSHIP-M5-C,backscatter|blur|color|ripple,0.7133,1.0739,0.9775,31.1675,233.7334,0.1189,0.9715,0.7192,1.5672,1.8256,3.6342,5.0254,3,1.0035,True,True,raw,HYDROSHIP-M5-C
shallow/qr_C_m4_shallow_063.png,shallow,0.25,4,116,63,C,HYDROSHIP-M5-C,backscatter|blur|color|ripple,0.7294,0.9754,0.9982,26.8909,237.0318,0.1259,0.9901,0.7951,1.5837,1.6602,2.9576,4.3447,3,1.1066,True,True,raw,HYDROSHIP-M5-C
shallow/qr_C_m4_shallow_064.png,shallow,0.25,4,116,64,C,HYDROSHIP-M5-C,backscatter|blur|color|ripple,0.693,0.9508,0.9643,29.7013,232.406,0.1156,0.9601,0.8335,1.6115,1.7912,3.4409,4.6923,3,0.9621,True,True,raw,HYDROSHIP-M5-C
shallow/qr_C_m4_shallow_065.png,shallow,0.25,4,116,65,C,HYDROSHIP-M5-C,backscatter|blur|color|ripple,0.6854,0.9985,1.047,30.6786,234.5099,0.1257,0.9888,0.7645,1.564,1.8881,5.3257,2.0808,3,1.0565,True,True,raw,HYDROSHIP-M5-C
shallow/qr_C_m4_shallow_066.png,shallow,0.25,4,116,66,C,HYDROSHIP-M5-C,backscatter|blur|color|ripple,0.6923,0.9986,1.0053,30.4633,220.7738,0.1266,0.9919,0.8009,1.6032,1.6778,4.0859,2.6492,3,0.9533,True,True,raw,HYDROSHIP-M5-C
shallow/qr_C_m4_shallow_067.png,shallow,0.25,4,116,67,C,HYDROSHIP-M5-C,backscatter|blur|color|ripple,0.672,0.9961,1.0266,30.428,208.8888,0.1159,1.0443,0.8264,1.6123,1.9059,0.6378,5.8733,3,1.0176,True,True,raw,HYDROSHIP-M5-C
shallow/qr_C_m4_shallow_068.png,shallow,0.25,4,116,68,C,HYDROSHIP-M5-C,backscatter|blur|color|ripple,0.7364,0.9567,1.0019,30.3304,210.5761,0.1205,1.0029,0.8292,1.4419,1.6811,0.6695,0.8205,3,1.022,True,True,raw,HYDROSHIP-M5-C
shallow/qr_C_m4_shallow_069.png,shallow,0.25,4,116,69,C,HYDROSHIP-M5-C,backscatter|blur|color|ripple,0.6934,0.9771,1.0683,31.2893,213.538,0.1157,1.1046,0.7577,1.4453,1.6807,3.0018,4.8756,3,1.0005,True,True,raw,HYDROSHIP-M5-C
shallow/qr_C_m4_shallow_070.png,shallow,0.25,4,116,70,C,HYDROSHIP-M5-C,backscatter|blur|color|ripple,0.7098,0.9797,0.9637,31.0617,224.0062,0.1186,0.9576,0.741,1.5644,1.6939,3.9678,4.0596,3,0.9568,True,True,raw,HYDROSHIP-M5-C
shallow/qr_C_m4_shallow_071.png,shallow,0.25,4,116,71,C,HYDROSHIP-M5-C,backscatter|blur|color|ripple,0.7079,0.9591,1.1128,31.0998,242.5977,0.1229,1.0528,0.7688,1.4449,1.8294,0.968,0.8833,3,1.0402,True,True,raw,HYDROSHIP-M5-C
shallow/qr_C_m4_shallow_072.png,shallow,0.25,4,116,72,C,HYDROSHIP-M5-C,backscatter|blur|color|ripple,0.7337,1.0354,1.0906,31.261,218.3169,0.1121,1.0399,0.7965,1.4709,1.724,1.5641,5.1635,3,1.0152,True,True,raw,HYDROSHIP-M5-C
shallow/qr_C_m4_shallow_073.png,shallow,0.25,4,116,73,C,HYDROSHIP-M5-C,backscatter|blur|color|ripple,0.7119,1.0899,0.992,29.4158,243.6192,0.1211,1.0335,0.7301,1.5184,1.6457,1.1141,3.1953,3,0.9955,True,True,raw,HYDROSHIP-M5-C
shallow/qr_C_m4_shallow_074.png,shallow,0.25,4,116,74,C,HYDROSHIP-M5-C,backscatter|blur|color|ripple,0.6532,1.0393,0.9865,30.8969,223.0402,0.1113,1.0063,0.7616,1.4209,1.8128,5.534,2.2616,3,1.0879,True,True,raw,HYDROSHIP-M5-C
shallow/qr_C_m4_shallow_075.png,shallow,0.25,4,116,75,C,HYDROSHIP-M5-C,backscatter|blur|color|ripple,0.6563,1.002,1.0655,27.7955,227.3548,0.1146,1.0976,0.7737,1.5438,1.752,2.1422,4.4965,3,1.0121,True,True,raw,HYDROSHIP-M5-C
shallow/qr_C_m4_shallow_076.png,shallow,0.25,4,116,76,C,HYDROSHIP-M5-C,backscatter|blur|color|ripple,0.726,0.9663,0.9745,30.6956,230.9327,0.1211,1.0873,0.821,1.4866,1.8128,5.1982,3.8984,3,1.0999,True,True,raw,HYDROSHIP-M5-C
shallow/qr_C_m4_shallow_077.png,shallow,0.25,4,116,77,C,HYDROSHIP-M5-C,backscatter|blur|color|ripple,0.6534,0.9428,1.1219,27.4215,213.7031,0.1183,1.0192,0.8279,1.3969,1.7234,2.1905,2.9726,3,1.0267,True,True,raw,HYDROSHIP-M5-C
shallow/qr_C_m4_shallow_078.png,shallow,0.25,4,116,78,C,HYDROSHIP-M5-C,backscatter|blur|color|ripple,0.6428,1.0106,1.1173,27.0219,224.855,0.1117,0.9756,0.8004,1.4983,1.8226,0.581,3.1024,3,1.0661,True,True,raw,HYDROSHIP-M5-C
shallow/qr_C_m4_shallow_079.png,shallow,0.25,4,116,79,C,HYDROSHIP-M5-C,backscatter|blur|color|ripple,0.7314,1.0833,1.1114,27.5582,217.6635,0.119,1.0158,0.8151,1.5926,1.6414,5.8064,5.0826,3,1.0054,True,True,raw,HYDROSHIP-M5-C
shallow/qr_C_m4_shallow_080.png,shallow,0.25,4,116,80,C,HYDROSHIP-M5-C,backscatter|blur|color|ripple,0.6835,0.9635,1.0176,29.4416,223.9156,0.1231,0.9896,0.7833,1.6142,1.7931,2.7187,4.9951,3,1.0358,True,True,raw,HYDROSHIP-M5-C
shallow/qr_C_m4_shallow_081.png,shallow,0.25,4,116,81,C,HYDROSHIP-M5-C,backscatter|blur|color|ripple,0.6712,1.0364,1.0393,29.5128,232.3257,0.1109,1.0504,0.7606,1.4449,1.8041,4.9842,5.1441,3,0.9508,True,True,raw,HYDROSHIP-M5-C
shallow/qr_C_m4_shallow_082.png,shallow,0.25,4,116,82,C,HYDROSHIP-M5-C,backscatter|blur|color|ripple,0.7013,0.9995,1.073,29.2702,241.5491,0.1293,0.9676,0.8273,1.576,1.6351,5.9692,1.9437,3,0.9596,True,True,raw,HYDROSHIP-M5-C
shallow/qr_C_m4_shallow_083.png,shallow,0.25,4,116,83,C,HYDROSHIP-M5-C,backscatter|blur|color|ripple,0.6689,0.9684,1.0545,31.2644,232.7592,0.1186,1.0287,0.7509,1.5709,1.6492,6.1076,3.4831,3,0.9542,True,True,raw,HYDROSHIP-M5-C
medium/qr_C_m4_medium_000.png,medium,0.55,4,116,0,C,HYDROSHIP-M5-C,backscatter|blur|color|ripple,0.4673,1.0781,1.1033,53.835,197.3085,0.2186,1.9531,1.383,2.183,2.3455,0.5288,4.2303,5,1.5742,False,True,clahe,HYDROSHIP-M5-C
medium/qr_C_m4_medium_001.png,medium,0.55,4,116,1,C,HYDROSHIP-M5-C,backscatter|blur|color|ripple,0.4792,0.95,1.1389,55.8351,207.0578,0.2161,1.8904,1.4057,2.0091,2.4946,0.3876,5.6647,5,1.5932,True,True,raw,HYDROSHIP-M5-C
medium/qr_C_m4_medium_002.png,medium,0.55,4,116,2,C,HYDROSHIP-M5-C,backscatter|blur|color|ripple,0.5275,0.9856,1.0641,57.3686,208.633,0.2174,1.9238,1.4489,2.2001,2.2819,5.1635,5.8761,5,1.7213,True,True,raw,HYDROSHIP-M5-C
medium/qr_C_m4_medium_003.png,medium,0.55,4,116,3,C,HYDROSHIP-M5-C,backscatter|blur|color|ripple,0.5008,0.9666,1.1298,50.4113,191.0895,0.2031,1.9595,1.5122,2.1608,2.5592,1.2129,4.8069,5,1.5887,True,True,raw,HYDROSHIP-M5-C
medium/qr_C_m4_medium_004.png,medium,0.55,4,116,4,C,HYDROSHIP-M5-C,backscatter|blur|color|ripple,0.5047,1.1034,1.0526,56.8006,204.0215,0.2222,1.8332,1.5643,1.9597,2.3927,3.2372,0.7546,5,1.7864,True,True,raw,HYDROSHIP-M5-C
medium/qr_C_m4_medium_005.png,medium,0.55,4,116,5,C,HYDROSHIP-M5-C,backscatter|blur|color|ripple,0.4569,1.0607,1.1804,50.2818,214.2657,0.1998,1.9957,1.4152,1.9562,2.403,6.1601,5.7378,5,1.598,True,True,raw,HYDROSHIP-M5-C
medium/qr_C_m4_medium_006.png,medium,0.55,4,116,6,C,HYDROSHIP-M5-C,backscatter|blur|color|ripple,0.4827,1.0928,1.0305,53.2713,189.7929,0.2155,1.9045,1.4704,2.071,2.5578,2.2771,4.421,5,1.6844,True,True,raw,HYDROSHIP-M5-C
medium/qr_C_m4_medium_007.png,medium,0.55,4,116,7,C,HYDROSHIP-M5-C,backscatter|blur|color|ripple,0.4683,0.9732,1.1004,57.8096,197.1831,0.2123,1.9429,1.5035,2.136,2.303,5.9797,1.2371,5,1.7031,True,True,raw,HYDROSHIP-M5-C
medium/qr_C_m4_medium_008.png,medium,0.55,4,116,8,C,HYDROSHIP-M5-C,backscatter|blur|color|ripple,0.5306,1.0433,1.1379,56.5286,185.4628,0.2146,1.9187,1.4679,2.1362,2.4275,2.1451,4.0874,5,1.7609,True,True,raw,HYDROSHIP-M5-C
medium/qr_C_m4_medium_009.png,medium,0.55,4,116,9,C,HYDROSHIP-M5-C,backscatter|blur|color|ripple,0.5167,1.0871,1.0985,58.3622,200.3802,0.2326,1.8307,1.4456,2.0858,2.3133,1.8381,2.1814,5,1.6436,False,True,clahe,HYDROSHIP-M5-C
medium/qr_C_m4_medium_010.png,medium,0.55,4,116,10,C,HYDROSHIP-M5-C,backscatter|blur|color|ripple,0.5317,1.0849,1.1656,55.3861,195.1809,0.2038,1.9503,1.4163,2.2424,2.4132,3.39,2.7152,5,1.6058,True,True,raw,HYDROSHIP-M5-C
medium/qr_C_m4_medium_011.png,medium,0.55,4,116,11,C,HYDROSHIP-M5-C,backscatter|blur|color|ripple,0.4826,1.04,1.1325,57.913,212.7875,0.2035,1.8398,1.5738,2.0571,2.3752,3.8917,2.6182,5,1.6354,True,True,raw,HYDROSHIP-M5-C
medium/qr_C_m4_medium_012.png,medium,0.55,4,116,12,C,HYDROSHIP-M5-C,backscatter|blur|color|ripple,0.4554,0.9877,1.1529,57.0628,189.3237,0.1997,1.7467,1.5762,2.0747,2.3489,4.5659,4.7622,5,1.5926,True,True,raw,HYDROSHIP-M5-C
medium/qr_C_m4_medium_013.png,medium,0.55,4,116,13,C,HYDROSHIP-M5-C,backscatter|blur|color|ripple,0.456,0.9878,1.136,54.3952,197.492,0.2018,1.9879,1.441,2.1272,2.4091,4.5701,0.5054,5,1.654,True,True,raw,HYDROSHIP-M5-C
medium/qr_C_m4_medium_014.png,medium,0.55,4,116,14,C,HYDROSHIP-M5-C,backscatter|blur|color|ripple,0.4683,1.1055,1.1247,57.85,210.1222,0.2092,1.9796,1.4197,2.1382,2.419,2.091,4.0498,5,1.7761,True,True,raw,HYDROSHIP-M5-C
medium/qr_C_m4_medium_015.png,medium,0.55,4,116,15,C,HYDROSHIP-M5-C,backscatter|blur|color|ripple,0.494,1.0092,1.1701,54.3066,210.0962,0.2136,1.7629,1.5583,1.9327,2.6575,3.331,4.5306,5,1.6347,True,True,raw,HYDROSHIP-M5-C
medium/qr_C_m4_medium_016.png,medium,0.55,4,116,16,C,HYDROSHIP-M5-C,backscatter|blur|color|ripple,0.4677,1.0559,1.1463,50.5772,201.4265,0.2268,1.8712,1.4631,2.0077,2.6072,5.7802,2.9614,5,1.7237,True,True,raw,HYDROSHIP-M5-C
medium/qr_C_m4_medium_017.png,medium,0.55,4,116,17,C,HYDROSHIP-M5-C,backscatter|blur|color|ripple,0.4967,1.0836,1.0409,50.5656,203.7455,0.2113,1.8207,1.4451,1.9797,2.4568,4.4998,0.1175,5,1.7608,False,True,upscale,HYDROSHIP-M5-C
medium/qr_C_m4_medium_018.png,medium,0.55,4,116,18,C,HYDROSHIP-M5-C,backscatter|blur|color|ripple,0.4891,1.0374,1.0112,53.5582,209.2304,0.2152,1.9022,1.4775,2.216,2.5492,1.6882,4.0533,5,1.6096,True,True,raw,HYDROSHIP-M5-C
medium/qr_C_m4_medium_019.png,medium,0.55,4,116,19,C,HYDROSHIP-M5-C,backscatter|blur|color|ripple,0.4827,0.985,1.1841,53.4899,203.0977,0.2062,1.9175,1.3788,2.2369,2.583,4.6577,4.5231,5,1.6982,False,True,clahe,HYDROSHIP-M5-C
medium/qr_C_m4_medium_020.png,medium,0.55,4,116,20,C,HYDROSHIP-M5-C,backscatter|blur|color|ripple,0.4668,1.026,1.1783,58.3837,202.1307,0.227,1.9946,1.4756,2.1659,2.5361,5.0612,1.9021,5,1.6678,True,True,raw,HYDROSHIP-M5-C
medium/qr_C_m4_medium_021.png,medium,0.55,4,116,21,C,HYDROSHIP-M5-C,backscatter|blur|color|ripple,0.5245,1.0733,1.0153,52.3262,216.6842,0.2059,2.0417,1.5789,2.2624,2.4838,4.3613,0.2813,5,1.6431,False,True,clahe,HYDROSHIP-M5-C
medium/qr_C_m4_medium_022.png,medium,0.55,4,116,22,C,HYDROSHIP-M5-C,backscatter|blur|color|ripple,0.5035,1.0055,1.0783,58.2869,210.4318,0.2171,1.8847,1.5822,2.1744,2.649,1.6261,4.897,5,1.6969,True,True,raw,HYDROSHIP-M5-C
medium/qr_C_m4_medium_023.png,medium,0.55,4,116,23,C,HYDROSHIP-M5-C,backscatter|blur|color|ripple,0.4684,1.0583,1.1329,53.3058,186.9031,0.1995,1.9811,1.5583,2.1645,2.5943,1.9589,5.5271,5,1.6417,False,False,fail,
medium/qr_C_m4_medium_024.png,medium,0.55,4,116,24,C,HYDROSHIP-M5-C,backscatter|blur|color|ripple,0.4552,1.012,1.0192,51.9007,192.6628,0.2204,1.7653,1.5574,1.9526,2.5314,1.9681,5.2882,5,1.7304,True,True,raw,HYDROSHIP-M5-C
medium/qr_C_m4_medium_025.png,medium,0.55,4,116,25,C,HYDROSHIP-M5-C,backscatter|blur|color|ripple,0.4936,0.9468,1.0924,52.1981,186.1291,0.2228,1.9119,1.5616,2.1205,2.5039,2.9088,1.0196,5,1.7461,True,True,raw,HYDROSHIP-M5-C
medium/qr_C_m4_medium_026.png,medium,0.55,4,116,26,C,HYDROSHIP-M5-C,backscatter|blur|color|ripple,0.4786,0.9837,1.015,50.7357,208.5862,0.1991,1.7974,1.5417,2.0906,2.5972,0.7845,2.0225,5,1.6863,True,True,raw,HYDROSHIP-M5-C
medium/qr_C_m4_medium_027.png,medium,0.55,4,116,27,C,HYDROSHIP-M5-C,backscatter|blur|color|ripple,0.4553,1.0004,1.0408,52.1896,203.3768,0.2323,1.862,1.3512,2.0699,2.6244,0.3279,2.1419,5,1.6259,True,True,raw,HYDROSHIP-M5-C
medium/qr_C_m4_medium_028.png,medium,0.55,4,116,28,C,HYDROSHIP-M5-C,backscatter|blur|color|ripple,0.5279,0.9905,1.1352,56.1813,185.6061,0.2254,1.9383,1.4013,2.0756,2.5123,5.5662,1.8784,5,1.6699,True,True,raw,HYDROSHIP-M5-C
medium/qr_C_m4_medium_029.png,medium,0.55,4,116,29,C,HYDROSHIP-M5-C,backscatter|blur|color|ripple,0.4655,0.9824,1.0302,57.248,188.8047,0.2076,2.021,1.5552,2.1289,2.2976,1.9649,0.5355,5,1.7361,False,True,clahe,HYDROSHIP-M5-C
medium/qr_C_m4_medium_030.png,medium,0.55,4,116,30,C,HYDROSHIP-M5-C,backscatter|blur|color|ripple,0.5108,1.0243,1.0442,50.3262,196.6407,0.2157,1.8992,1.5185,2.0044,2.4478,4.8314,4.4917,5,1.5697,True,True,raw,HYDROSHIP-M5-C
medium/qr_C_m4_medium_031.png,medium,0.55,4,116,31,C,HYDROSHIP-M5-C,backscatter|blur|color|ripple,0.508,1.0534,1.0384,49.9715,208.0829,0.2013,1.7452,1.5485,2.167,2.5743,4.1051,0.6152,5,1.753,False,False,fail,
medium/qr_C_m4_medium_032.png,medium,0.55,4,116,32,C,HYDROSHIP-M5-C,backscatter|blur|color|ripple,0.4887,1.0511,1.1053,51.9513,185.244,0.2172,1.9392,1.448,1.9791,2.3725,3.5196,6.1992,5,1.523,True,True,raw,HYDROSHIP-M5-C
medium/qr_C_m4_medium_033.png,medium,0.55,4,116,33,C,HYDROSHIP-M5-C,backscatter|blur|color|ripple,0.4533,1.0604,1.0254,57.8623,191.1636,0.204,1.8233,1.4879,2.1964,2.3604,1.004,1.198,5,1.5798,False,True,upscale,HYDROSHIP-M5-C
medium/qr_C_m4_medium_034.png,medium,0.55,4,116,34,C,HYDROSHIP-M5-C,backscatter|blur|color|ripple,0.5088,1.0289,1.0307,52.3349,215.1336,0.208,2.036,1.5048,2.1108,2.3708,2.4234,2.9444,5,1.71,True,True,raw,HYDROSHIP-M5-C
medium/qr_C_m4_medium_035.png,medium,0.55,4,116,35,C,HYDROSHIP-M5-C,backscatter|blur|color|ripple,0.4756,1.0397,1.1538,55.4479,211.8024,0.2243,1.9296,1.5747,2.022,2.5114,5.7798,0.7263,5,1.5631,True,True,raw,HYDROSHIP-M5-C
medium/qr_C_m4_medium_036.png,medium,0.55,4,116,36,C,HYDROSHIP-M5-C,backscatter|blur|color|ripple,0.4878,0.9758,1.1638,52.841,204.4778,0.2016,1.7509,1.4355,2.1838,2.2777,3.857,2.1431,5,1.5881,True,True,raw,HYDROSHIP-M5-C
medium/qr_C_m4_medium_037.png,medium,0.55,4,116,37,C,HYDROSHIP-M5-C,backscatter|blur|color|ripple,0.4779,1.0469,1.0675,52.3768,201.6926,0.215,1.9593,1.431,1.9744,2.2784,3.87,6.0409,5,1.6537,True,True,raw,HYDROSHIP-M5-C
medium/qr_C_m4_medium_038.png,medium,0.55,4,116,38,C,HYDROSHIP-M5-C,backscatter|blur|color|ripple,0.4969,1.1092,1.0541,56.901,188.5673,0.215,1.9429,1.5671,2.1628,2.4333,3.1143,2.8273,5,1.599,True,True,raw,HYDROSHIP-M5-C
medium/qr_C_m4_medium_039.png,medium,0.55,4,116,39,C,HYDROSHIP-M5-C,backscatter|blur|color|ripple,0.469,0.952,1.0764,57.7847,191.6549,0.2149,2.0043,1.3669,2.2621,2.613,1.6376,4.8321,5,1.7107,False,False,fail,
medium/qr_C_m4_medium_040.png,medium,0.55,4,116,40,C,HYDROSHIP-M5-C,backscatter|blur|color|ripple,0.5104,1.1049,1.0309,51.5039,206.6322,0.2244,2.0152,1.3735,2.0992,2.3385,4.5589,5.458,5,1.5518,True,True,raw,HYDROSHIP-M5-C
medium/qr_C_m4_medium_041.png,medium,0.55,4,116,41,C,HYDROSHIP-M5-C,backscatter|blur|color|ripple,0.5169,1.0638,1.0377,50.82,191.5016,0.2271,1.9371,1.4159,2.1435,2.4887,5.0515,2.7673,5,1.7651,False,True,clahe,HYDROSHIP-M5-C
medium/qr_C_m4_medium_042.png,medium,0.55,4,116,42,C,HYDROSHIP-M5-C,backscatter|blur|color|ripple,0.5037,1.0024,1.1024,52.4323,207.9088,0.1988,1.8337,1.5514,2.097,2.3086,0.9256,4.9421,5,1.5991,True,True,raw,HYDROSHIP-M5-C
medium/qr_C_m4_medium_043.png,medium,0.55,4,116,43,C,HYDROSHIP-M5-C,backscatter|blur|color|ripple,0.5162,1.0302,1.0674,52.6808,204.8753,0.2054,1.8624,1.5519,2.0257,2.499,0.1575,1.5679,5,1.6021,True,True,raw,HYDROSHIP-M5-C
medium/qr_C_m4_medium_044.png,medium,0.55,4,116,44,C,HYDROSHIP-M5-C,backscatter|blur|color|ripple,0.4813,0.9779,1.1675,52.8842,199.3699,0.2196,2.0173,1.4462,2.0327,2.3321,0.4128,1.6986,5,1.6389,True,True,raw,HYDROSHIP-M5-C
medium/qr_C_m4_medium_045.png,medium,0.55,4,116,45,C,HYDROSHIP-M5-C,backscatter|blur|color|ripple,0.5126,1.033,1.1065,58.473,208.0791,0.2134,2.0294,1.4333,1.979,2.3877,2.1206,5.7339,5,1.7812,False,True,upscale,HYDROSHIP-M5-C
medium/qr_C_m4_medium_046.png,medium,0.55,4,116,46,C,HYDROSHIP-M5-C,backscatter|blur|color|ripple,0.5119,1.0932,1.0187,56.9883,198.6336,0.2108,1.8821,1.5706,2.1848,2.2734,0.2457,1.8556,5,1.6904,False,True,upscale,HYDROSHIP-M5-C
medium/qr_C_m4_medium_047.png,medium,0.55,4,116,47,C,HYDROSHIP-M5-C,backscatter|blur|color|ripple,0.4666,0.9544,1.1225,52.1701,209.0772,0.2017,2.0312,1.3656,2.1605,2.2759,4.9878,2.2519,5,1.5766,False,True,clahe,HYDROSHIP-M5-C
medium/qr_C_m4_medium_048.png,medium,0.55,4,116,48,C,HYDROSHIP-M5-C,backscatter|blur|color|ripple,0.524,1.0896,1.0421,50.2463,215.6988,0.2268,1.968,1.4764,1.9833,2.6336,0.1362,0.9759,5,1.7336,True,True,raw,HYDROSHIP-M5-C
medium/qr_C_m4_medium_049.png,medium,0.55,4,116,49,C,HYDROSHIP-M5-C,backscatter|blur|color|ripple,0.529,0.9725,1.0942,56.673,197.2421,0.2108,1.8457,1.4851,2.0916,2.5702,4.7402,4.8083,5,1.755,True,True,raw,HYDROSHIP-M5-C
medium/qr_C_m4_medium_050.png,medium,0.55,4,116,50,C,HYDROSHIP-M5-C,backscatter|blur|color|ripple,0.518,1.0861,1.1737,50.7768,196.8338,0.2171,1.8458,1.4122,2.1891,2.3037,0.061,5.2664,5,1.7078,True,True,raw,HYDROSHIP-M5-C
medium/qr_C_m4_medium_051.png,medium,0.55,4,116,51,C,HYDROSHIP-M5-C,backscatter|blur|color|ripple,0.4689,1.0843,1.1679,57.8936,207.1448,0.2115,2.0249,1.4822,2.2253,2.5735,2.5772,5.856,5,1.5504,True,True,raw,HYDROSHIP-M5-C
medium/qr_C_m4_medium_052.png,medium,0.55,4,116,52,C,HYDROSHIP-M5-C,backscatter|blur|color|ripple,0.5189,1.0606,1.154,51.7627,191.0364,0.2236,1.9114,1.5187,2.0513,2.2799,2.8414,3.9174,5,1.6549,True,True,raw,HYDROSHIP-M5-C
medium/qr_C_m4_medium_053.png,medium,0.55,4,116,53,C,HYDROSHIP-M5-C,backscatter|blur|color|ripple,0.4871,1.1069,1.1743,52.0261,215.3006,0.2123,1.929,1.4264,2.1415,2.6127,2.2036,3.3267,5,1.585,True,True,raw,HYDROSHIP-M5-C
medium/qr_C_m4_medium_054.png,medium,0.55,4,116,54,C,HYDROSHIP-M5-C,backscatter|blur|color|ripple,0.476,0.9653,1.0427,55.3472,201.429,0.2207,1.9338,1.4112,2.1693,2.5332,0.6537,1.604,5,1.5314,False,False,fail,
medium/qr_C_m4_medium_055.png,medium,0.55,4,116,55,C,HYDROSHIP-M5-C,backscatter|blur|color|ripple,0.49,0.9455,1.1294,50.5127,198.3839,0.2274,1.7714,1.4989,2.2477,2.3354,6.124,2.7412,5,1.7009,True,True,raw,HYDROSHIP-M5-C
medium/qr_C_m4_medium_056.png,medium,0.55,4,116,56,C,HYDROSHIP-M5-C,backscatter|blur|color|ripple,0.4618,0.9519,1.1036,55.9042,199.1765,0.2317,2.0402,1.4814,2.0915,2.3749,1.2115,0.3502,5,1.688,True,True,raw,HYDROSHIP-M5-C
medium/qr_C_m4_medium_057.png,medium,0.55,4,116,57,C,HYDROSHIP-M5-C,backscatter|blur|color|ripple,0.4606,1.0525,1.04,57.957,201.0417,0.2238,1.8364,1.552,2.2388,2.6081,5.5859,3.7054,5,1.7798,True,True,raw,HYDROSHIP-M5-C
medium/qr_C_m4_medium_058.png,medium,0.55,4,116,58,C,HYDROSHIP-M5-C,backscatter|blur|color|ripple,0.4943,1.1013,1.0447,50.5945,198.4093,0.2098,2.0419,1.4795,1.9959,2.6051,1.4233,4.5299,5,1.7828,False,True,upscale,HYDROSHIP-M5-C
medium/qr_C_m4_medium_059.png,medium,0.55,4,116,59,C,HYDROSHIP-M5-C,backscatter|blur|color|ripple,0.5311,0.9989,1.0291,53.9039,196.8651,0.2096,1.8395,1.3781,1.967,2.4182,3.7911,5.6347,5,1.5338,True,True,raw,HYDROSHIP-M5-C
medium/qr_C_m4_medium_060.png,medium,0.55,4,116,60,C,HYDROSHIP-M5-C,backscatter|blur|color|ripple,0.4671,0.9787,1.0411,51.5404,188.0296,0.2245,1.8067,1.5238,2.1208,2.3876,0.0994,1.9287,5,1.7525,True,True,raw,HYDROSHIP-M5-C
medium/qr_C_m4_medium_061.png,medium,0.55,4,116,61,C,HYDROSHIP-M5-C,backscatter|blur|color|ripple,0.4666,1.0213,1.1646,57.7108,207.183,0.2058,1.8038,1.5725,2.1536,2.4827,0.5084,0.8451,5,1.7564,True,True,raw,HYDROSHIP-M5-C
medium/qr_C_m4_medium_062.png,medium,0.55,4,116,62,C,HYDROSHIP-M5-C,backscatter|blur|color|ripple,0.4615,0.9964,1.1408,50.4341,215.6165,0.2205,1.7565,1.3497,2.0513,2.3362,4.7188,0.3649,5,1.7521,True,True,raw,HYDROSHIP-M5-C
medium/qr_C_m4_medium_063.png,medium,0.55,4,116,63,C,HYDROSHIP-M5-C,backscatter|blur|color|ripple,0.5295,0.9461,1.0832,53.8147,200.7005,0.2164,1.854,1.4903,2.2604,2.6475,1.0455,5.5842,5,1.5439,False,False,fail,
medium/qr_C_m4_medium_064.png,medium,0.55,4,116,64,C,HYDROSHIP-M5-C,backscatter|blur|color|ripple,0.5064,1.0584,1.1272,55.4682,209.1641,0.2207,1.8635,1.3602,2.1637,2.6477,0.576,0.8502,5,1.5639,True,True,raw,HYDROSHIP-M5-C
medium/qr_C_m4_medium_065.png,medium,0.55,4,116,65,C,HYDROSHIP-M5-C,backscatter|blur|color|ripple,0.4573,1.011,1.1446,52.5938,210.8025,0.2283,1.9129,1.4435,2.0909,2.4639,0.9667,0.9561,5,1.574,False,True,upscale,HYDROSHIP-M5-C
medium/qr_C_m4_medium_066.png,medium,0.55,4,116,66,C,HYDROSHIP-M5-C,backscatter|blur|color|ripple,0.4694,1.0672,1.0431,51.56,215.7649,0.2328,1.8615,1.5761,2.0881,2.5507,5.9838,2.2231,5,1.5474,True,True,raw,HYDROSHIP-M5-C
medium/qr_C_m4_medium_067.png,medium,0.55,4,116,67,C,HYDROSHIP-M5-C,backscatter|blur|color|ripple,0.4628,1.064,1.0564,54.4382,191.0084,0.2095,1.8297,1.4653,2.0422,2.4423,3.0537,0.1764,5,1.585,True,True,raw,HYDROSHIP-M5-C
medium/qr_C_m4_medium_068.png,medium,0.55,4,116,68,C,HYDROSHIP-M5-C,backscatter|blur|color|ripple,0.5114,0.9808,1.0148,53.2477,192.5551,0.2164,1.7992,1.4542,2.0553,2.555,3.222,1.0945,5,1.762,True,True,raw,HYDROSHIP-M5-C
medium/qr_C_m4_medium_069.png,medium,0.55,4,116,69,C,HYDROSHIP-M5-C,backscatter|blur|color|ripple,0.5009,1.0837,1.0378,55.8678,214.8635,0.2152,1.7779,1.4084,2.1309,2.2864,5.4608,4.1306,5,1.7591,True,True,raw,HYDROSHIP-M5-C
medium/qr_C_m4_medium_070.png,medium,0.55,4,116,70,C,HYDROSHIP-M5-C,backscatter|blur|color|ripple,0.5067,0.9626,1.1256,58.4352,193.9188,0.2075,1.884,1.4163,2.089,2.5355,5.577,0.8186,5,1.6109,True,True,raw,HYDROSHIP-M5-C
medium/qr_C_m4_medium_071.png,medium,0.55,4,116,71,C,HYDROSHIP-M5-C,backscatter|blur|color|ripple,0.4798,1.0081,1.0968,57.8433,200.4458,0.2327,1.7564,1.5065,1.9573,2.4812,1.6969,1.8903,5,1.638,True,True,raw,HYDROSHIP-M5-C
medium/qr_C_m4_medium_072.png,medium,0.55,4,116,72,C,HYDROSHIP-M5-C,backscatter|blur|color|ripple,0.4961,0.9993,1.1721,50.612,194.1917,0.2324,1.8796,1.478,2.2182,2.5071,3.667,2.9001,5,1.5523,False,True,clahe,HYDROSHIP-M5-C
medium/qr_C_m4_medium_073.png,medium,0.55,4,116,73,C,HYDROSHIP-M5-C,backscatter|blur|color|ripple,0.4599,0.9933,1.029,52.7207,209.8508,0.2118,2.046,1.5768,2.0146,2.3345,6.2619,6.2428,5,1.759,True,True,raw,HYDROSHIP-M5-C
medium/qr_C_m4_medium_074.png,medium,0.55,4,116,74,C,HYDROSHIP-M5-C,backscatter|blur|color|ripple,0.4911,1.0292,1.0176,52.6269,209.5555,0.2041,2.037,1.5061,2.1493,2.4879,6.158,2.0307,5,1.7033,True,True,raw,HYDROSHIP-M5-C
medium/qr_C_m4_medium_075.png,medium,0.55,4,116,75,C,HYDROSHIP-M5-C,backscatter|blur|color|ripple,0.5181,1.0704,1.0176,55.4397,199.3811,0.2252,1.8143,1.4956,2.0651,2.4933,6.0336,3.643,5,1.5279,True,True,raw,HYDROSHIP-M5-C
medium/qr_C_m4_medium_076.png,medium,0.55,4,116,76,C,HYDROSHIP-M5-C,backscatter|blur|color|ripple,0.463,0.973,1.0161,55.5877,189.2168,0.2259,1.7777,1.5542,2.0533,2.615,4.0456,1.2404,5,1.6448,True,True,raw,HYDROSHIP-M5-C
medium/qr_C_m4_medium_077.png,medium,0.55,4,116,77,C,HYDROSHIP-M5-C,backscatter|blur|color|ripple,0.5288,1.0494,1.1692,56.3844,209.3033,0.2206,1.9266,1.5541,2.1674,2.4044,2.4739,4.7823,5,1.6635,True,True,raw,HYDROSHIP-M5-C
medium/qr_C_m4_medium_078.png,medium,0.55,4,116,78,C,HYDROSHIP-M5-C,backscatter|blur|color|ripple,0.5238,0.9619,1.1858,50.128,186.3021,0.221,1.8074,1.578,2.0712,2.38,0.4849,4.3869,5,1.5594,True,True,raw,HYDROSHIP-M5-C
medium/qr_C_m4_medium_079.png,medium,0.55,4,116,79,C,HYDROSHIP-M5-C,backscatter|blur|color|ripple,0.4803,1.0187,1.1026,53.9825,186.5377,0.2272,1.8677,1.518,2.1953,2.5341,3.6408,3.4603,5,1.6138,True,True,raw,HYDROSHIP-M5-C
medium/qr_C_m4_medium_080.png,medium,0.55,4,116,80,C,HYDROSHIP-M5-C,backscatter|blur|color|ripple,0.5257,0.9917,1.0568,54.0367,184.7322,0.2087,2.0043,1.4255,2.1907,2.444,3.5037,2.8815,5,1.5928,True,True,raw,HYDROSHIP-M5-C
medium/qr_C_m4_medium_081.png,medium,0.55,4,116,81,C,HYDROSHIP-M5-C,backscatter|blur|color|ripple,0.5149,1.05,1.1265,58.1775,206.0455,0.2316,1.7684,1.431,2.2359,2.2834,3.0727,2.5982,5,1.6925,True,True,raw,HYDROSHIP-M5-C
medium/qr_C_m4_medium_082.png,medium,0.55,4,116,82,C,HYDROSHIP-M5-C,backscatter|blur|color|ripple,0.5092,1.0607,1.1369,56.986,193.4575,0.2276,1.9527,1.511,2.2645,2.3636,1.1977,1.9029,5,1.5519,False,False,fail,
medium/qr_C_m4_medium_083.png,medium,0.55,4,116,83,C,HYDROSHIP-M5-C,backscatter|blur|color|ripple,0.4869,1.0036,1.0179,53.8128,205.5656,0.2324,2.0095,1.3626,1.9699,2.5849,5.84,1.5276,5,1.6652,True,True,raw,HYDROSHIP-M5-C
deep/qr_C_m4_deep_000.png,deep,0.85,4,116,0,C,HYDROSHIP-M5-C,backscatter|blur|color|ripple,0.2829,1.0321,1.1173,82.3691,188.5479,0.3079,2.5616,2.1583,2.5532,3.1725,3.7899,4.1603,5,2.1614,False,True,clahe,HYDROSHIP-M5-C
deep/qr_C_m4_deep_001.png,deep,0.85,4,116,1,C,HYDROSHIP-M5-C,backscatter|blur|color|ripple,0.2806,1.0084,1.2224,77.6069,170.5198,0.3362,2.8533,2.2294,2.6938,3.1504,4.3018,1.5472,5,2.2963,False,True,clahe,HYDROSHIP-M5-C
deep/qr_C_m4_deep_002.png,deep,0.85,4,116,2,C,HYDROSHIP-M5-C,backscatter|blur|color|ripple,0.285,0.9682,1.2206,80.6735,171.9148,0.3102,2.9126,2.2086,2.909,3.2231,5.9864,0.8331,5,2.4384,False,False,fail,
deep/qr_C_m4_deep_003.png,deep,0.85,4,116,3,C,HYDROSHIP-M5-C,backscatter|blur|color|ripple,0.2905,0.9855,1.1695,79.0712,187.947,0.3254,2.5576,2.0154,2.8782,3.098,0.268,3.2337,5,2.3934,False,False,fail,
deep/qr_C_m4_deep_004.png,deep,0.85,4,116,4,C,HYDROSHIP-M5-C,backscatter|blur|color|ripple,0.2942,1.0394,1.1461,75.8614,169.7131,0.3209,2.7002,2.2803,2.5144,2.9429,0.501,5.2989,5,2.3466,False,False,fail,
deep/qr_C_m4_deep_005.png,deep,0.85,4,116,5,C,HYDROSHIP-M5-C,backscatter|blur|color|ripple,0.297,0.9725,1.088,80.3587,173.4838,0.3065,2.8722,2.0968,2.5077,3.103,1.8712,0.7146,5,2.1972,True,True,raw,HYDROSHIP-M5-C
deep/qr_C_m4_deep_006.png,deep,0.85,4,116,6,C,HYDROSHIP-M5-C,backscatter|blur|color|ripple,0.2947,1.1036,1.1095,76.7045,169.7678,0.2953,2.7068,2.3089,2.7956,3.1283,3.8972,1.4811,5,2.1194,True,True,raw,HYDROSHIP-M5-C
deep/qr_C_m4_deep_007.png,deep,0.85,4,116,7,C,HYDROSHIP-M5-C,backscatter|blur|color|ripple,0.3139,0.9731,1.1917,83.9098,176.3557,0.3159,2.6009,2.2014,2.681,3.3529,3.8007,1.4241,5,2.3697,False,True,upscale,HYDROSHIP-M5-C
deep/qr_C_m4_deep_008.png,deep,0.85,4,116,8,C,HYDROSHIP-M5-C,backscatter|blur|color|ripple,0.2814,0.9836,1.1592,77.854,185.0927,0.2916,2.8213,2.0307,2.727,2.9292,4.6909,1.6141,5,2.1697,False,False,fail,
deep/qr_C_m4_deep_009.png,deep,0.85,4,116,9,C,HYDROSHIP-M5-C,backscatter|blur|color|ripple,0.2985,1.1109,1.1638,76.7306,188.3423,0.2899,2.898,2.2323,2.5277,3.2025,2.0824,5.525,5,2.3877,True,True,raw,HYDROSHIP-M5-C
deep/qr_C_m4_deep_010.png,deep,0.85,4,116,10,C,HYDROSHIP-M5-C,backscatter|blur|color|ripple,0.2877,1.0387,1.2289,83.6039,175.9828,0.3308,2.7321,2.1034,2.6555,3.0447,4.0266,5.8237,5,2.1535,True,True,raw,HYDROSHIP-M5-C
deep/qr_C_m4_deep_011.png,deep,0.85,4,116,11,C,HYDROSHIP-M5-C,backscatter|blur|color|ripple,0.3097,1.1064,1.1638,82.4036,171.2545,0.3223,2.6467,2.1514,2.6641,3.1869,2.9036,3.5415,5,2.2108,False,False,fail,
deep/qr_C_m4_deep_012.png,deep,0.85,4,116,12,C,HYDROSHIP-M5-C,backscatter|blur|color|ripple,0.275,0.9893,1.1238,80.0748,182.9549,0.3159,2.5628,2.129,2.7411,3.0792,2.8605,3.7715,5,2.3305,False,False,fail,
deep/qr_C_m4_deep_013.png,deep,0.85,4,116,13,C,HYDROSHIP-M5-C,backscatter|blur|color|ripple,0.3022,1.0345,1.229,76.1433,162.0936,0.3173,2.8741,2.3149,2.7417,3.4061,4.1056,4.1387,5,2.3187,False,True,upscale,HYDROSHIP-M5-C
deep/qr_C_m4_deep_014.png,deep,0.85,4,116,14,C,HYDROSHIP-M5-C,backscatter|blur|color|ripple,0.3082,0.985,1.1652,74.6164,161.148,0.2944,2.926,2.2356,2.6049,3.3227,5.2577,5.8429,5,2.2966,False,False,fail,
deep/qr_C_m4_deep_015.png,deep,0.85,4,116,15,C,HYDROSHIP-M5-C,backscatter|blur|color|ripple,0.275,0.9886,1.2071,75.3016,179.6161,0.2968,2.9712,2.3204,2.5341,2.9102,1.5501,1.6455,5,2.4645,True,True,raw,HYDROSHIP-M5-C
deep/qr_C_m4_deep_016.png,deep,0.85,4,116,16,C,HYDROSHIP-M5-C,backscatter|blur|color|ripple,0.3001,1.0447,1.1182,84.5767,186.0177,0.2876,2.6348,2.1882,2.5296,3.3919,0.4032,1.3661,5,2.1045,False,True,clahe,HYDROSHIP-M5-C
deep/qr_C_m4_deep_017.png,deep,0.85,4,116,17,C,HYDROSHIP-M5-C,backscatter|blur|color|ripple,0.2939,1.0914,1.0749,76.1429,165.6069,0.3201,2.6279,2.3042,2.8557,3.1822,0.8971,5.0413,5,2.1357,True,True,raw,HYDROSHIP-M5-C
deep/qr_C_m4_deep_018.png,deep,0.85,4,116,18,C,HYDROSHIP-M5-C,backscatter|blur|color|ripple,0.2872,1.0178,1.1017,76.7172,182.8644,0.3233,2.8059,2.1691,2.5648,3.107,3.2301,1.1034,5,2.1572,False,False,fail,
deep/qr_C_m4_deep_019.png,deep,0.85,4,116,19,C,HYDROSHIP-M5-C,backscatter|blur|color|ripple,0.2811,1.0583,1.1628,79.4469,182.3855,0.2936,2.8522,2.032,2.6764,3.1917,1.4623,4.9464,5,2.1617,True,True,raw,HYDROSHIP-M5-C
deep/qr_C_m4_deep_020.png,deep,0.85,4,116,20,C,HYDROSHIP-M5-C,backscatter|blur|color|ripple,0.3147,0.9952,1.2033,82.7847,187.3823,0.3315,2.6926,2.0382,2.6403,3.3925,4.7503,1.7735,5,2.3674,True,True,raw,HYDROSHIP-M5-C
deep/qr_C_m4_deep_021.png,deep,0.85,4,116,21,C,HYDROSHIP-M5-C,backscatter|blur|color|ripple,0.3095,1.0792,1.0779,75.4046,173.5525,0.303,2.7041,2.0196,2.5174,3.153,4.1901,5.5399,5,2.1665,False,False,fail,
deep/qr_C_m4_deep_022.png,deep,0.85,4,116,22,C,HYDROSHIP-M5-C,backscatter|blur|color|ripple,0.2774,1.0552,1.1181,74.3116,182.8407,0.3361,2.9572,2.2876,2.4907,3.3899,4.385,2.8501,5,2.2071,False,False,fail,
deep/qr_C_m4_deep_023.png,deep,0.85,4,116,23,C,HYDROSHIP-M5-C,backscatter|blur|color|ripple,0.3067,1.062,1.2364,82.5883,183.5697,0.3029,2.7898,2.2807,2.6194,3.3189,4.9897,5.6888,5,2.2939,True,True,raw,HYDROSHIP-M5-C
deep/qr_C_m4_deep_024.png,deep,0.85,4,116,24,C,HYDROSHIP-M5-C,backscatter|blur|color|ripple,0.3007,1.1085,1.0884,78.8638,183.2456,0.3293,2.8727,2.1543,2.7718,2.989,5.9726,1.4102,5,2.4365,False,False,fail,
deep/qr_C_m4_deep_025.png,deep,0.85,4,116,25,C,HYDROSHIP-M5-C,backscatter|blur|color|ripple,0.2988,1.1084,1.1107,75.1358,166.5788,0.2981,2.8668,2.14,2.7728,3.3698,0.1454,2.3296,5,2.2963,False,False,fail,
deep/qr_C_m4_deep_026.png,deep,0.85,4,116,26,C,HYDROSHIP-M5-C,backscatter|blur|color|ripple,0.2775,1.0509,1.1654,81.6789,183.7618,0.3256,2.8171,2.152,2.4994,3.287,4.0413,2.0421,5,2.4285,False,False,fail,
deep/qr_C_m4_deep_027.png,deep,0.85,4,116,27,C,HYDROSHIP-M5-C,backscatter|blur|color|ripple,0.3125,1.0416,1.1907,83.607,182.1184,0.307,2.7448,2.3076,2.5207,3.3458,1.6531,5.3445,5,2.1258,False,True,clahe,HYDROSHIP-M5-C
deep/qr_C_m4_deep_028.png,deep,0.85,4,116,28,C,HYDROSHIP-M5-C,backscatter|blur|color|ripple,0.2888,1.0129,1.1894,83.1633,161.6818,0.2893,2.9442,2.2228,2.6412,3.2202,4.7049,2.0847,5,2.3632,True,True,raw,HYDROSHIP-M5-C
deep/qr_C_m4_deep_029.png,deep,0.85,4,116,29,C,HYDROSHIP-M5-C,backscatter|blur|color|ripple,0.2757,1.0374,1.1536,83.0731,162.9541,0.2881,2.5889,1.9839,2.7774,3.4006,0.2998,3.3964,5,2.2316,False,False,fail,
deep/qr_C_m4_deep_030.png,deep,0.85,4,116,30,C,HYDROSHIP-M5-C,backscatter|blur|color|ripple,0.2928,0.9649,1.2112,74.9031,177.4231,0.2878,2.8314,2.2268,2.5838,3.0273,2.9903,0.8455,5,2.1723,False,False,fail,
deep/qr_C_m4_deep_031.png,deep,0.85,4,116,31,C,HYDROSHIP-M5-C,backscatter|blur|color|ripple,0.2944,1.008,1.2018,76.1516,161.1036,0.3239,2.8255,2.0306,2.6499,3.3136,5.9403,4.4234,5,2.3496,False,False,fail,
deep/qr_C_m4_deep_032.png,deep,0.85,4,116,32,C,HYDROSHIP-M5-C,backscatter|blur|color|ripple,0.2969,1.0956,1.1385,84.518,166.5602,0.3029,2.7906,2.0756,2.6578,3.1595,5.2376,1.1703,5,2.3856,False,False,fail,
deep/qr_C_m4_deep_033.png,deep,0.85,4,116,33,C,HYDROSHIP-M5-C,backscatter|blur|color|ripple,0.2907,0.9753,1.1067,74.6217,169.1633,0.3037,2.7074,2.0028,2.6288,3.1745,0.6481,3.3225,5,2.3406,False,False,fail,
deep/qr_C_m4_deep_034.png,deep,0.85,4,116,34,C,HYDROSHIP-M5-C,backscatter|blur|color|ripple,0.3164,0.9594,1.1762,73.6838,187.9104,0.3282,2.8607,2.2136,2.6777,3.2021,5.2975,2.9378,5,2.1355,False,False,fail,
deep/qr_C_m4_deep_035.png,deep,0.85,4,116,35,C,HYDROSHIP-M5-C,backscatter|blur|color|ripple,0.2756,0.9649,1.1696,83.1297,174.2248,0.3103,2.9806,1.9906,2.7702,3.2662,2.6169,4.5945,5,2.2805,False,False,fail,
deep/qr_C_m4_deep_036.png,deep,0.85,4,116,36,C,HYDROSHIP-M5-C,backscatter|blur|color|ripple,0.3137,1.0956,1.0694,74.0117,172.8427,0.3257,2.8884,2.2915,2.6811,3.2362,2.5617,5.8812,5,2.4331,False,False,fail,
deep/qr_C_m4_deep_037.png,deep,0.85,4,116,37,C,HYDROSHIP-M5-C,backscatter|blur|color|ripple,0.2919,1.0086,1.2254,75.0514,161.2137,0.2923,2.904,2.0806,2.6016,3.0689,1.0079,3.5217,5,2.3294,False,True,upscale,HYDROSHIP-M5-C
deep/qr_C_m4_deep_038.png,deep,0.85,4,116,38,C,HYDROSHIP-M5-C,backscatter|blur|color|ripple,0.3208,0.9938,1.1492,82.9645,179.1194,0.3275,2.6454,2.2071,2.6833,3.2991,5.3089,0.6828,5,2.2249,False,False,fail,
deep/qr_C_m4_deep_039.png,deep,0.85,4,116,39,C,HYDROSHIP-M5-C,backscatter|blur|color|ripple,0.3123,1.0641,1.1413,74.5037,176.9182,0.2876,2.6774,2.1019,2.851,3.3964,1.1366,6.1292,5,2.3164,False,False,fail,
deep/qr_C_m4_deep_040.png,deep,0.85,4,116,40,C,HYDROSHIP-M5-C,backscatter|blur|color|ripple,0.3023,1.1047,1.1316,81.6969,184.612,0.3319,2.7503,2.1725,2.7914,3.0229,3.5655,6.0774,5,2.4566,False,False,fail,
deep/qr_C_m4_deep_041.png,deep,0.85,4,116,41,C,HYDROSHIP-M5-C,backscatter|blur|color|ripple,0.297,1.041,1.1039,83.2296,187.8032,0.322,2.633,2.0627,2.6075,3.324,5.5653,4.6066,5,2.4596,False,False,fail,
deep/qr_C_m4_deep_042.png,deep,0.85,4,116,42,C,HYDROSHIP-M5-C,backscatter|blur|color|ripple,0.2906,1.1119,1.1694,75.9442,173.5501,0.2934,2.8383,2.2486,2.7552,3.0822,4.8374,6.1974,5,2.3301,False,False,fail,
deep/qr_C_m4_deep_043.png,deep,0.85,4,116,43,C,HYDROSHIP-M5-C,backscatter|blur|color|ripple,0.3182,1.038,1.2434,78.5137,176.2681,0.3126,2.6492,2.2951,2.6061,2.929,2.7378,0.9706,5,2.3098,False,False,fail,
deep/qr_C_m4_deep_044.png,deep,0.85,4,116,44,C,HYDROSHIP-M5-C,backscatter|blur|color|ripple,0.2905,1.006,1.1932,76.0775,184.9104,0.3333,2.8629,2.2897,2.6916,3.2979,1.1458,4.0769,5,2.2121,True,True,raw,HYDROSHIP-M5-C
deep/qr_C_m4_deep_045.png,deep,0.85,4,116,45,C,HYDROSHIP-M5-C,backscatter|blur|color|ripple,0.3025,1.106,1.2417,74.5144,180.6734,0.2993,2.7414,2.2209,2.6135,3.0052,3.3801,4.5848,5,2.4463,False,False,fail,
deep/qr_C_m4_deep_046.png,deep,0.85,4,116,46,C,HYDROSHIP-M5-C,backscatter|blur|color|ripple,0.2788,1.0927,1.1454,77.4706,165.3238,0.3274,2.8238,2.1183,2.8834,3.3142,1.9531,0.8268,5,2.274,False,False,fail,
deep/qr_C_m4_deep_047.png,deep,0.85,4,116,47,C,HYDROSHIP-M5-C,backscatter|blur|color|ripple,0.3179,1.0486,1.215,77.3092,175.4372,0.2988,2.6938,2.1803,2.6672,3.0908,3.2579,2.8529,5,2.4592,False,False,fail,
deep/qr_C_m4_deep_048.png,deep,0.85,4,116,48,C,HYDROSHIP-M5-C,backscatter|blur|color|ripple,0.3044,1.0006,1.1504,74.5893,178.6708,0.2951,2.6656,2.2847,2.5155,3.3881,2.9572,2.6213,5,2.2009,False,False,fail,
deep/qr_C_m4_deep_049.png,deep,0.85,4,116,49,C,HYDROSHIP-M5-C,backscatter|blur|color|ripple,0.2875,1.037,1.0747,75.1085,175.5737,0.318,2.8642,2.1228,2.5322,3.308,1.5664,3.1774,5,2.174,False,True,clahe,HYDROSHIP-M5-C
deep/qr_C_m4_deep_050.png,deep,0.85,4,116,50,C,HYDROSHIP-M5-C,backscatter|blur|color|ripple,0.3016,0.9852,1.0779,82.3511,161.465,0.292,2.6889,2.2992,2.8152,2.9648,1.286,0.7832,5,2.4258,True,True,raw,HYDROSHIP-M5-C
deep/qr_C_m4_deep_051.png,deep,0.85,4,116,51,C,HYDROSHIP-M5-C,backscatter|blur|color|ripple,0.2982,1.0643,1.1987,84.0765,182.9343,0.3302,2.7996,2.3207,2.5219,3.3366,3.0797,5.475,5,2.1882,False,False,fail,
deep/qr_C_m4_deep_052.png,deep,0.85,4,116,52,C,HYDROSHIP-M5-C,backscatter|blur|color|ripple,0.3075,1.0815,1.2271,74.2144,168.426,0.3159,2.7212,2.2597,2.6872,3.3198,2.4056,2.1326,5,2.3958,False,False,fail,
deep/qr_C_m4_deep_053.png,deep,0.85,4,116,53,C,HYDROSHIP-M5-C,backscatter|blur|color|ripple,0.2769,1.0973,1.1582,75.605,175.1926,0.3075,2.8927,2.1846,2.487,3.1996,1.2053,4.211,5,2.2004,False,False,fail,
deep/qr_C_m4_deep_054.png,deep,0.85,4,116,54,C,HYDROSHIP-M5-C,backscatter|blur|color|ripple,0.3188,0.9978,1.0629,75.4106,165.6366,0.2967,2.6238,2.0323,2.7752,3.0606,2.5154,5.6194,5,2.2808,False,False,fail,
deep/qr_C_m4_deep_055.png,deep,0.85,4,116,55,C,HYDROSHIP-M5-C,backscatter|blur|color|ripple,0.2803,1.1024,1.1922,84.8074,165.0618,0.3005,2.8598,2.19,2.6865,3.3695,2.783,2.4376,5,2.4231,False,False,fail,
deep/qr_C_m4_deep_056.png,deep,0.85,4,116,56,C,HYDROSHIP-M5-C,backscatter|blur|color|ripple,0.3207,1.0773,1.0985,80.7087,183.1209,0.3083,2.6088,2.0581,2.5351,3.2868,0.8531,5.4253,5,2.1727,False,False,fail,
deep/qr_C_m4_deep_057.png,deep,0.85,4,116,57,C,HYDROSHIP-M5-C,backscatter|blur|color|ripple,0.3102,1.002,1.1289,77.4197,183.0145,0.3208,2.8126,2.2941,2.7382,3.1306,0.6681,5.0817,5,2.3902,False,True,upscale,HYDROSHIP-M5-C
deep/qr_C_m4_deep_058.png,deep,0.85,4,116,58,C,HYDROSHIP-M5-C,backscatter|blur|color|ripple,0.2961,1.1159,1.1897,77.3064,162.6541,0.3124,2.7388,2.2741,2.7304,3.0887,3.6096,2.8223,5,2.2964,False,False,fail,
deep/qr_C_m4_deep_059.png,deep,0.85,4,116,59,C,HYDROSHIP-M5-C,backscatter|blur|color|ripple,0.2853,1.0395,1.1667,77.7744,162.0843,0.3244,2.6681,2.2371,2.54,3.2114,5.6972,5.6115,5,2.315,False,False,fail,
deep/qr_C_m4_deep_060.png,deep,0.85,4,116,60,C,HYDROSHIP-M5-C,backscatter|blur|color|ripple,0.3197,0.9943,1.2189,74.2228,162.8103,0.2967,2.6473,2.1452,2.9127,3.0752,3.5681,1.532,5,2.4665,True,True,raw,HYDROSHIP-M5-C
deep/qr_C_m4_deep_061.png,deep,0.85,4,116,61,C,HYDROSHIP-M5-C,backscatter|blur|color|ripple,0.3153,0.96,1.1246,81.1204,176.8667,0.298,2.8444,2.2981,2.6147,3.003,2.5157,3.1863,5,2.3872,False,False,fail,
deep/qr_C_m4_deep_062.png,deep,0.85,4,116,62,C,HYDROSHIP-M5-C,backscatter|blur|color|ripple,0.318,1.0366,1.0644,76.513,176.7365,0.3024,2.5619,2.06,2.5363,3.0396,5.1242,6.1445,5,2.3754,True,True,raw,HYDROSHIP-M5-C
deep/qr_C_m4_deep_063.png,deep,0.85,4,116,63,C,HYDROSHIP-M5-C,backscatter|blur|color|ripple,0.3204,0.9841,1.0637,77.3018,163.5113,0.3167,2.6117,2.1915,2.5383,3.1768,4.1779,2.9365,5,2.2557,False,False,fail,
deep/qr_C_m4_deep_064.png,deep,0.85,4,116,64,C,HYDROSHIP-M5-C,backscatter|blur|color|ripple,0.2803,1.0692,1.1735,76.2692,178.1836,0.331,2.6846,1.9974,2.6907,3.1554,1.047,3.4861,5,2.1832,True,True,raw,HYDROSHIP-M5-C
deep/qr_C_m4_deep_065.png,deep,0.85,4,116,65,C,HYDROSHIP-M5-C,backscatter|blur|color|ripple,0.2875,1.1111,1.2334,75.5427,181.9686,0.3269,2.8298,2.2134,2.6455,3.0461,1.9302,5.826,5,2.2036,False,True,upscale,HYDROSHIP-M5-C
deep/qr_C_m4_deep_066.png,deep,0.85,4,116,66,C,HYDROSHIP-M5-C,backscatter|blur|color|ripple,0.2791,0.9941,1.089,82.1202,188.435,0.3099,2.5723,2.2651,2.5572,2.911,3.662,0.3953,5,2.2838,False,True,upscale,HYDROSHIP-M5-C
deep/qr_C_m4_deep_067.png,deep,0.85,4,116,67,C,HYDROSHIP-M5-C,backscatter|blur|color|ripple,0.2982,1.1105,1.1604,77.5766,180.0522,0.3055,2.6041,2.1464,2.5985,3.1075,3.1986,0.2717,5,2.4554,False,False,fail,
deep/qr_C_m4_deep_068.png,deep,0.85,4,116,68,C,HYDROSHIP-M5-C,backscatter|blur|color|ripple,0.2814,1.0352,1.0659,75.6383,185.0822,0.3049,2.8339,2.3063,2.6555,3.0215,2.0022,5.2189,5,2.3994,True,True,raw,HYDROSHIP-M5-C
deep/qr_C_m4_deep_069.png,deep,0.85,4,116,69,C,HYDROSHIP-M5-C,backscatter|blur|color|ripple,0.2817,0.9641,1.1659,77.7505,180.7572,0.3083,2.5994,2.2763,2.8397,3.3202,3.9211,3.3405,5,2.2378,True,True,raw,HYDROSHIP-M5-C
deep/qr_C_m4_deep_070.png,deep,0.85,4,116,70,C,HYDROSHIP-M5-C,backscatter|blur|color|ripple,0.3008,1.1046,1.1686,78.1988,162.1225,0.2896,2.6416,2.1268,2.505,3.0888,5.6435,0.7767,5,2.3737,False,False,fail,
deep/qr_C_m4_deep_071.png,deep,0.85,4,116,71,C,HYDROSHIP-M5-C,backscatter|blur|color|ripple,0.3199,1.0933,1.1599,77.409,169.3797,0.2882,2.6957,2.1526,2.7667,3.3122,4.8507,0.4164,5,2.1242,False,False,fail,
deep/qr_C_m4_deep_072.png,deep,0.85,4,116,72,C,HYDROSHIP-M5-C,backscatter|blur|color|ripple,0.2777,1.1226,1.0893,79.205,162.5639,0.2997,2.6552,2.2919,2.5905,3.1467,5.8309,4.1599,5,2.1671,False,False,fail,
deep/qr_C_m4_deep_073.png,deep,0.85,4,116,73,C,HYDROSHIP-M5-C,backscatter|blur|color|ripple,0.3151,1.0913,1.1292,85.1067,188.4304,0.2871,2.9524,2.1346,2.8251,3.2907,5.3063,0.233,5,2.2054,False,False,fail,
deep/qr_C_m4_deep_074.png,deep,0.85,4,116,74,C,HYDROSHIP-M5-C,backscatter|blur|color|ripple,0.2784,1.0928,1.2405,75.5031,185.5982,0.3115,2.8737,2.097,2.84,2.9036,0.3813,0.9103,5,2.3912,False,True,upscale,HYDROSHIP-M5-C
deep/qr_C_m4_deep_075.png,deep,0.85,4,116,75,C,HYDROSHIP-M5-C,backscatter|blur|color|ripple,0.2962,1.025,1.2187,74.8968,182.3615,0.2883,2.7869,2.2649,2.7684,3.3075,1.1344,1.08,5,2.22,False,True,upscale,HYDROSHIP-M5-C
deep/qr_C_m4_deep_076.png,deep,0.85,4,116,76,C,HYDROSHIP-M5-C,backscatter|blur|color|ripple,0.3038,1.0352,1.1929,78.8763,176.1702,0.2934,2.873,2.2459,2.8465,3.3608,0.5527,2.0904,5,2.1436,False,False,fail,
deep/qr_C_m4_deep_077.png,deep,0.85,4,116,77,C,HYDROSHIP-M5-C,backscatter|blur|color|ripple,0.2965,1.0575,1.1932,80.1312,175.2035,0.3041,2.7414,2.2499,2.5128,3.3964,3.3404,1.4249,5,2.3623,False,False,fail,
deep/qr_C_m4_deep_078.png,deep,0.85,4,116,78,C,HYDROSHIP-M5-C,backscatter|blur|color|ripple,0.2945,0.9626,1.162,74.6079,181.2529,0.3174,2.7596,2.094,2.7212,3.1296,0.0498,2.9485,5,2.1914,False,False,fail,
deep/qr_C_m4_deep_079.png,deep,0.85,4,116,79,C,HYDROSHIP-M5-C,backscatter|blur|color|ripple,0.3072,0.9825,1.1194,75.4442,172.5877,0.321,2.7693,2.1014,2.6073,3.2809,5.0711,0.6247,5,2.3105,False,True,clahe,HYDROSHIP-M5-C
deep/qr_C_m4_deep_080.png,deep,0.85,4,116,80,C,HYDROSHIP-M5-C,backscatter|blur|color|ripple,0.2899,1.1208,1.1416,82.7317,166.1872,0.3063,2.9387,2.1404,2.4875,3.3021,2.0002,1.1562,5,2.2972,False,True,upscale,HYDROSHIP-M5-C
deep/qr_C_m4_deep_081.png,deep,0.85,4,116,81,C,HYDROSHIP-M5-C,backscatter|blur|color|ripple,0.2931,0.9981,1.1386,76.8993,178.0642,0.3062,2.8943,1.9858,2.8498,3.2162,5.3068,4.5837,5,2.1636,False,False,fail,
deep/qr_C_m4_deep_082.png,deep,0.85,4,116,82,C,HYDROSHIP-M5-C,backscatter|blur|color|ripple,0.2885,1.0854,1.1492,81.8216,181.5785,0.3142,2.5554,2.0713,2.8259,3.3798,5.1475,5.3496,5,2.2304,False,False,fail,
deep/qr_C_m4_deep_083.png,deep,0.85,4,116,83,C,HYDROSHIP-M5-C,backscatter|blur|color|ripple,0.308,0.9866,1.1168,84.7833,178.4794,0.3336,2.9449,2.265,2.7432,2.9244,3.6533,4.6556,5,2.2072,False,False,fail,
shallow/qr_C_m6_shallow_000.png,shallow,0.25,6,174,0,C,HYDROSHIP-M5-C,backscatter|blur|color|ripple,0.7062,1.0316,1.0078,27.2694,236.0449,0.1277,1.0122,0.8284,1.4986,1.6738,1.615,2.689,3,0.9833,True,True,raw,HYDROSHIP-M5-C
shallow/qr_C_m6_shallow_001.png,shallow,0.25,6,174,1,C,HYDROSHIP-M5-C,backscatter|blur|color|ripple,0.6439,1.0749,1.0346,28.5268,222.7859,0.1284,1.0744,0.7283,1.3981,1.7988,1.0831,2.5518,3,0.9889,True,True,raw,HYDROSHIP-M5-C
shallow/qr_C_m6_shallow_002.png,shallow,0.25,6,174,2,C,HYDROSHIP-M5-C,backscatter|blur|color|ripple,0.7093,0.9352,0.9688,28.8952,222.712,0.1131,0.9991,0.7821,1.6142,1.8424,3.5203,4.0106,3,1.0118,True,True,raw,HYDROSHIP-M5-C
shallow/qr_C_m6_shallow_003.png,shallow,0.25,6,174,3,C,HYDROSHIP-M5-C,backscatter|blur|color|ripple,0.6416,1.0412,0.9707,27.0129,239.7784,0.1132,0.9508,0.7463,1.5086,1.9073,5.5776,1.661,3,0.9493,True,True,raw,HYDROSHIP-M5-C
shallow/qr_C_m6_shallow_004.png,shallow,0.25,6,174,4,C,HYDROSHIP-M5-C,backscatter|blur|color|ripple,0.6589,0.9887,1.0578,30.0372,213.8136,0.1226,1.1029,0.7144,1.4223,1.663,0.4215,3.8815,3,1.0158,True,True,raw,HYDROSHIP-M5-C
shallow/qr_C_m6_shallow_005.png,shallow,0.25,6,174,5,C,HYDROSHIP-M5-C,backscatter|blur|color|ripple,0.7415,1.0474,0.9748,27.2464,222.1402,0.1192,1.0124,0.7467,1.3964,1.7978,2.4617,0.3381,3,1.021,True,True,raw,HYDROSHIP-M5-C
shallow/qr_C_m6_shallow_006.png,shallow,0.25,6,174,6,C,HYDROSHIP-M5-C,backscatter|blur|color|ripple,0.7213,1.0867,1.0657,30.7527,240.4978,0.1126,1.0674,0.7574,1.4098,1.7451,2.5104,1.2115,3,1.0151,True,True,raw,HYDROSHIP-M5-C
shallow/qr_C_m6_shallow_007.png,shallow,0.25,6,174,7,C,HYDROSHIP-M5-C,backscatter|blur|color|ripple,0.6987,1.0145,1.1231,27.5927,238.0212,0.111,1.0056,0.8071,1.3928,1.8906,5.09,3.9493,3,0.9589,True,True,raw,HYDROSHIP-M5-C
shallow/qr_C_m6_shallow_008.png,shallow,0.25,6,174,8,C,HYDROSHIP-M5-C,backscatter|blur|color|ripple,0.6583,1.0267,0.9943,27.6305,216.934,0.1116,1.006,0.747,1.5594,1.8079,5.3865,3.2598,3,1.0343,True,True,raw,HYDROSHIP-M5-C
shallow/qr_C_m6_shallow_009.png,shallow,0.25,6,174,9,C,HYDROSHIP-M5-C,backscatter|blur|color|ripple,0.7374,0.9592,1.0126,28.2542,226.4934,0.1113,1.0843,0.7431,1.4165,1.7411,3.4239,1.6378,3,0.9639,True,True,raw,HYDROSHIP-M5-C
shallow/qr_C_m6_shallow_010.png,shallow,0.25,6,174,10,C,HYDROSHIP-M5-C,backscatter|blur|color|ripple,0.6716,1.0831,1.0309,30.3661,239.7256,0.1183,1.0255,0.815,1.5068,1.7561,2.1961,3.9941,3,1.0048,True,True,raw,HYDROSHIP-M5-C
shallow/qr_C_m6_shallow_011.png,shallow,0.25,6,174,11,C,HYDROSHIP-M5-C,backscatter|blur|color|ripple,0.6341,1.0384,1.0393,29.2136,239.2471,0.1261,0.9773,0.756,1.5195,1.665,5.5833,4.4786,3,0.9815,True,True,raw,HYDROSHIP-M5-C
shallow/qr_C_m6_shallow_012.png,shallow,0.25,6,174,12,C,HYDROSHIP-M5-C,backscatter|blur|color|ripple,0.6521,0.9345,1.0821,27.5335,239.7788,0.1173,1.0548,0.7234,1.5581,1.8002,3.481,1.7999,3,1.0566,True,True,raw,HYDROSHIP-M5-C
shallow/qr_C_m6_shallow_013.png,shallow,0.25,6,174,13,C,HYDROSHIP-M5-C,backscatter|blur|color|ripple,0.6737,0.9654,0.976,29.4979,232.1438,0.1267,1.0374,0.7633,1.54,1.6666,1.7499,3.6816,3,1.013,True,True,raw,HYDROSHIP-M5-C
shallow/qr_C_m6_shallow_014.png,shallow,0.25,6,174,14,C,HYDROSHIP-M5-C,backscatter|blur|color|ripple,0.686,0.971,1.0376,27.8832,214.0844,0.1182,1.0999,0.7312,1.599,1.6379,5.4299,4.1985,3,1.076,True,True,raw,HYDROSHIP-M5-C
shallow/qr_C_m6_shallow_015.png,shallow,0.25,6,174,15,C,HYDROSHIP-M5-C,backscatter|blur|color|ripple,0.7167,0.9842,1.0676,29.3159,225.3359,0.1183,0.9985,0.7216,1.6071,1.6493,6.2267,2.2406,3,0.9943,True,True,raw,HYDROSHIP-M5-C
shallow/qr_C_m6_shallow_016.png,shallow,0.25,6,174,16,C,HYDROSHIP-M5-C,backscatter|blur|color|ripple,0.6434,1.0079,1.0739,29.3938,226.2492,0.1221,1.1027,0.7222,1.4983,1.6781,1.3365,5.1751,3,1.0449,True,True,raw,HYDROSHIP-M5-C
shallow/qr_C_m6_shallow_017.png,shallow,0.25,6,174,17,C,HYDROSHIP-M5-C,backscatter|blur|color|ripple,0.6477,1.0858,1.0074,27.4275,233.2289,0.1167,1.1003,0.7877,1.3895,1.8183,5.3469,0.5546,3,1.0575,True,True,raw,HYDROSHIP-M5-C
shallow/qr_C_m6_shallow_018.png,shallow,0.25,6,174,18,C,HYDROSHIP-M5-C,backscatter|blur|color|ripple,0.7065,1.0367,1.0616,30.418,211.1716,0.1268,0.9954,0.8213,1.5245,1.6613,5.5813,4.7571,3,1.0926,True,True,raw,HYDROSHIP-M5-C
shallow/qr_C_m6_shallow_019.png,shallow,0.25,6,174,19,C,HYDROSHIP-M5-C,backscatter|blur|color|ripple,0.6993,0.9907,1.032,31.0609,211.3843,0.1168,0.9686,0.7964,1.4484,1.6543,4.605,2.3835,3,1.0437,True,True,raw,HYDROSHIP-M5-C
shallow/qr_C_m6_shallow_020.png,shallow,0.25,6,174,20,C,HYDROSHIP-M5-C,backscatter|blur|color|ripple,0.6376,1.0633,1.0699,29.1775,217.2574,0.1127,0.9611,0.763,1.5139,1.8139,3.7145,4.8431,3,0.9741,True,True,raw,HYDROSHIP-M5-C
shallow/qr_C_m6_shallow_021.png,shallow,0.25,6,174,21,C,HYDROSHIP-M5-C,backscatter|blur|color|ripple,0.6371,0.9605,1.0133,30.8094,230.4718,0.1258,1.002,0.8214,1.5616,1.7336,3.8802,5.0374,3,0.9964,True,True,raw,HYDROSHIP-M5-C
shallow/qr_C_m6_shallow_022.png,shallow,0.25,6,174,22,C,HYDROSHIP-M5-C,backscatter|blur|color|ripple,0.7126,0.9681,0.9721,29.605,214.2457,0.1291,1.1026,0.8291,1.455,1.6725,5.6531,0.0709,3,1.028,True,True,raw,HYDROSHIP-M5-C
shallow/qr_C_m6_shallow_023.png,shallow,0.25,6,174,23,C,HYDROSHIP-M5-C,backscatter|blur|color|ripple,0.6534,0.9618,1.0144,30.7341,210.742,0.1245,0.9803,0.7461,1.5413,1.9025,2.9874,3.5815,3,1.0971,True,True,raw,HYDROSHIP-M5-C
shallow/qr_C_m6_shallow_024.png,shallow,0.25,6,174,24,C,HYDROSHIP-M5-C,backscatter|blur|color|ripple,0.6812,1.086,0.9824,30.4541,225.6259,0.1241,1.0455,0.7242,1.6057,1.8155,6.0378,2.2025,3,1.079,True,True,raw,HYDROSHIP-M5-C
shallow/qr_C_m6_shallow_025.png,shallow,0.25,6,174,25,C,HYDROSHIP-M5-C,backscatter|blur|color|ripple,0.6502,0.9485,1.0169,27.5878,210.5702,0.1227,0.9521,0.7868,1.4963,1.6649,5.1664,0.268,3,1.0744,True,True,raw,HYDROSHIP-M5-C
shallow/qr_C_m6_shallow_026.png,shallow,0.25,6,174,26,C,HYDROSHIP-M5-C,backscatter|blur|color|ripple,0.6996,1.0205,0.9848,29.9742,227.7892,0.1238,1.004,0.7187,1.5438,1.6917,3.0141,5.5485,3,0.9516,True,True,raw,HYDROSHIP-M5-C
shallow/qr_C_m6_shallow_027.png,shallow,0.25,6,174,27,C,HYDROSHIP-M5-C,backscatter|blur|color|ripple,0.644,1.022,1.0001,27.1168,239.9668,0.1141,0.9917,0.7407,1.5037,1.8398,0.4475,4.899,3,0.996,True,True,raw,HYDROSHIP-M5-C
shallow/qr_C_m6_shallow_028.png,shallow,0.25,6,174,28,C,HYDROSHIP-M5-C,backscatter|blur|color|ripple,0.6929,0.9405,1.1092,28.2794,229.2385,0.1254,0.9699,0.8266,1.5552,1.7085,5.8352,5.2106,3,0.9657,True,True,raw,HYDROSHIP-M5-C
shallow/qr_C_m6_shallow_029.png,shallow,0.25,6,174,29,C,HYDROSHIP-M5-C,backscatter|blur|color|ripple,0.7032,1.021,0.9898,27.2194,216.0325,0.1157,1.0605,0.7271,1.5713,1.8578,5.4515,4.6823,3,0.9722,True,True,raw,HYDROSHIP-M5-C
shallow/qr_C_m6_shallow_030.png,shallow,0.25,6,174,30,C,HYDROSHIP-M5-C,backscatter|blur|color|ripple,0.6658,0.9687,1.1085,28.8076,241.8047,0.1108,0.9898,0.7838,1.6063,1.7161,3.1908,0.8132,3,1.1065,True,True,raw,HYDROSHIP-M5-C
shallow/qr_C_m6_shallow_031.png,shallow,0.25,6,174,31,C,HYDROSHIP-M5-C,backscatter|blur|color|ripple,0.7245,1.0418,1.1135,27.5615,222.3238,0.1125,1.101,0.8221,1.5623,1.905,3.745,3.7978,3,1.0816,True,True,raw,HYDROSHIP-M5-C
shallow/qr_C_m6_shallow_032.png,shallow,0.25,6,174,32,C,HYDROSHIP-M5-C,backscatter|blur|color|ripple,0.6906,0.9319,1.0165,30.2211,243.9622,0.1211,1.1041,0.8223,1.3892,1.8941,3.4536,2.8281,3,1.0379,True,True,raw,HYDROSHIP-M5-C
shallow/qr_C_m6_shallow_033.png,shallow,0.25,6,174,33,C,HYDROSHIP-M5-C,backscatter|blur|color|ripple,0.6544,0.9796,0.9828,29.8866,220.3942,0.1202,1.0619,0.7731,1.3937,1.7175,3.1951,5.411,3,1.0033,True,True,raw,HYDROSHIP-M5-C
shallow/qr_C_m6_shallow_034.png,shallow,0.25,6,174,34,C,HYDROSHIP-M5-C,backscatter|blur|color|ripple,0.6707,1.0216,1.0914,28.223,231.3984,0.1177,1.012,0.8089,1.4153,1.8616,5.4562,1.5199,3,1.0093,True,True,raw,HYDROSHIP-M5-C
shallow/qr_C_m6_shallow_035.png,shallow,0.25,6,174,35,C,HYDROSHIP-M5-C,backscatter|blur|color|ripple,0.7357,0.9784,1.1095,27.384,233.7055,0.1227,1.0518,0.7646,1.5909,1.8208,5.2907,4.5764,3,1.0046,True,True,raw,HYDROSHIP-M5-C
shallow/qr_C_m6_shallow_036.png,shallow,0.25,6,174,36,C,HYDROSHIP-M5-C,backscatter|blur|color|ripple,0.7247,1.002,1.0998,28.4923,236.7257,0.1109,1.087,0.7786,1.5433,1.9087,3.9594,0.3255,3,1.0485,True,True,raw,HYDROSHIP-M5-C
shallow/qr_C_m6_shallow_037.png,shallow,0.25,6,174,37,C,HYDROSHIP-M5-C,backscatter|blur|color|ripple,0.7133,0.9461,0.9861,28.2307,217.259,0.1149,1.0864,0.7525,1.4708,1.7872,3.2287,5.4235,3,0.9985,True,True,raw,HYDROSHIP-M5-C
shallow/qr_C_m6_shallow_038.png,shallow,0.25,6,174,38,C,HYDROSHIP-M5-C,backscatter|blur|color|ripple,0.7021,0.9838,1.0961,28.5239,219.8316,0.1234,1.0336,0.7183,1.5269,1.8535,2.4864,0.9954,3,1.0503,True,True,raw,HYDROSHIP-M5-C
shallow/qr_C_m6_shallow_039.png,shallow,0.25,6,174,39,C,HYDROSHIP-M5-C,backscatter|blur|color|ripple,0.717,1.0367,0.9879,27.0194,225.3884,0.126,0.9858,0.7951,1.5036,1.8054,1.5388,0.0092,3,0.9826,True,True,raw,HYDROSHIP-M5-C
shallow/qr_C_m6_shallow_040.png,shallow,0.25,6,174,40,C,HYDROSHIP-M5-C,backscatter|blur|color|ripple,0.6916,1.0291,0.9615,28.8757,216.6532,0.1143,0.99,0.7469,1.6195,1.7143,5.6429,1.6561,3,1.0025,True,True,raw,HYDROSHIP-M5-C
shallow/qr_C_m6_shallow_041.png,shallow,0.25,6,174,41,C,HYDROSHIP-M5-C,backscatter|blur|color|ripple,0.665,1.0557,0.9932,28.7772,244.4421,0.1219,1.0274,0.7143,1.6066,1.9073,4.3081,0.7755,3,1.0443,True,True,raw,HYDROSHIP-M5-C
shallow/qr_C_m6_shallow_042.png,shallow,0.25,6,174,42,C,HYDROSHIP-M5-C,backscatter|blur|color|ripple,0.6926,1.0142,1.1066,30.2498,217.7347,0.12,0.9668,0.7426,1.3847,1.7796,4.6204,4.3671,3,1.0074,True,True,raw,HYDROSHIP-M5-C
shallow/qr_C_m6_shallow_043.png,shallow,0.25,6,174,43,C,HYDROSHIP-M5-C,backscatter|blur|color|ripple,0.66,1.0927,1.0136,29.5439,235.5439,0.1246,1.0797,0.7364,1.4785,1.7228,1.6553,3.6123,3,1.1063,True,True,raw,HYDROSHIP-M5-C
shallow/qr_C_m6_shallow_044.png,shallow,0.25,6,174,44,C,HYDROSHIP-M5-C,backscatter|blur|color|ripple,0.6498,0.9606,0.9663,30.3409,228.8208,0.1201,1.0584,0.8051,1.4035,1.8516,3.7066,5.5087,3,0.9844,True,True,raw,HYDROSHIP-M5-C
shallow/qr_C_m6_shallow_045.png,shallow,0.25,6,174,45,C,HYDROSHIP-M5-C,backscatter|blur|color|ripple,0.7178,0.938,1.0357,30.366,239.0465,0.1194,0.978,0.7796,1.4455,1.7745,0.8767,1.5078,3,0.9741,True,True,raw,HYDROSHIP-M5-C
shallow/qr_C_m6_shallow_046.png,shallow,0.25,6,174,46,C,HYDROSHIP-M5-C,backscatter|blur|color|ripple,0.6364,1.0264,1.0868,29.1668,226.5897,0.1176,1.1067,0.7803,1.5702,1.7072,0.5412,0.9765,3,0.9652,True,True,raw,HYDROSHIP-M5-C
shallow/qr_C_m6_shallow_047.png,shallow,0.25,6,174,47,C,HYDROSHIP-M5-C,backscatter|blur|color|ripple,0.7285,0.9981,1.0322,28.5671,238.3734,0.1251,0.9535,0.7665,1.5051,1.8673,5.2029,4.0224,3,1.0509,True,True,raw,HYDROSHIP-M5-C
shallow/qr_C_m6_shallow_048.png,shallow,0.25,6,174,48,C,HYDROSHIP-M5-C,backscatter|blur|color|ripple,0.7099,0.9505,1.0378,27.3312,234.6735,0.1272,1.073,0.7192,1.6018,1.743,1.5337,5.8894,3,0.959,True,True,raw,HYDROSHIP-M5-C
shallow/qr_C_m6_shallow_049.png,shallow,0.25,6,174,49,C,HYDROSHIP-M5-C,backscatter|blur|color|ripple,0.6595,1.0892,1.0133,27.4258,226.8753,0.1113,0.9722,0.7335,1.5109,1.8185,2.4989,3.3266,3,1.08,True,True,raw,HYDROSHIP-M5-C
shallow/qr_C_m6_shallow_050.png,shallow,0.25,6,174,50,C,HYDROSHIP-M5-C,backscatter|blur|color|ripple,0.7266,1.0305,0.9998,30.209,231.0661,0.12,0.9665,0.8069,1.3947,1.6452,2.8716,5.2134,3,1.0893,True,True,raw,HYDROSHIP-M5-C
shallow/qr_C_m6_shallow_051.png,shallow,0.25,6,174,51,C,HYDROSHIP-M5-C,backscatter|blur|color|ripple,0.6902,1.0658,1.1114,27.3697,212.2945,0.1149,1.0971,0.7548,1.574,1.8551,4.8069,2.6405,3,0.9444,True,True,raw,HYDROSHIP-M5-C
shallow/qr_C_m6_shallow_052.png,shallow,0.25,6,174,52,C,HYDROSHIP-M5-C,backscatter|blur|color|ripple,0.6452,1.0927,1.0601,27.6438,240.8394,0.1185,1.0207,0.8239,1.5295,1.8894,5.2153,1.6654,3,1.0992,True,True,raw,HYDROSHIP-M5-C
shallow/qr_C_m6_shallow_053.png,shallow,0.25,6,174,53,C,HYDROSHIP-M5-C,backscatter|blur|color|ripple,0.6839,0.9477,1.0646,30.0722,222.5796,0.1248,0.9999,0.7529,1.4136,1.8571,2.2737,4.8499,3,0.967,True,True,raw,HYDROSHIP-M5-C
shallow/qr_C_m6_shallow_054.png,shallow,0.25,6,174,54,C,HYDROSHIP-M5-C,backscatter|blur|color|ripple,0.6456,1.0847,1.0309,29.5082,211.9492,0.1294,1.0242,0.8142,1.5845,1.9061,5.9504,0.4491,3,1.0834,True,True,raw,HYDROSHIP-M5-C
shallow/qr_C_m6_shallow_055.png,shallow,0.25,6,174,55,C,HYDROSHIP-M5-C,backscatter|blur|color|ripple,0.6896,1.0694,1.1202,28.5049,235.4515,0.113,0.9892,0.7859,1.5653,1.8943,2.006,2.4735,3,1.0192,True,True,raw,HYDROSHIP-M5-C
shallow/qr_C_m6_shallow_056.png,shallow,0.25,6,174,56,C,HYDROSHIP-M5-C,backscatter|blur|color|ripple,0.7098,1.0765,1.1167,29.6979,211.0969,0.1235,1.0385,0.8126,1.5798,1.6829,1.8654,1.4279,3,1.0465,True,True,raw,HYDROSHIP-M5-C
shallow/qr_C_m6_shallow_057.png,shallow,0.25,6,174,57,C,HYDROSHIP-M5-C,backscatter|blur|color|ripple,0.7142,1.0645,1.0377,29.3415,226.2527,0.1248,1.0852,0.8051,1.6017,1.8093,4.5803,3.8204,3,1.101,True,True,raw,HYDROSHIP-M5-C
shallow/qr_C_m6_shallow_058.png,shallow,0.25,6,174,58,C,HYDROSHIP-M5-C,backscatter|blur|color|ripple,0.7188,0.9704,1.048,28.32,236.6927,0.1254,0.9649,0.7286,1.5509,1.6975,5.3108,1.6651,3,1.0716,True,True,raw,HYDROSHIP-M5-C
shallow/qr_C_m6_shallow_059.png,shallow,0.25,6,174,59,C,HYDROSHIP-M5-C,backscatter|blur|color|ripple,0.7049,1.0927,1.0929,30.8025,244.0597,0.1143,1.1009,0.718,1.5049,1.8979,5.1468,6.2054,3,0.9961,True,True,raw,HYDROSHIP-M5-C
shallow/qr_C_m6_shallow_060.png,shallow,0.25,6,174,60,C,HYDROSHIP-M5-C,backscatter|blur|color|ripple,0.6822,0.9678,0.998,30.748,225.6344,0.117,0.9525,0.7627,1.5053,1.6343,0.0961,3.9196,3,1.0329,True,True,raw,HYDROSHIP-M5-C
shallow/qr_C_m6_shallow_061.png,shallow,0.25,6,174,61,C,HYDROSHIP-M5-C,backscatter|blur|color|ripple,0.6971,1.08,0.9796,28.1882,225.4289,0.1249,1.0738,0.8279,1.6062,1.8736,3.7149,5.9591,3,0.9701,True,True,raw,HYDROSHIP-M5-C
shallow/qr_C_m6_shallow_062.png,shallow,0.25,6,174,62,C,HYDROSHIP-M5-C,backscatter|blur|color|ripple,0.639,0.9724,1.1038,27.4899,219.0375,0.122,1.0485,0.74,1.4983,1.9096,4.8286,2.6235,3,1.1062,True,True,raw,HYDROSHIP-M5-C
shallow/qr_C_m6_shallow_063.png,shallow,0.25,6,174,63,C,HYDROSHIP-M5-C,backscatter|blur|color|ripple,0.6826,1.0919,1.0633,28.0154,209.0431,0.1198,1.0997,0.8296,1.5841,1.7197,5.6919,0.8625,3,0.9847,True,True,raw,HYDROSHIP-M5-C
shallow/qr_C_m6_shallow_064.png,shallow,0.25,6,174,64,C,HYDROSHIP-M5-C,backscatter|blur|color|ripple,0.674,0.9858,1.0704,30.8735,213.2352,0.1288,0.9603,0.7852,1.5463,1.6748,3.311,2.3816,3,0.9512,True,True,raw,HYDROSHIP-M5-C
shallow/qr_C_m6_shallow_065.png,shallow,0.25,6,174,65,C,HYDROSHIP-M5-C,backscatter|blur|color|ripple,0.6906,1.074,0.9693,29.5061,222.5635,0.1248,1.0965,0.778,1.4964,1.8486,3.317,0.7289,3,1.0967,True,True,raw,HYDROSHIP-M5-C
shallow/qr_C_m6_shallow_066.png,shallow,0.25,6,174,66,C,HYDROSHIP-M5-C,backscatter|blur|color|ripple,0.716,1.0727,1.0862,30.8735,229.7602,0.114,1.0208,0.7779,1.5316,1.7835,2.7912,3.6176,3,1.0208,True,True,raw,HYDROSHIP-M5-C
shallow/qr_C_m6_shallow_067.png,shallow,0.25,6,174,67,C,HYDROSHIP-M5-C,backscatter|blur|color|ripple,0.6461,1.0106,1.1272,31.2678,218.6371,0.1267,0.9788,0.8053,1.5719,1.7463,1.4561,4.0107,3,0.9536,True,True,raw,HYDROSHIP-M5-C
shallow/qr_C_m6_shallow_068.png,shallow,0.25,6,174,68,C,HYDROSHIP-M5-C,backscatter|blur|color|ripple,0.6336,1.0401,1.073,30.526,227.0674,0.1288,0.9995,0.8056,1.3907,1.8535,3.0526,0.1497,3,0.9606,True,True,raw,HYDROSHIP-M5-C
shallow/qr_C_m6_shallow_069.png,shallow,0.25,6,174,69,C,HYDROSHIP-M5-C,backscatter|blur|color|ripple,0.7292,0.9372,1.0299,26.7051,244.5872,0.1273,1.0604,0.7521,1.4634,1.8827,6.0808,6.2746,3,0.9594,True,True,raw,HYDROSHIP-M5-C
shallow/qr_C_m6_shallow_070.png,shallow,0.25,6,174,70,C,HYDROSHIP-M5-C,backscatter|blur|color|ripple,0.7299,1.0016,0.984,30.4153,237.1156,0.1188,1.1036,0.8105,1.4959,1.7394,1.5774,4.6264,3,0.995,True,True,raw,HYDROSHIP-M5-C
shallow/qr_C_m6_shallow_071.png,shallow,0.25,6,174,71,C,HYDROSHIP-M5-C,backscatter|blur|color|ripple,0.6689,0.9956,0.9887,31.1396,215.4911,0.1195,1.0954,0.7384,1.5669,1.7122,0.2853,5.4025,3,0.99,True,True,raw,HYDROSHIP-M5-C
shallow/qr_C_m6_shallow_072.png,shallow,0.25,6,174,72,C,HYDROSHIP-M5-C,backscatter|blur|color|ripple,0.6672,0.9603,1.0973,29.7502,213.7213,0.1233,0.9471,0.7967,1.4832,1.8488,3.9626,3.4554,3,1.0636,True,True,raw,HYDROSHIP-M5-C
shallow/qr_C_m6_shallow_073.png,shallow,0.25,6,174,73,C,HYDROSHIP-M5-C,backscatter|blur|color|ripple,0.6506,0.9925,1.0174,29.7689,217.9782,0.1144,1.07,0.8094,1.5448,1.8819,5.7993,5.8306,3,0.9651,True,True,raw,HYDROSHIP-M5-C
shallow/qr_C_m6_shallow_074.png,shallow,0.25,6,174,74,C,HYDROSHIP-M5-C,backscatter|blur|color|ripple,0.7259,0.9555,1.064,28.5186,232.1473,0.129,0.9475,0.7181,1.4622,1.8637,5.8332,2.3439,3,1.0617,True,True,raw,HYDROSHIP-M5-C
shallow/qr_C_m6_shallow_075.png,shallow,0.25,6,174,75,C,HYDROSHIP-M5-C,backscatter|blur|color|ripple,0.6584,1.0541,1.09,27.7351,243.238,0.1184,1.0201,0.8312,1.4836,1.6512,5.9516,4.3635,3,1.0215,True,True,raw,HYDROSHIP-M5-C
shallow/qr_C_m6_shallow_076.png,shallow,0.25,6,174,76,C,HYDROSHIP-M5-C,backscatter|blur|color|ripple,0.6498,0.9573,1.0363,29.6613,233.876,0.1134,1.0183,0.8178,1.4527,1.9139,2.5094,2.2335,3,1.0242,True,True,raw,HYDROSHIP-M5-C
shallow/qr_C_m6_shallow_077.png,shallow,0.25,6,174,77,C,HYDROSHIP-M5-C,backscatter|blur|color|ripple,0.6948,1.0816,1.0251,31.0169,215.8641,0.116,0.9639,0.7748,1.4104,1.7777,1.3618,5.6902,3,0.9759,True,True,raw,HYDROSHIP-M5-C
shallow/qr_C_m6_shallow_078.png,shallow,0.25,6,174,78,C,HYDROSHIP-M5-C,backscatter|blur|color|ripple,0.6875,1.0818,0.9755,27.6659,233.6841,0.1138,1.0231,0.7473,1.5017,1.8201,5.4765,2.1888,3,0.9508,True,True,raw,HYDROSHIP-M5-C
shallow/qr_C_m6_shallow_079.png,shallow,0.25,6,174,79,C,HYDROSHIP-M5-C,backscatter|blur|color|ripple,0.6765,1.065,1.1179,26.7417,217.8278,0.1189,1.0648,0.7752,1.5235,1.7974,3.1037,1.2267,3,0.9784,True,True,raw,HYDROSHIP-M5-C
shallow/qr_C_m6_shallow_080.png,shallow,0.25,6,174,80,C,HYDROSHIP-M5-C,backscatter|blur|color|ripple,0.6936,0.9463,1.1159,27.5846,214.2108,0.1286,1.0888,0.7409,1.5086,1.7841,4.1279,2.5954,3,0.9448,True,True,raw,HYDROSHIP-M5-C
shallow/qr_C_m6_shallow_081.png,shallow,0.25,6,174,81,C,HYDROSHIP-M5-C,backscatter|blur|color|ripple,0.6575,1.0874,1.0783,30.4436,240.2389,0.1186,0.9912,0.8115,1.601,1.8752,1.8074,2.0516,3,1.0719,True,True,raw,HYDROSHIP-M5-C
shallow/qr_C_m6_shallow_082.png,shallow,0.25,6,174,82,C,HYDROSHIP-M5-C,backscatter|blur|color|ripple,0.7294,0.9498,1.0157,30.993,239.9363,0.1227,0.9777,0.8191,1.521,1.7465,0.5824,6.1472,3,1.0468,True,True,raw,HYDROSHIP-M5-C
shallow/qr_C_m6_shallow_083.png,shallow,0.25,6,174,83,C,HYDROSHIP-M5-C,backscatter|blur|color|ripple,0.7329,0.9687,1.0217,26.7089,230.5679,0.1154,0.9785,0.7137,1.5184,1.6862,3.7006,5.9651,3,1.0588,True,True,raw,HYDROSHIP-M5-C
medium/qr_C_m6_medium_000.png,medium,0.55,6,174,0,C,HYDROSHIP-M5-C,backscatter|blur|color|ripple,0.4817,1.0817,1.0317,54.4704,198.626,0.2228,1.8738,1.4704,2.2567,2.6572,2.9266,2.5429,5,1.6143,True,True,raw,HYDROSHIP-M5-C
medium/qr_C_m6_medium_001.png,medium,0.55,6,174,1,C,HYDROSHIP-M5-C,backscatter|blur|color|ripple,0.5151,0.9866,1.0307,57.8876,197.152,0.2195,1.8931,1.4069,2.0317,2.3061,0.1613,4.7826,5,1.5476,True,True,raw,HYDROSHIP-M5-C
medium/qr_C_m6_medium_002.png,medium,0.55,6,174,2,C,HYDROSHIP-M5-C,backscatter|blur|color|ripple,0.5081,1.0196,1.136,57.5964,215.4662,0.2014,1.9977,1.3761,2.2443,2.6581,3.7316,2.3489,5,1.5826,False,True,upscale,HYDROSHIP-M5-C
medium/qr_C_m6_medium_003.png,medium,0.55,6,174,3,C,HYDROSHIP-M5-C,backscatter|blur|color|ripple,0.4533,1.0525,1.1633,57.8658,205.2041,0.2134,1.9999,1.4671,2.141,2.5012,6.0378,3.2824,5,1.6295,True,True,raw,HYDROSHIP-M5-C
medium/qr_C_m6_medium_004.png,medium,0.55,6,174,4,C,HYDROSHIP-M5-C,backscatter|blur|color|ripple,0.4628,1.0036,1.1004,54.9719,216.5969,0.2015,1.8337,1.3603,1.9512,2.4284,1.455,3.3515,5,1.586,True,True,raw,HYDROSHIP-M5-C
medium/qr_C_m6_medium_005.png,medium,0.55,6,174,5,C,HYDROSHIP-M5-C,backscatter|blur|color|ripple,0.4714,1.0678,1.1517,57.3893,198.1716,0.2253,2.0309,1.369,2.1996,2.5692,3.8884,2.9183,5,1.5655,False,True,cv2_fallback,HYDROSHIP-M5-C
medium/qr_C_m6_medium_006.png,medium,0.55,6,174,6,C,HYDROSHIP-M5-C,backscatter|blur|color|ripple,0.4551,1.1063,1.0293,56.6406,202.3588,0.2256,1.7808,1.4197,2.1698,2.507,3.9761,1.7161,5,1.7682,True,True,raw,HYDROSHIP-M5-C
medium/qr_C_m6_medium_007.png,medium,0.55,6,174,7,C,HYDROSHIP-M5-C,backscatter|blur|color|ripple,0.476,1.0128,1.067,53.1609,197.7983,0.202,1.9034,1.3862,1.9722,2.5194,2.2263,3.8475,5,1.6888,False,True,cv2_fallback,HYDROSHIP-M5-C
medium/qr_C_m6_medium_008.png,medium,0.55,6,174,8,C,HYDROSHIP-M5-C,backscatter|blur|color|ripple,0.4656,1.0723,1.1046,53.5976,197.6696,0.2324,1.9286,1.4718,2.2653,2.5396,1.1014,4.3485,5,1.7711,False,True,upscale,HYDROSHIP-M5-C
medium/qr_C_m6_medium_009.png,medium,0.55,6,174,9,C,HYDROSHIP-M5-C,backscatter|blur|color|ripple,0.4835,1.0364,1.0183,50.6936,203.1382,0.203,1.8736,1.5818,2.2356,2.3816,0.6066,0.9579,5,1.7044,False,True,cv2_fallback,HYDROSHIP-M5-C
medium/qr_C_m6_medium_010.png,medium,0.55,6,174,10,C,HYDROSHIP-M5-C,backscatter|blur|color|ripple,0.4834,1.0781,1.1197,54.7409,208.189,0.2024,2.0347,1.3482,2.2322,2.2952,4.8111,4.2205,5,1.7189,True,True,raw,HYDROSHIP-M5-C
medium/qr_C_m6_medium_011.png,medium,0.55,6,174,11,C,HYDROSHIP-M5-C,backscatter|blur|color|ripple,0.4644,1.0641,1.1237,55.5417,198.8932,0.2068,1.9671,1.5123,2.1237,2.5783,2.8974,3.8729,5,1.753,True,True,raw,HYDROSHIP-M5-C
medium/qr_C_m6_medium_012.png,medium,0.55,6,174,12,C,HYDROSHIP-M5-C,backscatter|blur|color|ripple,0.4908,1.067,1.1374,50.6951,199.7286,0.2166,2.0402,1.4811,2.0592,2.367,5.8327,6.2345,5,1.6176,True,True,raw,HYDROSHIP-M5-C
medium/qr_C_m6_medium_013.png,medium,0.55,6,174,13,C,HYDROSHIP-M5-C,backscatter|blur|color|ripple,0.4604,1.0052,1.0808,52.9894,202.9958,0.2015,1.9726,1.3867,2.0931,2.3069,0.6143,1.6725,5,1.6756,True,True,raw,HYDROSHIP-M5-C
medium/qr_C_m6_medium_014.png,medium,0.55,6,174,14,C,HYDROSHIP-M5-C,backscatter|blur|color|ripple,0.5038,1.0535,1.175,54.8452,189.0274,0.2124,1.8602,1.4148,2.0738,2.487,4.4725,5.1584,5,1.6851,False,True,cv2_fallback,HYDROSHIP-M5-C
medium/qr_C_m6_medium_015.png,medium,0.55,6,174,15,C,HYDROSHIP-M5-C,backscatter|blur|color|ripple,0.5238,1.1096,1.1673,50.9759,203.5236,0.2259,1.8388,1.4839,2.073,2.2952,3.5875,6.2152,5,1.5392,True,True,raw,HYDROSHIP-M5-C
medium/qr_C_m6_medium_016.png,medium,0.55,6,174,16,C,HYDROSHIP-M5-C,backscatter|blur|color|ripple,0.4661,0.9859,1.1708,51.246,215.8933,0.2191,1.8944,1.4333,2.2284,2.5306,2.0835,3.6403,5,1.7711,True,True,raw,HYDROSHIP-M5-C
medium/qr_C_m6_medium_017.png,medium,0.55,6,174,17,C,HYDROSHIP-M5-C,backscatter|blur|color|ripple,0.5144,0.9848,1.0117,55.5315,199.8208,0.22,2.0224,1.353,2.209,2.5384,3.2522,0.2849,5,1.5952,True,True,raw,HYDROSHIP-M5-C
medium/qr_C_m6_medium_018.png,medium,0.55,6,174,18,C,HYDROSHIP-M5-C,backscatter|blur|color|ripple,0.4652,1.0454,1.1052,56.4215,201.7258,0.2038,1.7785,1.447,2.138,2.4656,3.1286,5.2839,5,1.7268,True,True,raw,HYDROSHIP-M5-C
medium/qr_C_m6_medium_019.png,medium,0.55,6,174,19,C,HYDROSHIP-M5-C,backscatter|blur|color|ripple,0.4773,1.0681,1.0665,55.574,202.7125,0.2114,1.7974,1.5018,2.2023,2.6203,2.696,0.0798,5,1.6792,True,True,raw,HYDROSHIP-M5-C
medium/qr_C_m6_medium_020.png,medium,0.55,6,174,20,C,HYDROSHIP-M5-C,backscatter|blur|color|ripple,0.4796,0.955,1.1695,55.4528,207.6935,0.2298,1.9468,1.4614,2.0778,2.3087,2.9342,1.6391,5,1.6329,True,True,raw,HYDROSHIP-M5-C
medium/qr_C_m6_medium_021.png,medium,0.55,6,174,21,C,HYDROSHIP-M5-C,backscatter|blur|color|ripple,0.5171,1.0521,1.0241,52.9986,195.1089,0.206,1.7438,1.4336,2.1073,2.4321,3.7131,0.0887,5,1.5319,True,True,raw,HYDROSHIP-M5-C
medium/qr_C_m6_medium_022.png,medium,0.55,6,174,22,C,HYDROSHIP-M5-C,backscatter|blur|color|ripple,0.4973,1.0404,1.1236,54.6288,201.3127,0.2183,1.7999,1.5558,1.9585,2.3595,4.043,2.0412,5,1.5954,True,True,raw,HYDROSHIP-M5-C
medium/qr_C_m6_medium_023.png,medium,0.55,6,174,23,C,HYDROSHIP-M5-C,backscatter|blur|color|ripple,0.4966,1.0272,1.0137,53.8339,191.7432,0.2185,1.8507,1.5036,2.2577,2.5521,3.8504,2.9797,5,1.7815,False,False,fail,
medium/qr_C_m6_medium_024.png,medium,0.55,6,174,24,C,HYDROSHIP-M5-C,backscatter|blur|color|ripple,0.4817,0.9648,1.0825,50.0045,186.2082,0.2095,2.0022,1.4145,2.0207,2.4994,4.0185,1.6171,5,1.7075,True,True,raw,HYDROSHIP-M5-C
medium/qr_C_m6_medium_025.png,medium,0.55,6,174,25,C,HYDROSHIP-M5-C,backscatter|blur|color|ripple,0.4776,1.0761,1.0283,56.1184,201.1693,0.2013,1.7804,1.497,2.0972,2.5893,5.7718,2.8658,5,1.5505,True,True,raw,HYDROSHIP-M5-C
medium/qr_C_m6_medium_026.png,medium,0.55,6,174,26,C,HYDROSHIP-M5-C,backscatter|blur|color|ripple,0.4881,1.1078,1.1066,51.3992,213.2046,0.2098,1.9568,1.4029,1.9894,2.3657,4.7678,3.4556,5,1.6642,False,True,upscale,HYDROSHIP-M5-C
medium/qr_C_m6_medium_027.png,medium,0.55,6,174,27,C,HYDROSHIP-M5-C,backscatter|blur|color|ripple,0.4807,1.0182,1.0984,55.1175,198.858,0.2006,1.9891,1.3742,2.093,2.4946,2.2554,1.2887,5,1.6886,False,True,cv2_fallback,HYDROSHIP-M5-C
medium/qr_C_m6_medium_028.png,medium,0.55,6,174,28,C,HYDROSHIP-M5-C,backscatter|blur|color|ripple,0.4956,1.0442,1.1072,52.0929,215.8316,0.226,2.0043,1.5542,2.0328,2.3027,1.7881,4.209,5,1.6554,False,True,clahe,HYDROSHIP-M5-C
medium/qr_C_m6_medium_029.png,medium,0.55,6,174,29,C,HYDROSHIP-M5-C,backscatter|blur|color|ripple,0.4616,1.0906,1.0607,54.0972,206.9755,0.215,1.8298,1.4923,2.186,2.3552,1.5227,1.6288,5,1.6373,False,True,upscale,HYDROSHIP-M5-C
medium/qr_C_m6_medium_030.png,medium,0.55,6,174,30,C,HYDROSHIP-M5-C,backscatter|blur|color|ripple,0.4573,0.9524,1.1766,51.7039,190.0677,0.2002,1.9621,1.4618,2.2421,2.5121,0.5273,4.7075,5,1.603,False,True,upscale,HYDROSHIP-M5-C
medium/qr_C_m6_medium_031.png,medium,0.55,6,174,31,C,HYDROSHIP-M5-C,backscatter|blur|color|ripple,0.4813,0.9526,1.1212,49.8737,200.7941,0.2234,2.0199,1.4815,2.1136,2.4216,3.363,3.3902,5,1.6631,True,True,raw,HYDROSHIP-M5-C
medium/qr_C_m6_medium_032.png,medium,0.55,6,174,32,C,HYDROSHIP-M5-C,backscatter|blur|color|ripple,0.5199,1.097,1.1096,56.6316,192.2109,0.2139,1.8867,1.5078,2.0057,2.2813,3.7049,0.5466,5,1.699,True,True,raw,HYDROSHIP-M5-C
medium/qr_C_m6_medium_033.png,medium,0.55,6,174,33,C,HYDROSHIP-M5-C,backscatter|blur|color|ripple,0.4668,1.0025,1.1255,52.8435,206.3457,0.2238,2.0411,1.5509,2.046,2.5098,0.081,4.7144,5,1.6146,True,True,raw,HYDROSHIP-M5-C
medium/qr_C_m6_medium_034.png,medium,0.55,6,174,34,C,HYDROSHIP-M5-C,backscatter|blur|color|ripple,0.4957,1.1059,1.0181,53.3886,201.822,0.2102,2.0318,1.4442,2.0093,2.3953,2.7636,3.6749,5,1.7121,True,True,raw,HYDROSHIP-M5-C
medium/qr_C_m6_medium_035.png,medium,0.55,6,174,35,C,HYDROSHIP-M5-C,backscatter|blur|color|ripple,0.5075,0.9701,1.0253,50.5521,188.6381,0.227,1.746,1.3807,2.0578,2.4427,0.8796,0.8699,5,1.6861,False,True,clahe,HYDROSHIP-M5-C
medium/qr_C_m6_medium_036.png,medium,0.55,6,174,36,C,HYDROSHIP-M5-C,backscatter|blur|color|ripple,0.4858,1.0293,1.1191,52.5116,201.4124,0.2114,1.8312,1.5379,2.188,2.3821,1.1159,2.8119,5,1.6193,False,True,upscale,HYDROSHIP-M5-C
medium/qr_C_m6_medium_037.png,medium,0.55,6,174,37,C,HYDROSHIP-M5-C,backscatter|blur|color|ripple,0.506,1.0104,1.1467,58.0536,211.2953,0.2144,1.7791,1.5513,1.9475,2.5397,4.2817,3.1473,5,1.6058,True,True,raw,HYDROSHIP-M5-C
medium/qr_C_m6_medium_038.png,medium,0.55,6,174,38,C,HYDROSHIP-M5-C,backscatter|blur|color|ripple,0.5158,1.0001,1.0144,49.9121,203.775,0.2121,1.7902,1.3871,2.1001,2.4321,2.4896,2.9533,5,1.5504,True,True,raw,HYDROSHIP-M5-C
medium/qr_C_m6_medium_039.png,medium,0.55,6,174,39,C,HYDROSHIP-M5-C,backscatter|blur|color|ripple,0.5135,1.0231,1.1172,55.1474,185.2936,0.2241,1.8758,1.5192,1.9576,2.4269,3.6043,4.6655,5,1.6566,True,True,raw,HYDROSHIP-M5-C
medium/qr_C_m6_medium_040.png,medium,0.55,6,174,40,C,HYDROSHIP-M5-C,backscatter|blur|color|ripple,0.4554,1.0366,1.0142,54.7867,213.2498,0.2078,2.0,1.5042,2.0215,2.4519,3.3047,5.3813,5,1.5503,True,True,raw,HYDROSHIP-M5-C
medium/qr_C_m6_medium_041.png,medium,0.55,6,174,41,C,HYDROSHIP-M5-C,backscatter|blur|color|ripple,0.4544,1.0248,1.0705,50.2106,214.9875,0.2312,1.7581,1.4018,1.9613,2.491,4.0753,2.1425,5,1.6992,True,True,raw,HYDROSHIP-M5-C
medium/qr_C_m6_medium_042.png,medium,0.55,6,174,42,C,HYDROSHIP-M5-C,backscatter|blur|color|ripple,0.4824,1.0249,1.0432,54.1068,203.8938,0.2213,1.8729,1.4048,1.9445,2.3903,0.0691,3.5289,5,1.6132,True,True,raw,HYDROSHIP-M5-C
medium/qr_C_m6_medium_043.png,medium,0.55,6,174,43,C,HYDROSHIP-M5-C,backscatter|blur|color|ripple,0.4919,1.0352,1.1498,51.287,188.8606,0.2255,2.0399,1.486,2.2625,2.5912,6.2447,2.4738,5,1.5702,True,True,raw,HYDROSHIP-M5-C
medium/qr_C_m6_medium_044.png,medium,0.55,6,174,44,C,HYDROSHIP-M5-C,backscatter|blur|color|ripple,0.5029,0.9892,1.1743,57.505,199.7848,0.2164,2.0092,1.38,1.9396,2.595,3.635,0.2783,5,1.6595,True,True,raw,HYDROSHIP-M5-C
medium/qr_C_m6_medium_045.png,medium,0.55,6,174,45,C,HYDROSHIP-M5-C,backscatter|blur|color|ripple,0.5238,0.9631,1.1155,58.0168,208.1155,0.2307,1.7926,1.3617,2.0722,2.6205,4.7784,4.2076,5,1.7508,False,True,upscale,HYDROSHIP-M5-C
medium/qr_C_m6_medium_046.png,medium,0.55,6,174,46,C,HYDROSHIP-M5-C,backscatter|blur|color|ripple,0.5116,1.0358,1.068,55.1135,187.1909,0.226,1.9278,1.4154,2.0579,2.4301,5.8538,3.541,5,1.7466,True,True,raw,HYDROSHIP-M5-C
medium/qr_C_m6_medium_047.png,medium,0.55,6,174,47,C,HYDROSHIP-M5-C,backscatter|blur|color|ripple,0.4586,1.0987,1.1075,56.8484,209.8138,0.2053,1.9094,1.5306,1.9883,2.5688,2.1511,4.9925,5,1.7874,False,True,upscale,HYDROSHIP-M5-C
medium/qr_C_m6_medium_048.png,medium,0.55,6,174,48,C,HYDROSHIP-M5-C,backscatter|blur|color|ripple,0.5295,1.0568,1.0252,55.9492,184.8648,0.2177,1.9807,1.4911,2.0169,2.4158,4.381,2.4095,5,1.5867,True,True,raw,HYDROSHIP-M5-C
medium/qr_C_m6_medium_049.png,medium,0.55,6,174,49,C,HYDROSHIP-M5-C,backscatter|blur|color|ripple,0.5138,1.0033,1.0641,57.1351,209.7274,0.2285,1.9073,1.4493,2.0872,2.2855,2.3926,4.3579,5,1.5778,True,True,raw,HYDROSHIP-M5-C
medium/qr_C_m6_medium_050.png,medium,0.55,6,174,50,C,HYDROSHIP-M5-C,backscatter|blur|color|ripple,0.4781,0.9496,1.1634,51.1226,196.5993,0.2111,1.8231,1.4938,2.2618,2.308,2.2444,5.3435,5,1.7531,True,True,raw,HYDROSHIP-M5-C
medium/qr_C_m6_medium_051.png,medium,0.55,6,174,51,C,HYDROSHIP-M5-C,backscatter|blur|color|ripple,0.4928,0.9456,1.0518,53.7984,196.4282,0.2331,1.7916,1.3725,2.1202,2.4658,0.4482,3.4171,5,1.6662,True,True,raw,HYDROSHIP-M5-C
medium/qr_C_m6_medium_052.png,medium,0.55,6,174,52,C,HYDROSHIP-M5-C,backscatter|blur|color|ripple,0.5021,1.0831,1.0417,56.0524,212.2701,0.2138,1.866,1.4973,2.0659,2.5557,3.6249,3.2467,5,1.5481,True,True,raw,HYDROSHIP-M5-C
medium/qr_C_m6_medium_053.png,medium,0.55,6,174,53,C,HYDROSHIP-M5-C,backscatter|blur|color|ripple,0.4665,1.0728,1.0555,51.2272,197.367,0.2283,1.8588,1.4958,2.268,2.3727,3.5932,5.6292,5,1.6101,False,False,fail,
medium/qr_C_m6_medium_054.png,medium,0.55,6,174,54,C,HYDROSHIP-M5-C,backscatter|blur|color|ripple,0.4677,0.9684,1.0801,52.5766,186.1762,0.2159,1.8219,1.3823,2.2095,2.6459,1.6708,5.9936,5,1.7799,False,True,clahe,HYDROSHIP-M5-C
medium/qr_C_m6_medium_055.png,medium,0.55,6,174,55,C,HYDROSHIP-M5-C,backscatter|blur|color|ripple,0.5084,0.9687,1.1745,57.6781,199.1113,0.2056,1.7743,1.417,2.0732,2.5988,5.026,2.2227,5,1.6511,True,True,raw,HYDROSHIP-M5-C
medium/qr_C_m6_medium_056.png,medium,0.55,6,174,56,C,HYDROSHIP-M5-C,backscatter|blur|color|ripple,0.53,1.0154,1.1354,57.8471,206.2137,0.2243,1.8325,1.5612,1.9607,2.4579,3.7096,2.6788,5,1.7749,True,True,raw,HYDROSHIP-M5-C
medium/qr_C_m6_medium_057.png,medium,0.55,6,174,57,C,HYDROSHIP-M5-C,backscatter|blur|color|ripple,0.4607,0.9498,1.1241,52.8297,191.2175,0.2185,1.7876,1.379,1.9737,2.6488,5.9591,5.4874,5,1.5684,True,True,raw,HYDROSHIP-M5-C
medium/qr_C_m6_medium_058.png,medium,0.55,6,174,58,C,HYDROSHIP-M5-C,backscatter|blur|color|ripple,0.4999,1.1018,1.0326,55.1388,211.9834,0.2028,1.9756,1.3791,2.2038,2.2832,1.2697,4.9236,5,1.7405,False,True,cv2_fallback,HYDROSHIP-M5-C
medium/qr_C_m6_medium_059.png,medium,0.55,6,174,59,C,HYDROSHIP-M5-C,backscatter|blur|color|ripple,0.4902,1.0556,1.0756,54.4448,193.2712,0.2223,1.9855,1.4285,2.0665,2.2776,4.4318,5.6347,5,1.7305,True,True,raw,HYDROSHIP-M5-C
medium/qr_C_m6_medium_060.png,medium,0.55,6,174,60,C,HYDROSHIP-M5-C,backscatter|blur|color|ripple,0.4602,1.0459,1.0352,57.3025,187.7231,0.2091,1.9069,1.4763,2.0875,2.4723,0.7058,0.6219,5,1.7134,True,True,raw,HYDROSHIP-M5-C
medium/qr_C_m6_medium_061.png,medium,0.55,6,174,61,C,HYDROSHIP-M5-C,backscatter|blur|color|ripple,0.5294,1.0577,1.0539,51.7593,193.6317,0.2024,2.0149,1.5405,2.1544,2.2972,1.803,4.415,5,1.5555,False,True,cv2_fallback,HYDROSHIP-M5-C
medium/qr_C_m6_medium_062.png,medium,0.55,6,174,62,C,HYDROSHIP-M5-C,backscatter|blur|color|ripple,0.4873,0.9996,1.1095,51.4553,186.8671,0.2168,1.8812,1.571,1.9834,2.4501,4.7049,2.1862,5,1.5296,False,True,clahe,HYDROSHIP-M5-C
medium/qr_C_m6_medium_063.png,medium,0.55,6,174,63,C,HYDROSHIP-M5-C,backscatter|blur|color|ripple,0.4793,0.9831,1.1095,52.4459,190.0727,0.2256,1.9512,1.46,2.0479,2.3638,2.0411,4.4817,5,1.6045,False,True,cv2_fallback,HYDROSHIP-M5-C
medium/qr_C_m6_medium_064.png,medium,0.55,6,174,64,C,HYDROSHIP-M5-C,backscatter|blur|color|ripple,0.4607,0.9479,1.1093,50.7791,214.967,0.2301,1.9052,1.5278,2.0539,2.3223,3.2323,5.0277,5,1.63,True,True,raw,HYDROSHIP-M5-C
medium/qr_C_m6_medium_065.png,medium,0.55,6,174,65,C,HYDROSHIP-M5-C,backscatter|blur|color|ripple,0.5052,0.9956,1.0765,54.2681,205.8524,0.2031,1.9373,1.5036,2.1492,2.6502,2.4206,2.8442,5,1.6772,True,True,raw,HYDROSHIP-M5-C
medium/qr_C_m6_medium_066.png,medium,0.55,6,174,66,C,HYDROSHIP-M5-C,backscatter|blur|color|ripple,0.4809,1.0906,1.0555,57.6031,196.9146,0.2018,1.9588,1.394,2.2033,2.4048,5.2369,1.0185,5,1.7538,False,True,clahe,HYDROSHIP-M5-C
medium/qr_C_m6_medium_067.png,medium,0.55,6,174,67,C,HYDROSHIP-M5-C,backscatter|blur|color|ripple,0.5196,1.0799,1.1508,58.1164,209.5259,0.2303,1.8969,1.3512,2.2022,2.4494,5.8782,2.9697,5,1.6849,True,True,raw,HYDROSHIP-M5-C
medium/qr_C_m6_medium_068.png,medium,0.55,6,174,68,C,HYDROSHIP-M5-C,backscatter|blur|color|ripple,0.4727,1.0977,1.1446,53.4676,215.181,0.2251,1.9914,1.5078,2.0881,2.3691,3.0669,1.0562,5,1.739,True,True,raw,HYDROSHIP-M5-C
medium/qr_C_m6_medium_069.png,medium,0.55,6,174,69,C,HYDROSHIP-M5-C,backscatter|blur|color|ripple,0.4881,1.1016,1.1076,55.9948,197.5907,0.2001,1.9792,1.4342,2.0044,2.413,0.2985,3.0229,5,1.5503,True,True,raw,HYDROSHIP-M5-C
medium/qr_C_m6_medium_070.png,medium,0.55,6,174,70,C,HYDROSHIP-M5-C,backscatter|blur|color|ripple,0.4829,0.9848,1.1478,52.8166,211.48,0.2282,1.8879,1.5702,2.1435,2.61,1.549,4.4572,5,1.5919,False,True,cv2_fallback,HYDROSHIP-M5-C
medium/qr_C_m6_medium_071.png,medium,0.55,6,174,71,C,HYDROSHIP-M5-C,backscatter|blur|color|ripple,0.5101,0.9662,1.0205,55.1235,205.358,0.2243,1.8,1.3971,2.027,2.6388,5.6028,5.2515,5,1.6395,True,True,raw,HYDROSHIP-M5-C
medium/qr_C_m6_medium_072.png,medium,0.55,6,174,72,C,HYDROSHIP-M5-C,backscatter|blur|color|ripple,0.4535,0.986,1.1673,50.9335,196.1249,0.2233,1.8256,1.4753,1.9767,2.4096,2.1501,6.108,5,1.6593,False,True,clahe,HYDROSHIP-M5-C
medium/qr_C_m6_medium_073.png,medium,0.55,6,174,73,C,HYDROSHIP-M5-C,backscatter|blur|color|ripple,0.5184,1.0295,1.0567,56.0968,191.2863,0.2316,1.9243,1.5603,2.1284,2.5296,6.2468,0.8912,5,1.7343,True,True,raw,HYDROSHIP-M5-C
medium/qr_C_m6_medium_074.png,medium,0.55,6,174,74,C,HYDROSHIP-M5-C,backscatter|blur|color|ripple,0.4707,1.069,1.0811,57.3172,188.1261,0.1996,1.8162,1.4387,2.158,2.6342,5.3037,4.0602,5,1.7656,True,True,raw,HYDROSHIP-M5-C
medium/qr_C_m6_medium_075.png,medium,0.55,6,174,75,C,HYDROSHIP-M5-C,backscatter|blur|color|ripple,0.4622,1.0915,1.0482,53.8946,202.9032,0.2157,1.8721,1.3582,2.0865,2.5492,3.4606,5.821,5,1.7028,True,True,raw,HYDROSHIP-M5-C
medium/qr_C_m6_medium_076.png,medium,0.55,6,174,76,C,HYDROSHIP-M5-C,backscatter|blur|color|ripple,0.4997,1.0055,1.1835,57.2442,197.987,0.2057,1.8757,1.5744,2.1203,2.2727,6.0408,0.792,5,1.762,True,True,raw,HYDROSHIP-M5-C
medium/qr_C_m6_medium_077.png,medium,0.55,6,174,77,C,HYDROSHIP-M5-C,backscatter|blur|color|ripple,0.4683,1.1077,1.1337,55.3479,197.2972,0.2282,1.8086,1.3663,2.121,2.5496,0.6782,5.3777,5,1.7167,True,True,raw,HYDROSHIP-M5-C
medium/qr_C_m6_medium_078.png,medium,0.55,6,174,78,C,HYDROSHIP-M5-C,backscatter|blur|color|ripple,0.4622,1.0125,1.1161,58.3042,211.4524,0.2277,1.8051,1.3778,2.042,2.5782,1.8282,2.758,5,1.7031,False,True,cv2_fallback,HYDROSHIP-M5-C
medium/qr_C_m6_medium_079.png,medium,0.55,6,174,79,C,HYDROSHIP-M5-C,backscatter|blur|color|ripple,0.485,1.059,1.0672,56.9663,206.0259,0.2176,1.9196,1.4547,1.9419,2.3882,3.9604,3.7694,5,1.5826,True,True,raw,HYDROSHIP-M5-C
medium/qr_C_m6_medium_080.png,medium,0.55,6,174,80,C,HYDROSHIP-M5-C,backscatter|blur|color|ripple,0.5284,1.0102,1.034,56.9323,187.1048,0.2182,1.9027,1.5025,2.1368,2.6201,4.8357,3.4254,5,1.6566,False,False,fail,
medium/qr_C_m6_medium_081.png,medium,0.55,6,174,81,C,HYDROSHIP-M5-C,backscatter|blur|color|ripple,0.4623,0.9586,1.0201,51.1808,191.0603,0.2083,1.9769,1.5313,2.0442,2.4201,3.8396,4.3211,5,1.7195,True,True,raw,HYDROSHIP-M5-C
medium/qr_C_m6_medium_082.png,medium,0.55,6,174,82,C,HYDROSHIP-M5-C,backscatter|blur|color|ripple,0.4636,1.017,1.1604,51.7776,197.148,0.2014,1.934,1.5737,2.1545,2.4654,2.6986,5.5937,5,1.6407,True,True,raw,HYDROSHIP-M5-C
medium/qr_C_m6_medium_083.png,medium,0.55,6,174,83,C,HYDROSHIP-M5-C,backscatter|blur|color|ripple,0.4888,0.9584,1.1259,54.1579,191.8296,0.2243,2.036,1.5259,2.2083,2.4216,4.8574,3.1875,5,1.5663,False,False,fail,
deep/qr_C_m6_deep_000.png,deep,0.85,6,174,0,C,HYDROSHIP-M5-C,backscatter|blur|color|ripple,0.3107,1.1025,1.093,76.7973,167.6825,0.3088,2.9589,2.1184,2.8597,2.935,1.041,3.7281,5,2.4306,True,True,raw,HYDROSHIP-M5-C
deep/qr_C_m6_deep_001.png,deep,0.85,6,174,1,C,HYDROSHIP-M5-C,backscatter|blur|color|ripple,0.2837,1.043,1.118,82.1629,170.3154,0.3159,2.7364,2.2247,2.5869,3.2489,1.5217,6.1676,5,2.3971,True,True,raw,HYDROSHIP-M5-C
deep/qr_C_m6_deep_002.png,deep,0.85,6,174,2,C,HYDROSHIP-M5-C,backscatter|blur|color|ripple,0.3123,1.0396,1.2426,74.9085,183.7285,0.3273,2.8164,2.0777,2.6009,2.9951,1.1431,3.4329,5,2.3483,False,True,cv2_fallback,HYDROSHIP-M5-C
deep/qr_C_m6_deep_003.png,deep,0.85,6,174,3,C,HYDROSHIP-M5-C,backscatter|blur|color|ripple,0.3085,1.0001,1.097,76.3641,162.7662,0.3327,2.8764,2.0545,2.76,3.2026,4.4647,0.4906,5,2.1887,False,True,clahe,HYDROSHIP-M5-C
deep/qr_C_m6_deep_004.png,deep,0.85,6,174,4,C,HYDROSHIP-M5-C,backscatter|blur|color|ripple,0.3206,1.0094,1.1969,84.5328,178.68,0.3357,2.6287,2.2278,2.8058,2.9335,1.712,3.7181,5,2.4105,True,True,raw,HYDROSHIP-M5-C
deep/qr_C_m6_deep_005.png,deep,0.85,6,174,5,C,HYDROSHIP-M5-C,backscatter|blur|color|ripple,0.2965,1.0792,1.1589,84.1662,178.0571,0.3283,2.5546,2.208,2.7293,3.3235,5.8319,4.0055,5,2.4658,False,False,fail,
deep/qr_C_m6_deep_006.png,deep,0.85,6,174,6,C,HYDROSHIP-M5-C,backscatter|blur|color|ripple,0.3144,1.0332,1.1448,85.0651,187.5878,0.2903,2.6655,2.2116,2.7631,2.9671,1.915,5.0357,5,2.4192,False,False,fail,
deep/qr_C_m6_deep_007.png,deep,0.85,6,174,7,C,HYDROSHIP-M5-C,backscatter|blur|color|ripple,0.2769,1.1236,1.0646,77.4588,185.8356,0.3268,2.5523,2.1586,2.7623,3.1815,1.7968,4.967,5,2.1319,False,False,fail,
deep/qr_C_m6_deep_008.png,deep,0.85,6,174,8,C,HYDROSHIP-M5-C,backscatter|blur|color|ripple,0.2927,1.0658,1.1093,76.2509,172.9769,0.3309,2.6632,2.1257,2.6491,3.2156,0.8661,1.177,5,2.3071,False,True,cv2_fallback,HYDROSHIP-M5-C
deep/qr_C_m6_deep_009.png,deep,0.85,6,174,9,C,HYDROSHIP-M5-C,backscatter|blur|color|ripple,0.283,0.99,1.1302,76.9959,183.5226,0.302,2.6105,2.0189,2.8172,2.9096,5.0654,3.5722,5,2.1483,False,False,fail,
deep/qr_C_m6_deep_010.png,deep,0.85,6,174,10,C,HYDROSHIP-M5-C,backscatter|blur|color|ripple,0.2912,1.009,1.1969,82.0815,163.5403,0.3157,2.8974,2.1482,2.8349,3.292,1.3596,5.0498,5,2.3531,True,True,raw,HYDROSHIP-M5-C
deep/qr_C_m6_deep_011.png,deep,0.85,6,174,11,C,HYDROSHIP-M5-C,backscatter|blur|color|ripple,0.2807,1.0073,1.1767,76.3497,163.8604,0.332,2.7807,2.1669,2.759,3.3157,3.7676,0.5967,5,2.1121,False,False,fail,
deep/qr_C_m6_deep_012.png,deep,0.85,6,174,12,C,HYDROSHIP-M5-C,backscatter|blur|color|ripple,0.2857,1.078,1.1345,83.5806,171.229,0.31,2.8576,1.9835,2.6714,3.1926,2.1082,3.2039,5,2.2898,True,True,raw,HYDROSHIP-M5-C
deep/qr_C_m6_deep_013.png,deep,0.85,6,174,13,C,HYDROSHIP-M5-C,backscatter|blur|color|ripple,0.2928,0.9824,1.1611,83.5073,185.3654,0.3167,2.8317,1.9919,2.8687,2.9915,5.8768,4.4088,5,2.1381,False,False,fail,
deep/qr_C_m6_deep_014.png,deep,0.85,6,174,14,C,HYDROSHIP-M5-C,backscatter|blur|color|ripple,0.313,1.063,1.0943,73.9754,183.7036,0.3331,2.6927,2.082,2.7604,3.2326,1.2446,1.6716,5,2.35,True,True,raw,HYDROSHIP-M5-C
deep/qr_C_m6_deep_015.png,deep,0.85,6,174,15,C,HYDROSHIP-M5-C,backscatter|blur|color|ripple,0.3039,1.1233,1.1257,82.5103,181.078,0.3185,2.6656,2.0582,2.7775,3.1211,0.509,2.5844,5,2.1397,False,True,cv2_fallback,HYDROSHIP-M5-C
deep/qr_C_m6_deep_016.png,deep,0.85,6,174,16,C,HYDROSHIP-M5-C,backscatter|blur|color|ripple,0.2857,1.1218,1.2024,74.5406,182.3583,0.3202,2.8197,1.986,2.5753,2.9445,4.6445,2.2129,5,2.4643,True,True,raw,HYDROSHIP-M5-C
deep/qr_C_m6_deep_017.png,deep,0.85,6,174,17,C,HYDROSHIP-M5-C,backscatter|blur|color|ripple,0.2814,1.0431,1.0851,82.6551,165.9305,0.2904,2.9736,2.0879,2.5518,2.9651,5.7655,3.4551,5,2.2861,True,True,raw,HYDROSHIP-M5-C
deep/qr_C_m6_deep_018.png,deep,0.85,6,174,18,C,HYDROSHIP-M5-C,backscatter|blur|color|ripple,0.2857,1.0811,1.1273,84.4408,180.8348,0.3185,2.7319,2.0875,2.5941,3.3476,0.461,5.5204,5,2.3984,False,False,fail,
deep/qr_C_m6_deep_019.png,deep,0.85,6,174,19,C,HYDROSHIP-M5-C,backscatter|blur|color|ripple,0.2989,1.066,1.0914,76.8788,183.881,0.3078,2.8265,2.3161,2.8827,3.2315,5.0074,2.5622,5,2.1553,False,False,fail,
deep/qr_C_m6_deep_020.png,deep,0.85,6,174,20,C,HYDROSHIP-M5-C,backscatter|blur|color|ripple,0.278,1.0443,1.0946,74.8284,164.0632,0.2902,2.7002,2.3061,2.6286,3.0716,4.3489,3.0553,5,2.173,True,True,raw,HYDROSHIP-M5-C
deep/qr_C_m6_deep_021.png,deep,0.85,6,174,21,C,HYDROSHIP-M5-C,backscatter|blur|color|ripple,0.3025,1.0278,1.1645,81.1887,168.7185,0.3203,2.6736,2.1415,2.7667,3.0271,2.0575,3.2709,5,2.4547,False,False,fail,
deep/qr_C_m6_deep_022.png,deep,0.85,6,174,22,C,HYDROSHIP-M5-C,backscatter|blur|color|ripple,0.2832,1.119,1.2018,80.6804,164.6156,0.336,2.5632,2.0728,2.644,3.3747,0.8568,3.0924,5,2.3626,False,False,fail,
deep/qr_C_m6_deep_023.png,deep,0.85,6,174,23,C,HYDROSHIP-M5-C,backscatter|blur|color|ripple,0.3047,1.0892,1.1346,76.4487,183.637,0.3088,2.8532,2.1388,2.5473,3.0604,0.5517,2.0903,5,2.1339,False,False,fail,
deep/qr_C_m6_deep_024.png,deep,0.85,6,174,24,C,HYDROSHIP-M5-C,backscatter|blur|color|ripple,0.2868,1.0989,1.1629,75.2896,168.2067,0.3297,2.8739,2.3208,2.8578,3.0674,2.5386,0.7526,5,2.3158,False,False,fail,
deep/qr_C_m6_deep_025.png,deep,0.85,6,174,25,C,HYDROSHIP-M5-C,backscatter|blur|color|ripple,0.3212,1.1143,1.2304,73.5479,175.4163,0.2878,2.7408,2.2878,2.5505,3.1967,0.41,3.9522,5,2.3687,False,False,fail,
deep/qr_C_m6_deep_026.png,deep,0.85,6,174,26,C,HYDROSHIP-M5-C,backscatter|blur|color|ripple,0.3001,1.0847,1.1885,82.4897,161.9262,0.2872,2.5847,2.2824,2.5241,3.2601,5.4517,0.6473,5,2.2513,False,True,clahe,HYDROSHIP-M5-C
deep/qr_C_m6_deep_027.png,deep,0.85,6,174,27,C,HYDROSHIP-M5-C,backscatter|blur|color|ripple,0.278,1.0357,1.0884,77.1038,176.6485,0.3228,2.7477,2.0159,2.5668,3.0576,1.3683,6.0785,5,2.3099,False,True,clahe,HYDROSHIP-M5-C
deep/qr_C_m6_deep_028.png,deep,0.85,6,174,28,C,HYDROSHIP-M5-C,backscatter|blur|color|ripple,0.2964,0.9642,1.1821,76.4998,175.0594,0.2991,2.8683,2.3014,2.6912,3.1866,4.1743,2.7097,5,2.4062,False,True,cv2_fallback,HYDROSHIP-M5-C
deep/qr_C_m6_deep_029.png,deep,0.85,6,174,29,C,HYDROSHIP-M5-C,backscatter|blur|color|ripple,0.3004,1.02,1.1549,80.5837,188.5896,0.3043,2.7063,2.2725,2.7149,3.0748,3.5719,0.318,5,2.2371,False,False,fail,
deep/qr_C_m6_deep_030.png,deep,0.85,6,174,30,C,HYDROSHIP-M5-C,backscatter|blur|color|ripple,0.3045,1.0084,1.2323,82.8999,182.6612,0.3365,2.8479,2.1866,2.8129,3.1971,0.549,1.4055,5,2.2482,False,True,cv2_fallback,HYDROSHIP-M5-C
deep/qr_C_m6_deep_031.png,deep,0.85,6,174,31,C,HYDROSHIP-M5-C,backscatter|blur|color|ripple,0.2998,0.9809,1.1572,80.611,176.4238,0.3178,2.8449,2.2038,2.5179,3.0379,2.1174,1.0365,5,2.3226,False,True,clahe,HYDROSHIP-M5-C
deep/qr_C_m6_deep_032.png,deep,0.85,6,174,32,C,HYDROSHIP-M5-C,backscatter|blur|color|ripple,0.3154,0.9708,1.0662,74.7276,179.4815,0.3077,2.5922,2.2516,2.7752,3.1695,3.1369,1.1939,5,2.3531,False,False,fail,
deep/qr_C_m6_deep_033.png,deep,0.85,6,174,33,C,HYDROSHIP-M5-C,backscatter|blur|color|ripple,0.2961,1.0667,1.129,77.4816,166.9265,0.3101,2.9241,2.1261,2.7919,2.9224,0.1224,2.1638,5,2.4644,False,True,cv2_fallback,HYDROSHIP-M5-C
deep/qr_C_m6_deep_034.png,deep,0.85,6,174,34,C,HYDROSHIP-M5-C,backscatter|blur|color|ripple,0.3156,1.0341,1.2256,85.1678,162.0529,0.2882,2.6964,2.2438,2.5948,3.114,1.2837,1.1799,5,2.2489,False,True,clahe,HYDROSHIP-M5-C
deep/qr_C_m6_deep_035.png,deep,0.85,6,174,35,C,HYDROSHIP-M5-C,backscatter|blur|color|ripple,0.2853,1.0961,1.1416,80.2617,176.3016,0.3337,2.5695,2.1504,2.6772,3.102,4.7303,1.3302,5,2.4231,True,True,raw,HYDROSHIP-M5-C
deep/qr_C_m6_deep_036.png,deep,0.85,6,174,36,C,HYDROSHIP-M5-C,backscatter|blur|color|ripple,0.2861,1.0279,1.2266,80.6094,161.7908,0.3096,2.7253,2.1927,2.8904,3.3857,0.8751,2.5944,5,2.2002,True,True,raw,HYDROSHIP-M5-C
deep/qr_C_m6_deep_037.png,deep,0.85,6,174,37,C,HYDROSHIP-M5-C,backscatter|blur|color|ripple,0.3043,1.0532,1.1494,76.783,188.7437,0.3219,2.9175,2.3266,2.7971,3.2693,5.1938,3.9599,5,2.2483,False,False,fail,
deep/qr_C_m6_deep_038.png,deep,0.85,6,174,38,C,HYDROSHIP-M5-C,backscatter|blur|color|ripple,0.3115,0.9786,1.0996,75.0153,168.02,0.3317,2.657,2.0587,2.6499,3.2508,5.7537,1.2316,5,2.4322,False,False,fail,
deep/qr_C_m6_deep_039.png,deep,0.85,6,174,39,C,HYDROSHIP-M5-C,backscatter|blur|color|ripple,0.2801,1.0762,1.185,78.4829,176.9774,0.3064,2.5637,2.2267,2.5003,3.2034,3.2295,1.6515,5,2.3118,False,False,fail,
deep/qr_C_m6_deep_040.png,deep,0.85,6,174,40,C,HYDROSHIP-M5-C,backscatter|blur|color|ripple,0.2995,1.097,1.2328,78.6435,167.0016,0.3053,2.8428,2.0658,2.663,2.9241,5.7111,2.751,5,2.3866,False,False,fail,
deep/qr_C_m6_deep_041.png,deep,0.85,6,174,41,C,HYDROSHIP-M5-C,backscatter|blur|color|ripple,0.3115,0.9913,1.1289,75.3344,169.6795,0.3267,2.771,2.1225,2.7162,2.9484,4.4877,4.8896,5,2.1989,True,True,raw,HYDROSHIP-M5-C
deep/qr_C_m6_deep_042.png,deep,0.85,6,174,42,C,HYDROSHIP-M5-C,backscatter|blur|color|ripple,0.2994,1.0008,1.1615,83.6196,165.9708,0.3019,2.8471,2.1142,2.8072,3.3531,4.9392,1.1451,5,2.2969,False,False,fail,
deep/qr_C_m6_deep_043.png,deep,0.85,6,174,43,C,HYDROSHIP-M5-C,backscatter|blur|color|ripple,0.2753,1.0682,1.0682,85.3584,166.5071,0.3266,2.9282,2.0669,2.8619,3.2081,3.1815,1.5385,5,2.1111,False,False,fail,
deep/qr_C_m6_deep_044.png,deep,0.85,6,174,44,C,HYDROSHIP-M5-C,backscatter|blur|color|ripple,0.2992,1.0567,1.2013,78.1029,172.8488,0.3082,2.6461,2.2482,2.6286,3.2253,4.7072,3.6291,5,2.3138,True,True,raw,HYDROSHIP-M5-C
deep/qr_C_m6_deep_045.png,deep,0.85,6,174,45,C,HYDROSHIP-M5-C,backscatter|blur|color|ripple,0.28,0.989,1.2067,82.7057,161.3748,0.3283,2.7689,2.0289,2.563,3.3966,4.1398,4.1614,5,2.3537,False,True,cv2_fallback,HYDROSHIP-M5-C
deep/qr_C_m6_deep_046.png,deep,0.85,6,174,46,C,HYDROSHIP-M5-C,backscatter|blur|color|ripple,0.3119,1.0438,1.1595,84.6273,161.7001,0.3173,2.7076,2.1976,2.7773,3.3974,1.2706,2.3115,5,2.442,True,True,raw,HYDROSHIP-M5-C
deep/qr_C_m6_deep_047.png,deep,0.85,6,174,47,C,HYDROSHIP-M5-C,backscatter|blur|color|ripple,0.3213,1.0905,1.1918,74.2081,173.1236,0.3009,2.6101,2.0466,2.8712,3.2232,5.4992,4.8155,5,2.2314,False,False,fail,
deep/qr_C_m6_deep_048.png,deep,0.85,6,174,48,C,HYDROSHIP-M5-C,backscatter|blur|color|ripple,0.274,0.9879,1.1351,77.7364,187.8763,0.3011,2.7672,2.2234,2.839,2.9568,1.0493,3.8596,5,2.1076,True,True,raw,HYDROSHIP-M5-C
deep/qr_C_m6_deep_049.png,deep,0.85,6,174,49,C,HYDROSHIP-M5-C,backscatter|blur|color|ripple,0.3149,1.1254,1.2145,75.9365,175.2992,0.3032,2.8495,2.0198,2.7174,3.3556,1.4036,0.2852,5,2.4082,True,True,raw,HYDROSHIP-M5-C
deep/qr_C_m6_deep_050.png,deep,0.85,6,174,50,C,HYDROSHIP-M5-C,backscatter|blur|color|ripple,0.3077,1.0169,1.1283,80.6796,161.3797,0.3263,2.5585,2.0244,2.8953,3.1488,5.3277,4.4292,5,2.3144,False,False,fail,
deep/qr_C_m6_deep_051.png,deep,0.85,6,174,51,C,HYDROSHIP-M5-C,backscatter|blur|color|ripple,0.3041,1.0119,1.2025,81.193,175.6465,0.3024,2.6484,2.3234,2.6513,3.3394,1.3247,2.2555,5,2.3136,True,True,raw,HYDROSHIP-M5-C
deep/qr_C_m6_deep_052.png,deep,0.85,6,174,52,C,HYDROSHIP-M5-C,backscatter|blur|color|ripple,0.3122,1.054,1.1731,85.0576,179.5682,0.3198,2.7157,1.9833,2.7288,3.2189,0.8417,6.2247,5,2.3354,True,True,raw,HYDROSHIP-M5-C
deep/qr_C_m6_deep_053.png,deep,0.85,6,174,53,C,HYDROSHIP-M5-C,backscatter|blur|color|ripple,0.2976,1.0852,1.227,84.8342,179.4871,0.3312,2.9299,2.0759,2.9124,3.2745,0.5378,1.9152,5,2.4345,False,True,cv2_fallback,HYDROSHIP-M5-C
deep/qr_C_m6_deep_054.png,deep,0.85,6,174,54,C,HYDROSHIP-M5-C,backscatter|blur|color|ripple,0.3023,1.0727,1.1082,79.4806,187.8233,0.3151,2.6228,2.0931,2.7047,3.1122,1.9413,3.6188,5,2.3561,True,True,raw,HYDROSHIP-M5-C
deep/qr_C_m6_deep_055.png,deep,0.85,6,174,55,C,HYDROSHIP-M5-C,backscatter|blur|color|ripple,0.3183,1.1154,1.1635,84.1327,169.3766,0.2932,2.9581,2.2719,2.8354,3.3917,0.9536,0.5861,5,2.3853,True,True,raw,HYDROSHIP-M5-C
deep/qr_C_m6_deep_056.png,deep,0.85,6,174,56,C,HYDROSHIP-M5-C,backscatter|blur|color|ripple,0.3106,1.048,1.2099,76.9549,173.3243,0.3308,2.7848,2.0486,2.7852,3.3407,0.5372,4.6482,5,2.3285,False,True,cv2_fallback,HYDROSHIP-M5-C
deep/qr_C_m6_deep_057.png,deep,0.85,6,174,57,C,HYDROSHIP-M5-C,backscatter|blur|color|ripple,0.2845,1.1031,1.1812,82.7734,179.7048,0.3214,2.6081,2.1494,2.5954,2.969,4.028,3.6772,5,2.1775,False,True,cv2_fallback,HYDROSHIP-M5-C
deep/qr_C_m6_deep_058.png,deep,0.85,6,174,58,C,HYDROSHIP-M5-C,backscatter|blur|color|ripple,0.3131,1.0136,1.1064,78.4712,186.9446,0.3,2.8148,2.2143,2.7658,3.2731,2.1966,4.1244,5,2.2933,False,False,fail,
deep/qr_C_m6_deep_059.png,deep,0.85,6,174,59,C,HYDROSHIP-M5-C,backscatter|blur|color|ripple,0.2752,1.0354,1.2087,75.1955,162.3,0.2894,2.7891,2.1119,2.7409,2.9535,2.5742,4.3123,5,2.4105,False,False,fail,
deep/qr_C_m6_deep_060.png,deep,0.85,6,174,60,C,HYDROSHIP-M5-C,backscatter|blur|color|ripple,0.3088,0.9766,1.2145,73.4153,162.024,0.3314,2.9034,2.0245,2.676,3.2952,2.5385,6.0336,5,2.3039,False,False,fail,
deep/qr_C_m6_deep_061.png,deep,0.85,6,174,61,C,HYDROSHIP-M5-C,backscatter|blur|color|ripple,0.305,1.0172,1.063,78.0998,178.4493,0.323,2.5591,2.159,2.6314,3.1077,1.539,4.5676,5,2.4239,True,True,raw,HYDROSHIP-M5-C
deep/qr_C_m6_deep_062.png,deep,0.85,6,174,62,C,HYDROSHIP-M5-C,backscatter|blur|color|ripple,0.291,1.055,1.078,84.2134,168.9827,0.3204,2.6654,2.1989,2.719,3.0918,0.768,2.0284,5,2.3105,False,True,cv2_fallback,HYDROSHIP-M5-C
deep/qr_C_m6_deep_063.png,deep,0.85,6,174,63,C,HYDROSHIP-M5-C,backscatter|blur|color|ripple,0.3008,0.9708,1.1239,76.3187,165.6063,0.3186,2.6914,2.0262,2.7514,2.906,3.7064,4.6586,5,2.3223,False,False,fail,
deep/qr_C_m6_deep_064.png,deep,0.85,6,174,64,C,HYDROSHIP-M5-C,backscatter|blur|color|ripple,0.298,1.0992,1.2261,74.4509,168.7435,0.3362,2.9256,2.3012,2.5724,2.9427,5.7514,2.2423,5,2.1417,False,False,fail,
deep/qr_C_m6_deep_065.png,deep,0.85,6,174,65,C,HYDROSHIP-M5-C,backscatter|blur|color|ripple,0.2869,0.967,1.1852,84.2095,188.5028,0.3119,2.6575,2.2373,2.6497,3.3608,1.4906,6.0059,5,2.1088,True,True,raw,HYDROSHIP-M5-C
deep/qr_C_m6_deep_066.png,deep,0.85,6,174,66,C,HYDROSHIP-M5-C,backscatter|blur|color|ripple,0.3184,0.9651,1.1848,82.0504,174.1939,0.3117,2.5677,2.2135,2.7551,3.0832,1.3914,5.6831,5,2.2383,True,True,raw,HYDROSHIP-M5-C
deep/qr_C_m6_deep_067.png,deep,0.85,6,174,67,C,HYDROSHIP-M5-C,backscatter|blur|color|ripple,0.2859,1.0381,1.1634,81.2433,183.2724,0.2926,2.5673,2.1601,2.5558,2.9817,3.6193,5.7481,5,2.2789,False,False,fail,
deep/qr_C_m6_deep_068.png,deep,0.85,6,174,68,C,HYDROSHIP-M5-C,backscatter|blur|color|ripple,0.3191,1.0658,1.1714,80.4685,171.9551,0.3295,2.802,2.1543,2.836,3.0988,6.2648,5.9762,5,2.3534,False,False,fail,
deep/qr_C_m6_deep_069.png,deep,0.85,6,174,69,C,HYDROSHIP-M5-C,backscatter|blur|color|ripple,0.2854,1.0004,1.0745,81.3353,167.1424,0.2902,2.6573,2.184,2.5957,3.202,0.5548,4.9534,5,2.3405,False,False,fail,
deep/qr_C_m6_deep_070.png,deep,0.85,6,174,70,C,HYDROSHIP-M5-C,backscatter|blur|color|ripple,0.2772,1.0799,1.1708,81.7183,181.5535,0.3235,2.9051,2.2105,2.8898,2.924,5.467,2.8203,5,2.2294,False,False,fail,
deep/qr_C_m6_deep_071.png,deep,0.85,6,174,71,C,HYDROSHIP-M5-C,backscatter|blur|color|ripple,0.2856,1.0732,1.16,73.3396,168.9909,0.3367,2.8303,2.2299,2.8499,3.2247,0.6036,1.0144,5,2.2324,False,True,cv2_fallback,HYDROSHIP-M5-C
deep/qr_C_m6_deep_072.png,deep,0.85,6,174,72,C,HYDROSHIP-M5-C,backscatter|blur|color|ripple,0.2999,1.0261,1.1524,75.0105,176.5274,0.2957,2.7627,2.0839,2.7455,3.2694,4.2157,0.7722,5,2.421,True,True,raw,HYDROSHIP-M5-C
deep/qr_C_m6_deep_073.png,deep,0.85,6,174,73,C,HYDROSHIP-M5-C,backscatter|blur|color|ripple,0.2758,0.9925,1.1969,83.0272,180.8213,0.3038,2.7414,2.1,2.8436,3.3935,3.7957,2.9836,5,2.2062,False,False,fail,
deep/qr_C_m6_deep_074.png,deep,0.85,6,174,74,C,HYDROSHIP-M5-C,backscatter|blur|color|ripple,0.3055,1.0232,1.0765,82.7063,173.0965,0.3099,2.8745,2.0595,2.8602,3.0147,2.3843,1.3945,5,2.2933,False,False,fail,
deep/qr_C_m6_deep_075.png,deep,0.85,6,174,75,C,HYDROSHIP-M5-C,backscatter|blur|color|ripple,0.2765,1.0008,1.1886,74.7559,180.449,0.3366,2.9662,2.3094,2.5101,3.3549,2.3118,0.2187,5,2.2973,True,True,raw,HYDROSHIP-M5-C
deep/qr_C_m6_deep_076.png,deep,0.85,6,174,76,C,HYDROSHIP-M5-C,backscatter|blur|color|ripple,0.2838,1.1168,1.1568,79.8326,167.034,0.2966,2.6566,2.2629,2.7881,3.3211,3.1178,2.983,5,2.2379,False,False,fail,
deep/qr_C_m6_deep_077.png,deep,0.85,6,174,77,C,HYDROSHIP-M5-C,backscatter|blur|color|ripple,0.2843,0.9759,1.1301,73.5575,164.9225,0.3063,2.6661,2.0614,2.7944,3.0907,4.832,0.9909,5,2.1239,True,True,raw,HYDROSHIP-M5-C
deep/qr_C_m6_deep_078.png,deep,0.85,6,174,78,C,HYDROSHIP-M5-C,backscatter|blur|color|ripple,0.3137,1.0674,1.1514,80.6625,168.0675,0.2876,2.8154,2.0181,2.6032,2.9188,1.9325,0.1808,5,2.1704,True,True,raw,HYDROSHIP-M5-C
deep/qr_C_m6_deep_079.png,deep,0.85,6,174,79,C,HYDROSHIP-M5-C,backscatter|blur|color|ripple,0.3089,1.1025,1.2261,74.4338,161.1945,0.3335,2.6373,2.0599,2.5539,3.1212,2.5463,4.4204,5,2.4484,False,False,fail,
deep/qr_C_m6_deep_080.png,deep,0.85,6,174,80,C,HYDROSHIP-M5-C,backscatter|blur|color|ripple,0.292,1.0138,1.2378,84.1505,161.9427,0.2942,2.7353,1.9935,2.6728,3.3997,6.215,0.5224,5,2.2672,False,False,fail,
deep/qr_C_m6_deep_081.png,deep,0.85,6,174,81,C,HYDROSHIP-M5-C,backscatter|blur|color|ripple,0.2744,1.0346,1.1316,75.2612,164.7781,0.302,2.6251,2.1107,2.723,3.39,1.4593,1.1847,5,2.255,True,True,raw,HYDROSHIP-M5-C
deep/qr_C_m6_deep_082.png,deep,0.85,6,174,82,C,HYDROSHIP-M5-C,backscatter|blur|color|ripple,0.2869,1.1202,1.239,74.571,181.5967,0.2989,2.8932,2.0791,2.5593,2.9349,5.7456,5.0877,5,2.1705,False,False,fail,
deep/qr_C_m6_deep_083.png,deep,0.85,6,174,83,C,HYDROSHIP-M5-C,backscatter|blur|color|ripple,0.3117,1.0692,1.1438,79.5387,187.3486,0.2999,2.6444,2.1468,2.6408,2.9238,0.7895,0.5936,5,2.3603,False,True,cv2_fallback,HYDROSHIP-M5-C
shallow/qr_C_m8_shallow_000.png,shallow,0.25,8,232,0,C,HYDROSHIP-M5-C,backscatter|blur|color|ripple,0.6472,0.9413,1.0619,28.3152,235.7375,0.1213,0.9846,0.8225,1.4466,1.7155,5.3694,2.2635,3,1.0015,True,True,raw,HYDROSHIP-M5-C
shallow/qr_C_m8_shallow_001.png,shallow,0.25,8,232,1,C,HYDROSHIP-M5-C,backscatter|blur|color|ripple,0.7179,1.079,0.9931,27.5384,230.6081,0.1239,1.0393,0.7875,1.533,1.7983,6.0954,0.7295,3,1.0729,True,True,raw,HYDROSHIP-M5-C
shallow/qr_C_m8_shallow_002.png,shallow,0.25,8,232,2,C,HYDROSHIP-M5-C,backscatter|blur|color|ripple,0.6862,0.9813,1.0766,31.0782,235.6974,0.1265,1.0978,0.7616,1.5641,1.8741,2.7919,5.7448,3,0.9466,True,True,raw,HYDROSHIP-M5-C
shallow/qr_C_m8_shallow_003.png,shallow,0.25,8,232,3,C,HYDROSHIP-M5-C,backscatter|blur|color|ripple,0.6602,1.0086,1.1263,30.8479,210.899,0.1159,1.0711,0.7137,1.577,1.7101,0.3945,3.2467,3,1.0686,True,True,raw,HYDROSHIP-M5-C
shallow/qr_C_m8_shallow_004.png,shallow,0.25,8,232,4,C,HYDROSHIP-M5-C,backscatter|blur|color|ripple,0.6425,0.9799,1.0779,28.7566,239.9635,0.1258,0.9708,0.7151,1.393,1.8635,0.8972,5.0282,3,1.039,True,True,raw,HYDROSHIP-M5-C
shallow/qr_C_m8_shallow_005.png,shallow,0.25,8,232,5,C,HYDROSHIP-M5-C,backscatter|blur|color|ripple,0.6543,1.0256,0.9919,29.2609,213.0106,0.1229,1.0269,0.7801,1.415,1.6731,2.3701,6.1925,3,1.0087,True,True,raw,HYDROSHIP-M5-C
shallow/qr_C_m8_shallow_006.png,shallow,0.25,8,232,6,C,HYDROSHIP-M5-C,backscatter|blur|color|ripple,0.6655,0.9659,1.0281,28.969,211.8415,0.1171,0.9866,0.7766,1.5916,1.6849,0.5478,6.1174,3,0.9669,True,True,raw,HYDROSHIP-M5-C
shallow/qr_C_m8_shallow_007.png,shallow,0.25,8,232,7,C,HYDROSHIP-M5-C,backscatter|blur|color|ripple,0.667,0.9653,1.1004,29.3474,216.0953,0.119,1.0297,0.7985,1.5883,1.7442,1.7071,4.9791,3,0.9645,True,True,raw,HYDROSHIP-M5-C
shallow/qr_C_m8_shallow_008.png,shallow,0.25,8,232,8,C,HYDROSHIP-M5-C,backscatter|blur|color|ripple,0.687,0.9736,1.1059,26.9526,215.8658,0.1181,0.9523,0.7857,1.5002,1.7439,2.2335,2.3284,3,0.9685,True,True,raw,HYDROSHIP-M5-C
shallow/qr_C_m8_shallow_009.png,shallow,0.25,8,232,9,C,HYDROSHIP-M5-C,backscatter|blur|color|ripple,0.7267,1.07,1.0692,27.9379,239.9269,0.1122,0.9496,0.8235,1.4888,1.8911,3.7842,3.727,3,0.9919,True,True,raw,HYDROSHIP-M5-C
shallow/qr_C_m8_shallow_010.png,shallow,0.25,8,232,10,C,HYDROSHIP-M5-C,backscatter|blur|color|ripple,0.7267,0.9584,0.9733,29.6705,235.6016,0.1157,0.987,0.8252,1.5368,1.6964,2.104,1.4157,3,0.9879,True,True,raw,HYDROSHIP-M5-C
shallow/qr_C_m8_shallow_011.png,shallow,0.25,8,232,11,C,HYDROSHIP-M5-C,backscatter|blur|color|ripple,0.7252,0.9741,1.085,28.8115,213.5827,0.1152,1.0244,0.75,1.4983,1.6426,4.8606,0.3579,3,1.0985,True,True,raw,HYDROSHIP-M5-C
shallow/qr_C_m8_shallow_012.png,shallow,0.25,8,232,12,C,HYDROSHIP-M5-C,backscatter|blur|color|ripple,0.661,1.0732,0.9735,30.5574,222.2429,0.1173,1.0118,0.7985,1.5138,1.7386,5.6562,5.8242,3,0.968,True,True,raw,HYDROSHIP-M5-C
shallow/qr_C_m8_shallow_013.png,shallow,0.25,8,232,13,C,HYDROSHIP-M5-C,backscatter|blur|color|ripple,0.7293,0.9774,1.1047,31.0085,223.2337,0.1289,0.9548,0.7218,1.6169,1.7557,3.9704,2.9301,3,0.9471,True,True,raw,HYDROSHIP-M5-C
shallow/qr_C_m8_shallow_014.png,shallow,0.25,8,232,14,C,HYDROSHIP-M5-C,backscatter|blur|color|ripple,0.7179,0.9324,1.1283,30.1541,224.1362,0.1218,1.098,0.8211,1.563,1.6467,3.8623,3.5192,3,1.1016,True,True,raw,HYDROSHIP-M5-C
shallow/qr_C_m8_shallow_015.png,shallow,0.25,8,232,15,C,HYDROSHIP-M5-C,backscatter|blur|color|ripple,0.7052,1.0695,1.124,28.0274,208.535,0.1199,1.0283,0.7272,1.3855,1.7512,5.909,5.7773,3,0.9934,True,True,raw,HYDROSHIP-M5-C
shallow/qr_C_m8_shallow_016.png,shallow,0.25,8,232,16,C,HYDROSHIP-M5-C,backscatter|blur|color|ripple,0.7156,1.093,1.0712,28.3121,216.8183,0.1158,1.0401,0.7315,1.4649,1.7208,6.1326,3.1218,3,1.0241,True,True,raw,HYDROSHIP-M5-C
shallow/qr_C_m8_shallow_017.png,shallow,0.25,8,232,17,C,HYDROSHIP-M5-C,backscatter|blur|color|ripple,0.6371,1.0912,1.0421,30.9824,232.2549,0.1107,1.0726,0.8153,1.5287,1.8854,5.5532,0.9268,3,0.9827,True,True,raw,HYDROSHIP-M5-C
shallow/qr_C_m8_shallow_018.png,shallow,0.25,8,232,18,C,HYDROSHIP-M5-C,backscatter|blur|color|ripple,0.7334,1.0108,0.9938,27.7964,212.5427,0.1235,1.0025,0.7703,1.4426,1.8582,2.3886,4.1431,3,0.9512,True,True,raw,HYDROSHIP-M5-C
shallow/qr_C_m8_shallow_019.png,shallow,0.25,8,232,19,C,HYDROSHIP-M5-C,backscatter|blur|color|ripple,0.7396,0.9764,0.9975,29.8383,240.6355,0.1187,1.0857,0.7353,1.5651,1.6568,4.9603,1.2083,3,1.0057,True,True,raw,HYDROSHIP-M5-C
shallow/qr_C_m8_shallow_020.png,shallow,0.25,8,232,20,C,HYDROSHIP-M5-C,backscatter|blur|color|ripple,0.6598,0.95,0.9852,30.4474,242.1025,0.113,1.0309,0.7748,1.522,1.7463,4.5338,1.8696,3,1.0007,True,True,raw,HYDROSHIP-M5-C
shallow/qr_C_m8_shallow_021.png,shallow,0.25,8,232,21,C,HYDROSHIP-M5-C,backscatter|blur|color|ripple,0.6853,0.9507,1.0804,28.0369,210.9512,0.1132,1.0071,0.8092,1.6099,1.6842,4.4478,4.1956,3,0.9562,True,True,raw,HYDROSHIP-M5-C
shallow/qr_C_m8_shallow_022.png,shallow,0.25,8,232,22,C,HYDROSHIP-M5-C,backscatter|blur|color|ripple,0.7231,1.0084,1.1277,28.3341,218.5948,0.1113,0.995,0.8229,1.5994,1.7743,0.9207,4.4859,3,1.105,True,True,raw,HYDROSHIP-M5-C
shallow/qr_C_m8_shallow_023.png,shallow,0.25,8,232,23,C,HYDROSHIP-M5-C,backscatter|blur|color|ripple,0.7355,0.9424,1.0319,27.767,217.3812,0.1215,1.0819,0.8349,1.384,1.6433,1.3209,1.8029,3,1.0032,True,True,raw,HYDROSHIP-M5-C
shallow/qr_C_m8_shallow_024.png,shallow,0.25,8,232,24,C,HYDROSHIP-M5-C,backscatter|blur|color|ripple,0.6432,0.9495,0.99,26.9768,240.3209,0.1145,1.0467,0.793,1.3971,1.8169,5.1492,1.3132,3,1.0647,True,True,raw,HYDROSHIP-M5-C
shallow/qr_C_m8_shallow_025.png,shallow,0.25,8,232,25,C,HYDROSHIP-M5-C,backscatter|blur|color|ripple,0.6926,0.9676,1.1087,28.9761,228.8684,0.1246,1.0589,0.7696,1.479,1.6509,3.1157,5.1321,3,1.0776,True,True,raw,HYDROSHIP-M5-C
shallow/qr_C_m8_shallow_026.png,shallow,0.25,8,232,26,C,HYDROSHIP-M5-C,backscatter|blur|color|ripple,0.718,1.0749,0.9642,31.1092,225.2863,0.1283,1.0795,0.7988,1.4815,1.8818,3.227,1.352,3,0.9645,True,True,raw,HYDROSHIP-M5-C
shallow/qr_C_m8_shallow_027.png,shallow,0.25,8,232,27,C,HYDROSHIP-M5-C,backscatter|blur|color|ripple,0.6543,1.0614,1.0915,28.9623,227.6447,0.127,0.9861,0.8136,1.6046,1.8575,0.369,1.7989,3,1.0655,True,True,raw,HYDROSHIP-M5-C
shallow/qr_C_m8_shallow_028.png,shallow,0.25,8,232,28,C,HYDROSHIP-M5-C,backscatter|blur|color|ripple,0.678,1.0531,1.0984,30.1273,220.3496,0.128,0.9907,0.8188,1.4096,1.8826,2.825,1.4613,3,1.1032,True,True,raw,HYDROSHIP-M5-C
shallow/qr_C_m8_shallow_029.png,shallow,0.25,8,232,29,C,HYDROSHIP-M5-C,backscatter|blur|color|ripple,0.6552,1.0536,1.1263,29.7536,238.8669,0.1167,1.0574,0.7185,1.4633,1.8825,5.1507,5.2545,3,0.9603,True,True,raw,HYDROSHIP-M5-C
shallow/qr_C_m8_shallow_030.png,shallow,0.25,8,232,30,C,HYDROSHIP-M5-C,backscatter|blur|color|ripple,0.6451,1.0208,1.093,30.6356,239.1391,0.1211,1.0645,0.7993,1.5637,1.9112,1.7129,4.9671,3,1.0745,True,True,raw,HYDROSHIP-M5-C
shallow/qr_C_m8_shallow_031.png,shallow,0.25,8,232,31,C,HYDROSHIP-M5-C,backscatter|blur|color|ripple,0.7231,0.9724,0.9932,27.8757,220.3081,0.1224,0.9872,0.7442,1.4533,1.7212,6.1434,5.3196,3,1.0402,True,True,raw,HYDROSHIP-M5-C
shallow/qr_C_m8_shallow_032.png,shallow,0.25,8,232,32,C,HYDROSHIP-M5-C,backscatter|blur|color|ripple,0.7318,0.9459,1.0999,29.2894,211.1823,0.1123,1.0759,0.8152,1.4135,1.8321,3.8143,0.9949,3,1.027,True,True,raw,HYDROSHIP-M5-C
shallow/qr_C_m8_shallow_033.png,shallow,0.25,8,232,33,C,HYDROSHIP-M5-C,backscatter|blur|color|ripple,0.7329,1.0702,0.978,26.897,224.4832,0.1162,1.0123,0.8174,1.4182,1.9011,4.8402,0.0837,3,1.0773,True,True,raw,HYDROSHIP-M5-C
shallow/qr_C_m8_shallow_034.png,shallow,0.25,8,232,34,C,HYDROSHIP-M5-C,backscatter|blur|color|ripple,0.6554,1.0654,1.1155,27.003,228.8186,0.1123,1.0229,0.7679,1.543,1.8429,5.4703,3.8553,3,1.0355,True,True,raw,HYDROSHIP-M5-C
shallow/qr_C_m8_shallow_035.png,shallow,0.25,8,232,35,C,HYDROSHIP-M5-C,backscatter|blur|color|ripple,0.7225,0.9664,1.0624,28.5706,232.7532,0.1111,0.9481,0.7148,1.4393,1.8395,4.7107,0.517,3,1.0977,True,True,raw,HYDROSHIP-M5-C
shallow/qr_C_m8_shallow_036.png,shallow,0.25,8,232,36,C,HYDROSHIP-M5-C,backscatter|blur|color|ripple,0.6968,1.0143,0.9731,31.2064,231.6177,0.1112,1.0635,0.8175,1.5006,1.7423,3.64,2.3363,3,1.0532,True,True,raw,HYDROSHIP-M5-C
shallow/qr_C_m8_shallow_037.png,shallow,0.25,8,232,37,C,HYDROSHIP-M5-C,backscatter|blur|color|ripple,0.6662,0.9723,1.074,30.6176,230.4099,0.1218,1.008,0.7752,1.5561,1.8164,3.049,2.8226,3,0.9779,True,True,raw,HYDROSHIP-M5-C
shallow/qr_C_m8_shallow_038.png,shallow,0.25,8,232,38,C,HYDROSHIP-M5-C,backscatter|blur|color|ripple,0.7304,1.0039,1.0802,28.8255,242.4726,0.1226,1.1066,0.8342,1.5442,1.872,2.241,0.5949,3,1.068,True,True,raw,HYDROSHIP-M5-C
shallow/qr_C_m8_shallow_039.png,shallow,0.25,8,232,39,C,HYDROSHIP-M5-C,backscatter|blur|color|ripple,0.6536,1.0651,1.0642,30.8963,228.5488,0.1137,1.0436,0.7244,1.5619,1.9025,0.2275,4.2776,3,1.0076,True,True,raw,HYDROSHIP-M5-C
shallow/qr_C_m8_shallow_040.png,shallow,0.25,8,232,40,C,HYDROSHIP-M5-C,backscatter|blur|color|ripple,0.7062,1.0742,0.9734,26.929,218.0326,0.1192,1.092,0.8063,1.3935,1.737,5.1586,6.0607,3,1.0903,True,True,raw,HYDROSHIP-M5-C
shallow/qr_C_m8_shallow_041.png,shallow,0.25,8,232,41,C,HYDROSHIP-M5-C,backscatter|blur|color|ripple,0.6993,0.9477,1.0005,30.3057,244.2851,0.1239,1.0103,0.7383,1.5008,1.8775,3.2993,6.27,3,1.0713,True,True,raw,HYDROSHIP-M5-C
shallow/qr_C_m8_shallow_042.png,shallow,0.25,8,232,42,C,HYDROSHIP-M5-C,backscatter|blur|color|ripple,0.6814,0.9561,1.0084,29.7218,242.6896,0.1108,1.0668,0.7999,1.4813,1.6711,5.3625,4.2372,3,0.9995,True,True,raw,HYDROSHIP-M5-C
shallow/qr_C_m8_shallow_043.png,shallow,0.25,8,232,43,C,HYDROSHIP-M5-C,backscatter|blur|color|ripple,0.7088,0.9495,1.0011,28.271,211.9655,0.1249,1.077,0.7516,1.4721,1.9154,3.5794,1.7743,3,1.0403,True,True,raw,HYDROSHIP-M5-C
shallow/qr_C_m8_shallow_044.png,shallow,0.25,8,232,44,C,HYDROSHIP-M5-C,backscatter|blur|color|ripple,0.7249,0.9432,1.0538,27.8165,224.3111,0.1171,0.9691,0.7574,1.6081,1.7482,2.1255,0.262,3,1.052,True,True,raw,HYDROSHIP-M5-C
shallow/qr_C_m8_shallow_045.png,shallow,0.25,8,232,45,C,HYDROSHIP-M5-C,backscatter|blur|color|ripple,0.6984,1.0489,1.0215,31.0725,231.7302,0.1182,1.0757,0.8301,1.5961,1.8762,5.3603,5.8654,3,1.0457,True,True,raw,HYDROSHIP-M5-C
shallow/qr_C_m8_shallow_046.png,shallow,0.25,8,232,46,C,HYDROSHIP-M5-C,backscatter|blur|color|ripple,0.7311,0.9464,0.965,28.0447,217.6345,0.1148,0.9992,0.7758,1.5435,1.65,4.5994,1.8908,3,1.0885,True,True,raw,HYDROSHIP-M5-C
shallow/qr_C_m8_shallow_047.png,shallow,0.25,8,232,47,C,HYDROSHIP-M5-C,backscatter|blur|color|ripple,0.7037,1.0348,0.9657,27.5315,210.9471,0.1168,1.0389,0.7621,1.476,1.8673,4.7459,2.9545,3,1.0422,True,True,raw,HYDROSHIP-M5-C
shallow/qr_C_m8_shallow_048.png,shallow,0.25,8,232,48,C,HYDROSHIP-M5-C,backscatter|blur|color|ripple,0.6445,0.9624,0.9768,29.3017,222.3492,0.116,0.9599,0.7572,1.5747,1.6376,1.5206,3.2459,3,0.9721,True,True,raw,HYDROSHIP-M5-C
shallow/qr_C_m8_shallow_049.png,shallow,0.25,8,232,49,C,HYDROSHIP-M5-C,backscatter|blur|color|ripple,0.7088,1.0037,1.043,27.593,220.1935,0.1291,0.952,0.7385,1.4957,1.7359,4.4829,1.3101,3,0.9563,True,True,raw,HYDROSHIP-M5-C
shallow/qr_C_m8_shallow_050.png,shallow,0.25,8,232,50,C,HYDROSHIP-M5-C,backscatter|blur|color|ripple,0.7352,0.9894,1.0381,28.8026,230.891,0.1177,1.0014,0.7568,1.4001,1.8595,3.5287,5.3883,3,0.9473,True,True,raw,HYDROSHIP-M5-C
shallow/qr_C_m8_shallow_051.png,shallow,0.25,8,232,51,C,HYDROSHIP-M5-C,backscatter|blur|color|ripple,0.7229,0.9507,1.0331,28.5108,210.7093,0.1254,1.074,0.7617,1.3919,1.6524,0.9599,2.0553,3,1.0419,True,True,raw,HYDROSHIP-M5-C
shallow/qr_C_m8_shallow_052.png,shallow,0.25,8,232,52,C,HYDROSHIP-M5-C,backscatter|blur|color|ripple,0.6382,0.9953,1.017,27.6499,235.1041,0.1244,1.0755,0.7904,1.4813,1.8392,3.6295,4.0447,3,1.0849,True,True,raw,HYDROSHIP-M5-C
shallow/qr_C_m8_shallow_053.png,shallow,0.25,8,232,53,C,HYDROSHIP-M5-C,backscatter|blur|color|ripple,0.711,0.9523,1.12,27.7025,222.3046,0.1263,1.0467,0.7305,1.5227,1.7443,0.5212,1.3518,3,1.1056,True,True,raw,HYDROSHIP-M5-C
shallow/qr_C_m8_shallow_054.png,shallow,0.25,8,232,54,C,HYDROSHIP-M5-C,backscatter|blur|color|ripple,0.7351,0.9603,1.118,31.2223,232.1813,0.1227,1.0237,0.7787,1.4334,1.8254,3.9458,1.182,3,1.0878,True,True,raw,HYDROSHIP-M5-C
shallow/qr_C_m8_shallow_055.png,shallow,0.25,8,232,55,C,HYDROSHIP-M5-C,backscatter|blur|color|ripple,0.6632,0.9526,1.0793,27.8967,241.438,0.1259,1.0109,0.7741,1.4031,1.7538,3.9954,1.9763,3,1.0785,True,True,raw,HYDROSHIP-M5-C
shallow/qr_C_m8_shallow_056.png,shallow,0.25,8,232,56,C,HYDROSHIP-M5-C,backscatter|blur|color|ripple,0.7257,0.9867,1.0163,29.4273,242.1336,0.1165,1.0278,0.7443,1.4561,1.7043,3.5109,1.3629,3,1.0758,True,True,raw,HYDROSHIP-M5-C
shallow/qr_C_m8_shallow_057.png,shallow,0.25,8,232,57,C,HYDROSHIP-M5-C,backscatter|blur|color|ripple,0.7092,1.0689,1.1019,29.499,210.6075,0.1155,0.9588,0.724,1.5783,1.7042,0.6775,3.6875,3,1.0058,True,True,raw,HYDROSHIP-M5-C
shallow/qr_C_m8_shallow_058.png,shallow,0.25,8,232,58,C,HYDROSHIP-M5-C,backscatter|blur|color|ripple,0.6824,0.9554,0.9658,28.4443,237.4094,0.1285,1.091,0.7318,1.4696,1.8796,1.3131,4.5576,3,0.9677,True,True,raw,HYDROSHIP-M5-C
shallow/qr_C_m8_shallow_059.png,shallow,0.25,8,232,59,C,HYDROSHIP-M5-C,backscatter|blur|color|ripple,0.6789,0.9849,1.095,27.1873,228.4025,0.119,0.996,0.7967,1.5583,1.9165,5.2271,0.7883,3,1.086,True,True,raw,HYDROSHIP-M5-C
shallow/qr_C_m8_shallow_060.png,shallow,0.25,8,232,60,C,HYDROSHIP-M5-C,backscatter|blur|color|ripple,0.6367,0.9755,1.106,28.2735,219.0398,0.1278,1.1044,0.7312,1.4124,1.7293,4.7158,3.8019,3,0.9945,True,True,raw,HYDROSHIP-M5-C
shallow/qr_C_m8_shallow_061.png,shallow,0.25,8,232,61,C,HYDROSHIP-M5-C,backscatter|blur|color|ripple,0.7106,0.9554,0.998,28.642,240.8621,0.1273,0.9642,0.7998,1.5137,1.8884,1.461,5.7399,3,0.9505,True,True,raw,HYDROSHIP-M5-C
shallow/qr_C_m8_shallow_062.png,shallow,0.25,8,232,62,C,HYDROSHIP-M5-C,backscatter|blur|color|ripple,0.6798,1.0816,1.1129,29.5405,230.4723,0.1166,0.9479,0.7633,1.5386,1.7267,4.8472,0.8108,3,1.0298,True,True,raw,HYDROSHIP-M5-C
shallow/qr_C_m8_shallow_063.png,shallow,0.25,8,232,63,C,HYDROSHIP-M5-C,backscatter|blur|color|ripple,0.7067,0.9625,1.0994,29.648,241.4735,0.1251,0.9965,0.7332,1.396,1.8303,5.6256,4.9604,3,0.9703,True,True,raw,HYDROSHIP-M5-C
shallow/qr_C_m8_shallow_064.png,shallow,0.25,8,232,64,C,HYDROSHIP-M5-C,backscatter|blur|color|ripple,0.6678,0.9624,1.0307,28.1999,237.5884,0.1104,1.0846,0.7747,1.5468,1.8773,6.1608,2.1894,3,1.0356,True,True,raw,HYDROSHIP-M5-C
shallow/qr_C_m8_shallow_065.png,shallow,0.25,8,232,65,C,HYDROSHIP-M5-C,backscatter|blur|color|ripple,0.7404,0.9667,1.0996,31.1434,209.9097,0.1208,1.093,0.7808,1.4207,1.7927,1.8356,2.5747,3,1.0857,True,True,raw,HYDROSHIP-M5-C
shallow/qr_C_m8_shallow_066.png,shallow,0.25,8,232,66,C,HYDROSHIP-M5-C,backscatter|blur|color|ripple,0.6763,0.9784,1.0708,27.3032,217.3541,0.1285,1.0133,0.7156,1.4492,1.7324,6.1136,1.6326,3,0.9478,True,True,raw,HYDROSHIP-M5-C
shallow/qr_C_m8_shallow_067.png,shallow,0.25,8,232,67,C,HYDROSHIP-M5-C,backscatter|blur|color|ripple,0.6608,1.0582,1.111,31.104,218.0009,0.127,0.9823,0.7445,1.5363,1.8306,1.4837,0.4296,3,1.0842,True,True,raw,HYDROSHIP-M5-C
shallow/qr_C_m8_shallow_068.png,shallow,0.25,8,232,68,C,HYDROSHIP-M5-C,backscatter|blur|color|ripple,0.7003,1.0223,1.1068,30.1799,217.3378,0.1131,1.0287,0.807,1.5866,1.8847,1.5878,3.036,3,0.9894,True,True,raw,HYDROSHIP-M5-C
shallow/qr_C_m8_shallow_069.png,shallow,0.25,8,232,69,C,HYDROSHIP-M5-C,backscatter|blur|color|ripple,0.6518,0.9728,1.0086,31.318,241.0692,0.1189,1.0851,0.7777,1.3903,1.8184,0.2948,0.8636,3,0.9538,True,True,raw,HYDROSHIP-M5-C
shallow/qr_C_m8_shallow_070.png,shallow,0.25,8,232,70,C,HYDROSHIP-M5-C,backscatter|blur|color|ripple,0.6693,0.9427,1.0478,29.2175,216.9295,0.1194,1.0914,0.8147,1.4382,1.8833,1.7856,1.9759,3,0.9766,True,True,raw,HYDROSHIP-M5-C
shallow/qr_C_m8_shallow_071.png,shallow,0.25,8,232,71,C,HYDROSHIP-M5-C,backscatter|blur|color|ripple,0.7179,1.0225,0.9689,28.0468,216.838,0.123,1.0241,0.8266,1.6008,1.6384,1.1151,4.8817,3,1.0829,True,True,raw,HYDROSHIP-M5-C
shallow/qr_C_m8_shallow_072.png,shallow,0.25,8,232,72,C,HYDROSHIP-M5-C,backscatter|blur|color|ripple,0.7291,1.0917,1.0311,31.0967,215.1983,0.1117,1.0244,0.7511,1.6194,1.9112,2.7948,2.5309,3,1.0856,True,True,raw,HYDROSHIP-M5-C
shallow/qr_C_m8_shallow_073.png,shallow,0.25,8,232,73,C,HYDROSHIP-M5-C,backscatter|blur|color|ripple,0.6509,1.0471,0.985,29.3401,224.074,0.1287,1.0797,0.8196,1.4238,1.7865,5.0578,6.0523,3,1.1058,True,True,raw,HYDROSHIP-M5-C
shallow/qr_C_m8_shallow_074.png,shallow,0.25,8,232,74,C,HYDROSHIP-M5-C,backscatter|blur|color|ripple,0.7218,1.0039,1.0579,27.6367,214.0196,0.1206,1.0127,0.7536,1.6084,1.8742,5.1062,0.1542,3,1.0556,True,True,raw,HYDROSHIP-M5-C
shallow/qr_C_m8_shallow_075.png,shallow,0.25,8,232,75,C,HYDROSHIP-M5-C,backscatter|blur|color|ripple,0.6976,1.0008,1.0148,30.9677,223.2277,0.1279,0.9793,0.7174,1.3846,1.8446,1.051,0.8975,3,1.1002,True,True,raw,HYDROSHIP-M5-C
shallow/qr_C_m8_shallow_076.png,shallow,0.25,8,232,76,C,HYDROSHIP-M5-C,backscatter|blur|color|ripple,0.6859,0.9462,1.1196,27.521,244.6021,0.1174,1.0154,0.7149,1.5319,1.7476,1.3019,1.5364,3,1.0098,True,True,raw,HYDROSHIP-M5-C
shallow/qr_C_m8_shallow_077.png,shallow,0.25,8,232,77,C,HYDROSHIP-M5-C,backscatter|blur|color|ripple,0.6626,0.9893,0.9641,29.2811,232.6462,0.1122,1.0589,0.7676,1.4652,1.7198,3.7371,2.9788,3,1.0303,True,True,raw,HYDROSHIP-M5-C
shallow/qr_C_m8_shallow_078.png,shallow,0.25,8,232,78,C,HYDROSHIP-M5-C,backscatter|blur|color|ripple,0.6915,0.9895,0.9895,30.0775,240.999,0.117,1.0208,0.7976,1.4097,1.8759,6.179,4.5648,3,1.0038,True,True,raw,HYDROSHIP-M5-C
shallow/qr_C_m8_shallow_079.png,shallow,0.25,8,232,79,C,HYDROSHIP-M5-C,backscatter|blur|color|ripple,0.6976,1.0416,1.0348,28.9535,234.3378,0.1151,1.0802,0.8,1.5763,1.8181,4.2059,0.6125,3,1.0714,True,True,raw,HYDROSHIP-M5-C
shallow/qr_C_m8_shallow_080.png,shallow,0.25,8,232,80,C,HYDROSHIP-M5-C,backscatter|blur|color|ripple,0.6599,1.0023,1.0091,29.3473,237.456,0.1162,1.029,0.8246,1.565,1.84,0.1128,5.6341,3,1.0644,True,True,raw,HYDROSHIP-M5-C
shallow/qr_C_m8_shallow_081.png,shallow,0.25,8,232,81,C,HYDROSHIP-M5-C,backscatter|blur|color|ripple,0.6802,1.0021,0.9955,28.3031,240.3505,0.1214,1.023,0.7279,1.4673,1.7275,5.2561,3.2598,3,0.9551,True,True,raw,HYDROSHIP-M5-C
shallow/qr_C_m8_shallow_082.png,shallow,0.25,8,232,82,C,HYDROSHIP-M5-C,backscatter|blur|color|ripple,0.7071,1.0742,1.0101,27.2481,211.8062,0.1285,1.0668,0.72,1.4892,1.8497,3.9067,3.2,3,1.0435,True,True,raw,HYDROSHIP-M5-C
shallow/qr_C_m8_shallow_083.png,shallow,0.25,8,232,83,C,HYDROSHIP-M5-C,backscatter|blur|color|ripple,0.7306,1.0666,1.0138,27.1003,215.3359,0.1257,0.9741,0.7826,1.5601,1.7613,5.5031,3.9779,3,0.9716,True,True,raw,HYDROSHIP-M5-C
medium/qr_C_m8_medium_000.png,medium,0.55,8,232,0,C,HYDROSHIP-M5-C,backscatter|blur|color|ripple,0.4958,1.0819,1.0187,58.3012,203.8162,0.2058,1.8272,1.5532,2.0404,2.5364,2.4396,5.9095,5,1.7749,False,True,clahe,HYDROSHIP-M5-C
medium/qr_C_m8_medium_001.png,medium,0.55,8,232,1,C,HYDROSHIP-M5-C,backscatter|blur|color|ripple,0.4696,1.0921,1.1752,50.1206,195.6894,0.2009,1.9588,1.4069,2.1708,2.4382,5.4773,3.8005,5,1.6118,True,True,raw,HYDROSHIP-M5-C
medium/qr_C_m8_medium_002.png,medium,0.55,8,232,2,C,HYDROSHIP-M5-C,backscatter|blur|color|ripple,0.5018,0.9746,1.1166,53.91,214.3958,0.2283,1.7661,1.4397,2.1798,2.4003,6.1771,5.7105,5,1.7362,True,True,raw,HYDROSHIP-M5-C
medium/qr_C_m8_medium_003.png,medium,0.55,8,232,3,C,HYDROSHIP-M5-C,backscatter|blur|color|ripple,0.4906,1.0363,1.0887,55.1448,193.173,0.2301,1.9152,1.5056,2.2269,2.4105,5.7328,5.646,5,1.7468,True,True,raw,HYDROSHIP-M5-C
medium/qr_C_m8_medium_004.png,medium,0.55,8,232,4,C,HYDROSHIP-M5-C,backscatter|blur|color|ripple,0.4773,0.9576,1.1063,53.9261,205.1577,0.2198,2.0265,1.4634,1.9431,2.5131,6.0091,5.5592,5,1.6117,True,True,raw,HYDROSHIP-M5-C
medium/qr_C_m8_medium_005.png,medium,0.55,8,232,5,C,HYDROSHIP-M5-C,backscatter|blur|color|ripple,0.4619,1.0181,1.173,55.6346,216.7281,0.2134,2.0118,1.3719,2.2071,2.6463,0.6936,5.8894,5,1.5699,False,True,clahe,HYDROSHIP-M5-C
medium/qr_C_m8_medium_006.png,medium,0.55,8,232,6,C,HYDROSHIP-M5-C,backscatter|blur|color|ripple,0.4586,1.0069,1.1696,52.9826,212.8794,0.2265,1.8276,1.4785,2.0773,2.6514,1.7325,0.6907,5,1.5497,False,False,fail,
medium/qr_C_m8_medium_007.png,medium,0.55,8,232,7,C,HYDROSHIP-M5-C,backscatter|blur|color|ripple,0.4644,1.0137,1.1048,51.7873,208.9285,0.2079,1.8474,1.5192,2.0335,2.5832,0.3164,4.9776,5,1.5837,True,True,raw,HYDROSHIP-M5-C
medium/qr_C_m8_medium_008.png,medium,0.55,8,232,8,C,HYDROSHIP-M5-C,backscatter|blur|color|ripple,0.471,0.9659,1.1264,54.0269,211.7785,0.229,1.8799,1.5759,1.9743,2.4861,0.2663,1.2555,5,1.5965,True,True,raw,HYDROSHIP-M5-C
medium/qr_C_m8_medium_009.png,medium,0.55,8,232,9,C,HYDROSHIP-M5-C,backscatter|blur|color|ripple,0.4629,1.0278,1.1679,56.4741,200.8438,0.2059,1.807,1.5476,1.9423,2.6455,0.2408,0.8949,5,1.6008,True,True,raw,HYDROSHIP-M5-C
medium/qr_C_m8_medium_010.png,medium,0.55,8,232,10,C,HYDROSHIP-M5-C,backscatter|blur|color|ripple,0.4764,1.0276,1.1709,54.9465,216.3175,0.2118,1.8228,1.388,2.0096,2.5287,4.2136,2.5075,5,1.632,True,True,raw,HYDROSHIP-M5-C
medium/qr_C_m8_medium_011.png,medium,0.55,8,232,11,C,HYDROSHIP-M5-C,backscatter|blur|color|ripple,0.5263,1.0793,1.1215,51.7936,197.3137,0.2166,1.9226,1.394,2.0785,2.4765,2.0602,1.6993,5,1.5875,False,True,cv2_fallback,HYDROSHIP-M5-C
medium/qr_C_m8_medium_012.png,medium,0.55,8,232,12,C,HYDROSHIP-M5-C,backscatter|blur|color|ripple,0.4913,1.0323,1.117,54.8518,194.4917,0.2079,1.8382,1.4228,2.2435,2.5546,1.7327,5.8545,5,1.6748,False,True,cv2_fallback,HYDROSHIP-M5-C
medium/qr_C_m8_medium_013.png,medium,0.55,8,232,13,C,HYDROSHIP-M5-C,backscatter|blur|color|ripple,0.5046,1.049,1.097,53.6124,212.8355,0.2214,1.7465,1.4455,2.1439,2.2753,0.2874,0.8909,5,1.6608,True,True,raw,HYDROSHIP-M5-C
medium/qr_C_m8_medium_014.png,medium,0.55,8,232,14,C,HYDROSHIP-M5-C,backscatter|blur|color|ripple,0.5129,1.0681,1.0388,54.9356,201.0417,0.2097,1.8683,1.3867,2.215,2.355,5.6377,2.3795,5,1.5787,True,True,raw,HYDROSHIP-M5-C
medium/qr_C_m8_medium_015.png,medium,0.55,8,232,15,C,HYDROSHIP-M5-C,backscatter|blur|color|ripple,0.4998,0.9665,1.078,52.9275,206.0033,0.2263,1.9325,1.3871,2.1161,2.5071,1.9283,1.4901,5,1.6435,False,True,cv2_fallback,HYDROSHIP-M5-C
medium/qr_C_m8_medium_016.png,medium,0.55,8,232,16,C,HYDROSHIP-M5-C,backscatter|blur|color|ripple,0.4544,1.0149,1.1716,53.621,198.4735,0.2112,1.9767,1.3583,2.1256,2.5256,4.2536,5.8527,5,1.7552,False,True,cv2_fallback,HYDROSHIP-M5-C
medium/qr_C_m8_medium_017.png,medium,0.55,8,232,17,C,HYDROSHIP-M5-C,backscatter|blur|color|ripple,0.4829,0.9941,1.143,56.477,202.7318,0.2193,1.9976,1.4353,2.2578,2.3529,4.4247,4.4881,5,1.7195,False,False,fail,
medium/qr_C_m8_medium_018.png,medium,0.55,8,232,18,C,HYDROSHIP-M5-C,backscatter|blur|color|ripple,0.5213,0.9549,1.0649,52.552,196.8349,0.2222,1.8752,1.4293,2.0052,2.3175,0.1637,5.6176,5,1.5573,True,True,raw,HYDROSHIP-M5-C
medium/qr_C_m8_medium_019.png,medium,0.55,8,232,19,C,HYDROSHIP-M5-C,backscatter|blur|color|ripple,0.4556,1.0224,1.1747,52.8512,193.754,0.2004,2.0214,1.4364,1.9355,2.4412,2.2284,3.0564,5,1.6267,False,True,cv2_fallback,HYDROSHIP-M5-C
medium/qr_C_m8_medium_020.png,medium,0.55,8,232,20,C,HYDROSHIP-M5-C,backscatter|blur|color|ripple,0.4672,0.9778,1.052,52.5221,196.0846,0.2215,2.0015,1.5649,2.0352,2.4745,0.6936,5.1525,5,1.7476,True,True,raw,HYDROSHIP-M5-C
medium/qr_C_m8_medium_021.png,medium,0.55,8,232,21,C,HYDROSHIP-M5-C,backscatter|blur|color|ripple,0.4919,1.0417,1.1723,56.6594,189.9978,0.2013,1.8437,1.5061,2.0511,2.3467,2.4273,0.654,5,1.6135,True,True,raw,HYDROSHIP-M5-C
medium/qr_C_m8_medium_022.png,medium,0.55,8,232,22,C,HYDROSHIP-M5-C,backscatter|blur|color|ripple,0.478,1.1014,1.1641,50.0608,211.1126,0.2207,2.0053,1.5794,2.0433,2.35,1.1321,2.5968,5,1.5951,True,True,raw,HYDROSHIP-M5-C
medium/qr_C_m8_medium_023.png,medium,0.55,8,232,23,C,HYDROSHIP-M5-C,backscatter|blur|color|ripple,0.5069,1.0882,1.0446,57.7218,197.145,0.204,1.9503,1.3976,2.1741,2.2684,4.8917,5.6853,5,1.6246,False,False,fail,
medium/qr_C_m8_medium_024.png,medium,0.55,8,232,24,C,HYDROSHIP-M5-C,backscatter|blur|color|ripple,0.4759,1.1051,1.0517,54.9176,213.9132,0.2194,1.9333,1.3984,2.1732,2.3224,2.6195,4.7214,5,1.639,True,True,raw,HYDROSHIP-M5-C
medium/qr_C_m8_medium_025.png,medium,0.55,8,232,25,C,HYDROSHIP-M5-C,backscatter|blur|color|ripple,0.5093,1.0299,1.0709,58.4395,210.8042,0.2202,1.9666,1.5144,1.9677,2.4759,5.8976,0.4081,5,1.7346,False,True,cv2_fallback,HYDROSHIP-M5-C
medium/qr_C_m8_medium_026.png,medium,0.55,8,232,26,C,HYDROSHIP-M5-C,backscatter|blur|color|ripple,0.475,1.0098,1.0937,56.0471,200.2536,0.1994,1.9494,1.508,2.0021,2.6469,4.294,0.0374,5,1.6686,True,True,raw,HYDROSHIP-M5-C
medium/qr_C_m8_medium_027.png,medium,0.55,8,232,27,C,HYDROSHIP-M5-C,backscatter|blur|color|ripple,0.4704,1.0774,1.1509,55.0801,205.672,0.2194,1.8175,1.5195,2.2198,2.4744,4.4527,6.1665,5,1.6584,False,False,fail,
medium/qr_C_m8_medium_028.png,medium,0.55,8,232,28,C,HYDROSHIP-M5-C,backscatter|blur|color|ripple,0.4782,0.9855,1.1826,57.7351,205.4482,0.2207,1.8226,1.5483,2.0075,2.3122,3.961,4.4992,5,1.5807,True,True,raw,HYDROSHIP-M5-C
medium/qr_C_m8_medium_029.png,medium,0.55,8,232,29,C,HYDROSHIP-M5-C,backscatter|blur|color|ripple,0.4589,0.9478,1.1593,52.9335,196.3912,0.2103,1.8446,1.5094,1.9815,2.2744,4.1575,1.1106,5,1.6281,True,True,raw,HYDROSHIP-M5-C
medium/qr_C_m8_medium_030.png,medium,0.55,8,232,30,C,HYDROSHIP-M5-C,backscatter|blur|color|ripple,0.502,1.0674,1.032,58.291,209.5804,0.2092,1.967,1.5277,2.0988,2.4796,2.2999,5.5478,5,1.6284,False,True,clahe,HYDROSHIP-M5-C
medium/qr_C_m8_medium_031.png,medium,0.55,8,232,31,C,HYDROSHIP-M5-C,backscatter|blur|color|ripple,0.5004,0.9577,1.0472,56.5832,187.9135,0.2121,1.7971,1.501,2.0576,2.4454,3.7012,0.2548,5,1.7002,True,True,raw,HYDROSHIP-M5-C
medium/qr_C_m8_medium_032.png,medium,0.55,8,232,32,C,HYDROSHIP-M5-C,backscatter|blur|color|ripple,0.5265,1.1058,1.0835,55.0268,194.354,0.2214,1.9453,1.4252,2.0833,2.5972,4.894,5.0627,5,1.6495,False,False,fail,
medium/qr_C_m8_medium_033.png,medium,0.55,8,232,33,C,HYDROSHIP-M5-C,backscatter|blur|color|ripple,0.5047,1.0771,1.1513,50.1204,189.0312,0.2055,1.9004,1.5491,2.0952,2.5333,4.3339,1.707,5,1.6624,False,True,cv2_fallback,HYDROSHIP-M5-C
medium/qr_C_m8_medium_034.png,medium,0.55,8,232,34,C,HYDROSHIP-M5-C,backscatter|blur|color|ripple,0.5314,0.9755,1.1034,57.2863,206.1609,0.2128,1.9669,1.5025,1.9554,2.5708,3.7753,5.0339,5,1.7597,True,True,raw,HYDROSHIP-M5-C
medium/qr_C_m8_medium_035.png,medium,0.55,8,232,35,C,HYDROSHIP-M5-C,backscatter|blur|color|ripple,0.4541,1.08,1.1732,57.8029,189.9237,0.2267,1.8746,1.3984,2.0038,2.6002,4.3523,2.4272,5,1.6333,True,True,raw,HYDROSHIP-M5-C
medium/qr_C_m8_medium_036.png,medium,0.55,8,232,36,C,HYDROSHIP-M5-C,backscatter|blur|color|ripple,0.5283,0.9503,1.0455,52.3566,190.1533,0.2102,1.9086,1.4326,1.939,2.6393,0.5729,3.4145,5,1.5506,True,True,raw,HYDROSHIP-M5-C
medium/qr_C_m8_medium_037.png,medium,0.55,8,232,37,C,HYDROSHIP-M5-C,backscatter|blur|color|ripple,0.5177,1.0325,1.0453,53.6566,185.7578,0.2327,1.8247,1.5788,1.9725,2.5334,3.1177,0.907,5,1.6231,True,True,raw,HYDROSHIP-M5-C
medium/qr_C_m8_medium_038.png,medium,0.55,8,232,38,C,HYDROSHIP-M5-C,backscatter|blur|color|ripple,0.5274,1.0881,1.1564,56.0197,198.8056,0.2265,1.9121,1.3953,2.0376,2.4972,3.9716,0.5025,5,1.6748,True,True,raw,HYDROSHIP-M5-C
medium/qr_C_m8_medium_039.png,medium,0.55,8,232,39,C,HYDROSHIP-M5-C,backscatter|blur|color|ripple,0.5279,1.0255,1.1758,52.4266,204.6528,0.2332,1.7961,1.5538,2.0356,2.2874,3.4747,2.1984,5,1.5762,True,True,raw,HYDROSHIP-M5-C
medium/qr_C_m8_medium_040.png,medium,0.55,8,232,40,C,HYDROSHIP-M5-C,backscatter|blur|color|ripple,0.5001,1.075,1.1609,52.887,215.8882,0.2288,1.8349,1.4006,2.2529,2.4582,0.9599,3.3173,5,1.6078,False,True,cv2_fallback,HYDROSHIP-M5-C
medium/qr_C_m8_medium_041.png,medium,0.55,8,232,41,C,HYDROSHIP-M5-C,backscatter|blur|color|ripple,0.4986,1.0042,1.027,55.3741,193.972,0.2116,2.0078,1.5733,2.0687,2.3201,5.0116,3.5209,5,1.7823,False,True,cv2_fallback,HYDROSHIP-M5-C
medium/qr_C_m8_medium_042.png,medium,0.55,8,232,42,C,HYDROSHIP-M5-C,backscatter|blur|color|ripple,0.4787,1.0447,1.1389,54.0156,209.2252,0.2155,1.9301,1.488,2.0834,2.4741,2.1792,0.4091,5,1.5753,False,True,cv2_fallback,HYDROSHIP-M5-C
medium/qr_C_m8_medium_043.png,medium,0.55,8,232,43,C,HYDROSHIP-M5-C,backscatter|blur|color|ripple,0.5318,0.9842,1.0249,56.2457,186.931,0.2284,1.7826,1.4532,2.2336,2.4193,4.5287,3.0609,5,1.6754,False,True,cv2_fallback,HYDROSHIP-M5-C
medium/qr_C_m8_medium_044.png,medium,0.55,8,232,44,C,HYDROSHIP-M5-C,backscatter|blur|color|ripple,0.4567,0.9708,1.1821,54.5848,192.662,0.2102,1.9378,1.4105,2.0085,2.4486,6.0763,4.516,5,1.7528,True,True,raw,HYDROSHIP-M5-C
medium/qr_C_m8_medium_045.png,medium,0.55,8,232,45,C,HYDROSHIP-M5-C,backscatter|blur|color|ripple,0.4634,1.042,1.1612,58.4385,194.3661,0.2187,1.7705,1.4903,2.1912,2.281,3.7746,0.4745,5,1.6404,True,True,raw,HYDROSHIP-M5-C
medium/qr_C_m8_medium_046.png,medium,0.55,8,232,46,C,HYDROSHIP-M5-C,backscatter|blur|color|ripple,0.5231,1.0701,1.0409,53.9061,193.3388,0.2044,2.0402,1.4818,2.1155,2.5148,5.6191,3.8736,5,1.542,True,True,raw,HYDROSHIP-M5-C
medium/qr_C_m8_medium_047.png,medium,0.55,8,232,47,C,HYDROSHIP-M5-C,backscatter|blur|color|ripple,0.5087,1.0392,1.0702,50.7398,186.1332,0.2101,1.7771,1.422,2.1012,2.4378,4.6266,5.7868,5,1.5609,False,False,fail,
medium/qr_C_m8_medium_048.png,medium,0.55,8,232,48,C,HYDROSHIP-M5-C,backscatter|blur|color|ripple,0.507,0.9939,1.0414,50.6873,212.2153,0.2271,1.9245,1.5027,2.1953,2.3605,6.2093,3.0496,5,1.6743,True,True,raw,HYDROSHIP-M5-C
medium/qr_C_m8_medium_049.png,medium,0.55,8,232,49,C,HYDROSHIP-M5-C,backscatter|blur|color|ripple,0.5257,0.9856,1.0659,54.0151,208.9884,0.2164,2.0462,1.4569,1.9952,2.4652,4.0548,5.1353,5,1.7787,True,True,raw,HYDROSHIP-M5-C
medium/qr_C_m8_medium_050.png,medium,0.55,8,232,50,C,HYDROSHIP-M5-C,backscatter|blur|color|ripple,0.5247,0.9957,1.102,50.4928,196.5156,0.22,1.8644,1.533,2.0451,2.6396,1.8286,3.7887,5,1.7007,False,True,cv2_fallback,HYDROSHIP-M5-C
medium/qr_C_m8_medium_051.png,medium,0.55,8,232,51,C,HYDROSHIP-M5-C,backscatter|blur|color|ripple,0.5138,0.9764,1.1553,53.8298,188.5669,0.2179,1.8983,1.5678,1.9963,2.3243,3.8168,5.0226,5,1.7844,True,True,raw,HYDROSHIP-M5-C
medium/qr_C_m8_medium_052.png,medium,0.55,8,232,52,C,HYDROSHIP-M5-C,backscatter|blur|color|ripple,0.4898,1.0989,1.1653,55.4707,190.9361,0.2072,1.9502,1.5174,2.2351,2.3589,0.5614,3.0102,5,1.708,False,True,cv2_fallback,HYDROSHIP-M5-C
medium/qr_C_m8_medium_053.png,medium,0.55,8,232,53,C,HYDROSHIP-M5-C,backscatter|blur|color|ripple,0.5076,1.006,1.1296,56.782,208.8417,0.2254,1.8418,1.3812,2.1708,2.4136,3.9522,0.2608,5,1.5409,False,True,cv2_fallback,HYDROSHIP-M5-C
medium/qr_C_m8_medium_054.png,medium,0.55,8,232,54,C,HYDROSHIP-M5-C,backscatter|blur|color|ripple,0.4798,1.0269,1.1141,57.5509,191.7441,0.2035,1.8357,1.356,2.0537,2.4273,1.5609,3.5488,5,1.5376,False,True,cv2_fallback,HYDROSHIP-M5-C
medium/qr_C_m8_medium_055.png,medium,0.55,8,232,55,C,HYDROSHIP-M5-C,backscatter|blur|color|ripple,0.5261,1.0063,1.1711,58.0233,187.4658,0.1988,1.8721,1.4641,2.0713,2.3495,1.3053,0.4655,5,1.7001,False,True,clahe,HYDROSHIP-M5-C
medium/qr_C_m8_medium_056.png,medium,0.55,8,232,56,C,HYDROSHIP-M5-C,backscatter|blur|color|ripple,0.5183,1.0241,1.0736,52.0722,205.6983,0.2142,1.8868,1.5356,2.2313,2.6158,1.42,4.7307,5,1.7594,False,True,cv2_fallback,HYDROSHIP-M5-C
medium/qr_C_m8_medium_057.png,medium,0.55,8,232,57,C,HYDROSHIP-M5-C,backscatter|blur|color|ripple,0.4961,0.9459,1.101,50.5427,196.5463,0.2039,1.9667,1.4915,2.0443,2.4032,2.9379,6.2777,5,1.6507,True,True,raw,HYDROSHIP-M5-C
medium/qr_C_m8_medium_058.png,medium,0.55,8,232,58,C,HYDROSHIP-M5-C,backscatter|blur|color|ripple,0.4664,0.9545,1.1276,57.0331,201.9578,0.2133,1.8804,1.5153,1.999,2.5975,4.6007,4.1981,5,1.6308,False,True,upscale,HYDROSHIP-M5-C
medium/qr_C_m8_medium_059.png,medium,0.55,8,232,59,C,HYDROSHIP-M5-C,backscatter|blur|color|ripple,0.4603,1.0563,1.0788,55.6619,189.7864,0.2205,1.7715,1.511,1.9803,2.372,6.2021,4.8633,5,1.6954,True,True,raw,HYDROSHIP-M5-C
medium/qr_C_m8_medium_060.png,medium,0.55,8,232,60,C,HYDROSHIP-M5-C,backscatter|blur|color|ripple,0.502,1.0964,1.0539,54.6526,186.0492,0.2266,1.9789,1.5067,2.2535,2.652,0.1976,3.9035,5,1.7639,True,True,raw,HYDROSHIP-M5-C
medium/qr_C_m8_medium_061.png,medium,0.55,8,232,61,C,HYDROSHIP-M5-C,backscatter|blur|color|ripple,0.5014,1.047,1.1121,55.6471,208.272,0.2,1.9014,1.4395,2.2603,2.482,0.468,2.7379,5,1.5592,False,True,cv2_fallback,HYDROSHIP-M5-C
medium/qr_C_m8_medium_062.png,medium,0.55,8,232,62,C,HYDROSHIP-M5-C,backscatter|blur|color|ripple,0.5252,0.9927,1.1025,56.5983,207.3805,0.2309,1.9787,1.5233,2.1313,2.588,1.5908,5.584,5,1.737,False,False,fail,
medium/qr_C_m8_medium_063.png,medium,0.55,8,232,63,C,HYDROSHIP-M5-C,backscatter|blur|color|ripple,0.4762,1.0793,1.176,55.3363,196.7237,0.2041,1.8742,1.367,2.1308,2.5317,0.6111,3.9855,5,1.5977,True,True,raw,HYDROSHIP-M5-C
medium/qr_C_m8_medium_064.png,medium,0.55,8,232,64,C,HYDROSHIP-M5-C,backscatter|blur|color|ripple,0.4885,0.9732,1.1123,58.2699,209.9251,0.2245,1.8507,1.5698,2.2224,2.6173,0.5026,4.1128,5,1.6678,True,True,raw,HYDROSHIP-M5-C
medium/qr_C_m8_medium_065.png,medium,0.55,8,232,65,C,HYDROSHIP-M5-C,backscatter|blur|color|ripple,0.5065,1.0704,1.1406,52.1539,189.5139,0.2231,1.8694,1.538,1.9501,2.2928,0.0938,4.6183,5,1.7399,True,True,raw,HYDROSHIP-M5-C
medium/qr_C_m8_medium_066.png,medium,0.55,8,232,66,C,HYDROSHIP-M5-C,backscatter|blur|color|ripple,0.4621,1.0135,1.126,52.7606,200.9265,0.2115,1.9967,1.3845,1.9603,2.6084,1.4749,4.695,5,1.7712,True,True,raw,HYDROSHIP-M5-C
medium/qr_C_m8_medium_067.png,medium,0.55,8,232,67,C,HYDROSHIP-M5-C,backscatter|blur|color|ripple,0.5272,1.0273,1.0478,58.0104,185.5467,0.2112,1.8602,1.3793,2.0879,2.3429,4.322,4.052,5,1.5308,False,False,fail,
medium/qr_C_m8_medium_068.png,medium,0.55,8,232,68,C,HYDROSHIP-M5-C,backscatter|blur|color|ripple,0.4593,0.9801,1.1344,51.111,208.8581,0.2129,1.8767,1.5012,2.0627,2.366,2.1346,3.1379,5,1.5704,False,True,cv2_fallback,HYDROSHIP-M5-C
medium/qr_C_m8_medium_069.png,medium,0.55,8,232,69,C,HYDROSHIP-M5-C,backscatter|blur|color|ripple,0.5031,0.9952,1.108,51.5691,214.8364,0.2251,1.9286,1.5274,2.0794,2.5307,3.0415,1.3792,5,1.6045,True,True,raw,HYDROSHIP-M5-C
medium/qr_C_m8_medium_070.png,medium,0.55,8,232,70,C,HYDROSHIP-M5-C,backscatter|blur|color|ripple,0.5149,1.0462,1.1517,54.1492,190.5778,0.2231,1.8377,1.4988,2.2234,2.3638,3.9536,2.139,5,1.7532,False,False,fail,
medium/qr_C_m8_medium_071.png,medium,0.55,8,232,71,C,HYDROSHIP-M5-C,backscatter|blur|color|ripple,0.5135,1.0597,1.0371,55.6742,207.9171,0.2083,2.0439,1.4646,2.1591,2.4606,1.9405,5.0713,5,1.7513,False,True,cv2_fallback,HYDROSHIP-M5-C
medium/qr_C_m8_medium_072.png,medium,0.55,8,232,72,C,HYDROSHIP-M5-C,backscatter|blur|color|ripple,0.5249,1.0291,1.0262,53.2646,189.6452,0.2093,1.7951,1.5665,2.2516,2.2929,4.9928,0.133,5,1.7535,False,False,fail,
medium/qr_C_m8_medium_073.png,medium,0.55,8,232,73,C,HYDROSHIP-M5-C,backscatter|blur|color|ripple,0.4658,0.9559,1.0664,54.436,192.8884,0.2223,1.9767,1.3544,2.1385,2.3234,2.2368,0.2154,5,1.6587,False,True,clahe,HYDROSHIP-M5-C
medium/qr_C_m8_medium_074.png,medium,0.55,8,232,74,C,HYDROSHIP-M5-C,backscatter|blur|color|ripple,0.4595,0.9576,1.1442,57.2865,196.3714,0.2053,1.8802,1.5431,1.9584,2.5025,3.4325,0.0978,5,1.567,True,True,raw,HYDROSHIP-M5-C
medium/qr_C_m8_medium_075.png,medium,0.55,8,232,75,C,HYDROSHIP-M5-C,backscatter|blur|color|ripple,0.4805,0.985,1.0743,51.4371,199.7519,0.2093,2.0437,1.3878,2.1481,2.4632,1.4078,5.9389,5,1.6863,False,True,upscale,HYDROSHIP-M5-C
medium/qr_C_m8_medium_076.png,medium,0.55,8,232,76,C,HYDROSHIP-M5-C,backscatter|blur|color|ripple,0.4715,1.101,1.0594,57.3957,207.669,0.2019,1.7993,1.4291,1.9549,2.4648,4.4597,1.3842,5,1.6314,True,True,raw,HYDROSHIP-M5-C
medium/qr_C_m8_medium_077.png,medium,0.55,8,232,77,C,HYDROSHIP-M5-C,backscatter|blur|color|ripple,0.4577,1.0752,1.162,58.4131,190.4693,0.2304,1.7535,1.4606,2.0035,2.464,3.0071,4.1505,5,1.6564,True,True,raw,HYDROSHIP-M5-C
medium/qr_C_m8_medium_078.png,medium,0.55,8,232,78,C,HYDROSHIP-M5-C,backscatter|blur|color|ripple,0.4556,0.9706,1.1674,49.9038,187.722,0.2036,1.8485,1.4009,2.0665,2.4466,5.5383,6.2237,5,1.7382,True,True,raw,HYDROSHIP-M5-C
medium/qr_C_m8_medium_079.png,medium,0.55,8,232,79,C,HYDROSHIP-M5-C,backscatter|blur|color|ripple,0.5039,1.0406,1.135,56.4702,201.552,0.2116,1.7444,1.4739,1.9698,2.2859,6.1988,4.1921,5,1.6788,True,True,raw,HYDROSHIP-M5-C
medium/qr_C_m8_medium_080.png,medium,0.55,8,232,80,C,HYDROSHIP-M5-C,backscatter|blur|color|ripple,0.5037,0.985,1.1005,54.5539,192.1534,0.2302,1.7521,1.4465,2.1459,2.3862,1.5845,1.6311,5,1.5858,False,True,cv2_fallback,HYDROSHIP-M5-C
medium/qr_C_m8_medium_081.png,medium,0.55,8,232,81,C,HYDROSHIP-M5-C,backscatter|blur|color|ripple,0.4905,0.9912,1.0759,54.7938,215.5827,0.202,2.0329,1.5641,2.2253,2.6276,4.2503,2.5966,5,1.713,False,False,fail,
medium/qr_C_m8_medium_082.png,medium,0.55,8,232,82,C,HYDROSHIP-M5-C,backscatter|blur|color|ripple,0.4742,0.989,1.1097,55.8842,193.3073,0.226,1.9386,1.3829,2.1316,2.3579,0.4708,2.8716,5,1.7849,True,True,raw,HYDROSHIP-M5-C
medium/qr_C_m8_medium_083.png,medium,0.55,8,232,83,C,HYDROSHIP-M5-C,backscatter|blur|color|ripple,0.5225,1.0683,1.0894,56.4811,193.8942,0.2059,2.0453,1.4877,2.2033,2.4932,0.8724,5.2883,5,1.7281,False,False,fail,
deep/qr_C_m8_deep_000.png,deep,0.85,8,232,0,C,HYDROSHIP-M5-C,backscatter|blur|color|ripple,0.284,1.0861,1.1723,81.4125,165.8389,0.293,2.5982,2.3,2.7922,3.1846,2.3341,3.7116,5,2.3303,False,False,fail,
deep/qr_C_m8_deep_001.png,deep,0.85,8,232,1,C,HYDROSHIP-M5-C,backscatter|blur|color|ripple,0.2751,1.0567,1.155,74.7755,182.5063,0.3314,2.9841,2.304,2.6716,3.024,1.6439,3.4012,5,2.2534,True,True,raw,HYDROSHIP-M5-C
deep/qr_C_m8_deep_002.png,deep,0.85,8,232,2,C,HYDROSHIP-M5-C,backscatter|blur|color|ripple,0.2741,1.018,1.1117,80.8561,179.015,0.3093,2.9824,2.1291,2.7212,3.3462,0.3963,0.371,5,2.3042,False,False,fail,
deep/qr_C_m8_deep_003.png,deep,0.85,8,232,3,C,HYDROSHIP-M5-C,backscatter|blur|color|ripple,0.2781,1.0358,1.209,81.0242,167.2249,0.2936,2.984,2.2076,2.8443,3.2116,4.8524,6.1807,5,2.2743,False,False,fail,
deep/qr_C_m8_deep_004.png,deep,0.85,8,232,4,C,HYDROSHIP-M5-C,backscatter|blur|color|ripple,0.2827,1.0757,1.0874,78.646,188.0842,0.3013,2.5711,2.3167,2.8545,3.2398,5.7512,1.9785,5,2.3588,False,False,fail,
deep/qr_C_m8_deep_005.png,deep,0.85,8,232,5,C,HYDROSHIP-M5-C,backscatter|blur|color|ripple,0.3013,1.0478,1.1568,81.2125,185.0455,0.2948,2.6261,2.0737,2.5613,3.2279,4.3751,2.9653,5,2.4646,False,False,fail,
deep/qr_C_m8_deep_006.png,deep,0.85,8,232,6,C,HYDROSHIP-M5-C,backscatter|blur|color|ripple,0.2896,0.9986,1.192,84.7905,169.9147,0.2925,2.7284,2.19,2.5929,3.3522,1.1004,0.2089,5,2.3454,False,False,fail,
deep/qr_C_m8_deep_007.png,deep,0.85,8,232,7,C,HYDROSHIP-M5-C,backscatter|blur|color|ripple,0.3139,1.0116,1.1207,80.4506,182.1203,0.2995,2.9345,2.176,2.7608,2.9107,0.2662,2.4386,5,2.446,False,False,fail,
deep/qr_C_m8_deep_008.png,deep,0.85,8,232,8,C,HYDROSHIP-M5-C,backscatter|blur|color|ripple,0.3208,1.0113,1.2426,73.813,176.6586,0.2928,2.7735,2.2187,2.5452,3.3427,3.7961,1.2786,5,2.2474,False,False,fail,
deep/qr_C_m8_deep_009.png,deep,0.85,8,232,9,C,HYDROSHIP-M5-C,backscatter|blur|color|ripple,0.311,1.1093,1.1032,85.0684,185.0796,0.3194,2.8196,2.2596,2.7932,3.3955,4.6338,3.074,5,2.343,False,False,fail,
deep/qr_C_m8_deep_010.png,deep,0.85,8,232,10,C,HYDROSHIP-M5-C,backscatter|blur|color|ripple,0.2749,1.1047,1.1363,79.6427,164.3049,0.2979,2.8669,2.1002,2.8663,3.035,1.4398,2.5355,5,2.3782,True,True,raw,HYDROSHIP-M5-C
deep/qr_C_m8_deep_011.png,deep,0.85,8,232,11,C,HYDROSHIP-M5-C,backscatter|blur|color|ripple,0.3153,1.0373,1.2034,78.3515,176.4885,0.2966,2.7042,2.122,2.8709,3.2197,0.7282,2.4072,5,2.2132,False,True,cv2_fallback,HYDROSHIP-M5-C
deep/qr_C_m8_deep_012.png,deep,0.85,8,232,12,C,HYDROSHIP-M5-C,backscatter|blur|color|ripple,0.2998,1.0595,1.1007,80.1987,180.4337,0.2915,2.908,2.1026,2.9091,3.3417,1.2514,5.2526,5,2.3518,False,True,clahe,HYDROSHIP-M5-C
deep/qr_C_m8_deep_013.png,deep,0.85,8,232,13,C,HYDROSHIP-M5-C,backscatter|blur|color|ripple,0.3085,1.0103,1.1935,80.3089,183.3691,0.3191,2.5927,2.0422,2.8135,3.0268,2.1447,2.6597,5,2.4313,False,False,fail,
deep/qr_C_m8_deep_014.png,deep,0.85,8,232,14,C,HYDROSHIP-M5-C,backscatter|blur|color|ripple,0.2802,1.0089,1.0616,73.8905,171.4719,0.3315,2.9095,2.2861,2.7689,3.3937,1.7788,3.1199,5,2.1224,False,False,fail,
deep/qr_C_m8_deep_015.png,deep,0.85,8,232,15,C,HYDROSHIP-M5-C,backscatter|blur|color|ripple,0.3178,1.0127,1.2275,79.2871,166.5284,0.3115,2.6833,2.0245,2.6811,3.2219,2.2325,1.0236,5,2.1985,False,False,fail,
deep/qr_C_m8_deep_016.png,deep,0.85,8,232,16,C,HYDROSHIP-M5-C,backscatter|blur|color|ripple,0.3121,1.0162,1.2141,79.7914,161.1553,0.2938,2.881,2.2457,2.5525,3.3557,0.4545,1.0193,5,2.225,False,False,fail,
deep/qr_C_m8_deep_017.png,deep,0.85,8,232,17,C,HYDROSHIP-M5-C,backscatter|blur|color|ripple,0.3096,1.0613,1.1574,76.2485,178.0634,0.3253,2.9699,2.2413,2.4849,3.0135,5.507,2.397,5,2.2675,True,True,raw,HYDROSHIP-M5-C
deep/qr_C_m8_deep_018.png,deep,0.85,8,232,18,C,HYDROSHIP-M5-C,backscatter|blur|color|ripple,0.3104,0.9834,1.1292,77.1366,174.1569,0.3133,2.6061,2.2829,2.6194,3.3792,2.7269,1.5911,5,2.3353,False,False,fail,
deep/qr_C_m8_deep_019.png,deep,0.85,8,232,19,C,HYDROSHIP-M5-C,backscatter|blur|color|ripple,0.317,1.1171,1.1999,83.3118,185.1071,0.3271,2.8875,2.0994,2.7956,2.9553,4.7914,5.4606,5,2.2333,False,True,upscale,HYDROSHIP-M5-C
deep/qr_C_m8_deep_020.png,deep,0.85,8,232,20,C,HYDROSHIP-M5-C,backscatter|blur|color|ripple,0.2746,1.0901,1.1775,76.7267,166.426,0.3207,2.7803,2.2048,2.664,3.2161,3.6451,0.3814,5,2.2881,False,False,fail,
deep/qr_C_m8_deep_021.png,deep,0.85,8,232,21,C,HYDROSHIP-M5-C,backscatter|blur|color|ripple,0.2907,1.101,1.2079,76.9032,165.9431,0.3016,2.5555,2.2636,2.5445,3.1141,5.5734,0.0723,5,2.3774,True,True,raw,HYDROSHIP-M5-C
deep/qr_C_m8_deep_022.png,deep,0.85,8,232,22,C,HYDROSHIP-M5-C,backscatter|blur|color|ripple,0.2999,1.0509,1.0811,81.9206,173.9356,0.3234,2.8816,2.313,2.8786,3.1963,4.2309,2.7833,5,2.2212,True,True,raw,HYDROSHIP-M5-C
deep/qr_C_m8_deep_023.png,deep,0.85,8,232,23,C,HYDROSHIP-M5-C,backscatter|blur|color|ripple,0.308,1.08,1.1076,84.0347,170.0761,0.3089,2.7405,2.1222,2.5136,3.0152,4.2329,0.2458,5,2.2877,False,True,cv2_fallback,HYDROSHIP-M5-C
deep/qr_C_m8_deep_024.png,deep,0.85,8,232,24,C,HYDROSHIP-M5-C,backscatter|blur|color|ripple,0.3169,1.1096,1.1971,81.0824,176.3801,0.3112,2.9135,2.0621,2.7429,3.0684,2.2616,3.9497,5,2.2869,False,False,fail,
deep/qr_C_m8_deep_025.png,deep,0.85,8,232,25,C,HYDROSHIP-M5-C,backscatter|blur|color|ripple,0.3027,1.0226,1.0997,79.8487,164.698,0.321,2.8489,2.1723,2.7555,3.1133,3.0748,3.4858,5,2.2257,False,False,fail,
deep/qr_C_m8_deep_026.png,deep,0.85,8,232,26,C,HYDROSHIP-M5-C,backscatter|blur|color|ripple,0.3033,1.125,1.1362,74.3788,162.5602,0.2965,2.8147,2.1219,2.5187,3.0632,0.6778,1.0201,5,2.2269,False,False,fail,
deep/qr_C_m8_deep_027.png,deep,0.85,8,232,27,C,HYDROSHIP-M5-C,backscatter|blur|color|ripple,0.275,1.102,1.1605,84.7756,164.7675,0.3148,2.9815,1.9912,2.8658,3.1098,0.9564,1.11,5,2.1776,False,True,clahe,HYDROSHIP-M5-C
deep/qr_C_m8_deep_028.png,deep,0.85,8,232,28,C,HYDROSHIP-M5-C,backscatter|blur|color|ripple,0.3206,1.1039,1.2094,82.1907,164.8125,0.3131,2.5515,2.1202,2.6581,3.2357,0.099,2.6539,5,2.4329,False,False,fail,
deep/qr_C_m8_deep_029.png,deep,0.85,8,232,29,C,HYDROSHIP-M5-C,backscatter|blur|color|ripple,0.3107,1.0707,1.1536,81.0236,164.4238,0.3351,2.7733,2.0085,2.7861,3.0702,1.3484,2.3342,5,2.4112,False,True,upscale,HYDROSHIP-M5-C
deep/qr_C_m8_deep_030.png,deep,0.85,8,232,30,C,HYDROSHIP-M5-C,backscatter|blur|color|ripple,0.3028,1.0252,1.0775,75.4818,170.0077,0.2952,2.82,2.3008,2.5005,3.1993,2.9278,0.9898,5,2.1423,False,False,fail,
deep/qr_C_m8_deep_031.png,deep,0.85,8,232,31,C,HYDROSHIP-M5-C,backscatter|blur|color|ripple,0.3043,1.1129,1.2159,78.3537,176.1679,0.2904,2.9438,2.2484,2.6465,3.3074,2.1239,1.0337,5,2.347,False,False,fail,
deep/qr_C_m8_deep_032.png,deep,0.85,8,232,32,C,HYDROSHIP-M5-C,backscatter|blur|color|ripple,0.3185,1.0484,1.2102,73.3512,168.1338,0.3134,2.7327,2.1245,2.7005,3.2351,4.5243,0.646,5,2.1653,True,True,raw,HYDROSHIP-M5-C
deep/qr_C_m8_deep_033.png,deep,0.85,8,232,33,C,HYDROSHIP-M5-C,backscatter|blur|color|ripple,0.2947,0.9919,1.2058,79.0662,179.6828,0.3043,2.8773,2.1304,2.8601,3.0249,4.1766,1.1147,5,2.4317,True,True,raw,HYDROSHIP-M5-C
deep/qr_C_m8_deep_034.png,deep,0.85,8,232,34,C,HYDROSHIP-M5-C,backscatter|blur|color|ripple,0.3064,1.0814,1.1075,78.4633,161.265,0.3075,2.5856,2.1498,2.6326,3.378,0.4506,0.7863,5,2.1988,False,True,cv2_fallback,HYDROSHIP-M5-C
deep/qr_C_m8_deep_035.png,deep,0.85,8,232,35,C,HYDROSHIP-M5-C,backscatter|blur|color|ripple,0.3071,1.0789,1.0798,74.0712,175.6917,0.3253,2.6755,2.1662,2.6641,3.1508,4.7906,2.7111,5,2.2377,True,True,raw,HYDROSHIP-M5-C
deep/qr_C_m8_deep_036.png,deep,0.85,8,232,36,C,HYDROSHIP-M5-C,backscatter|blur|color|ripple,0.2831,1.0389,1.0844,75.5942,170.6657,0.3347,2.7796,2.2614,2.6413,3.4047,3.2926,3.2671,5,2.2428,False,False,fail,
deep/qr_C_m8_deep_037.png,deep,0.85,8,232,37,C,HYDROSHIP-M5-C,backscatter|blur|color|ripple,0.3033,1.0143,1.2048,83.4553,180.5854,0.2915,2.7625,2.2948,2.8797,2.9264,0.6252,0.8843,5,2.2933,False,True,cv2_fallback,HYDROSHIP-M5-C
deep/qr_C_m8_deep_038.png,deep,0.85,8,232,38,C,HYDROSHIP-M5-C,backscatter|blur|color|ripple,0.2915,1.0827,1.1804,81.312,176.0694,0.3043,2.6026,2.1781,2.7595,3.256,2.2455,5.5662,5,2.1812,False,False,fail,
deep/qr_C_m8_deep_039.png,deep,0.85,8,232,39,C,HYDROSHIP-M5-C,backscatter|blur|color|ripple,0.3104,1.1084,1.217,74.164,173.3089,0.3116,2.796,2.0862,2.6768,3.2218,2.1649,6.0266,5,2.4249,False,False,fail,
deep/qr_C_m8_deep_040.png,deep,0.85,8,232,40,C,HYDROSHIP-M5-C,backscatter|blur|color|ripple,0.29,1.0205,1.1529,79.2717,181.2507,0.2999,2.6969,2.2723,2.843,3.3878,5.8588,3.5489,5,2.288,False,False,fail,
deep/qr_C_m8_deep_041.png,deep,0.85,8,232,41,C,HYDROSHIP-M5-C,backscatter|blur|color|ripple,0.3208,0.9908,1.0977,79.7707,164.1848,0.2925,2.7777,2.1679,2.5331,3.3428,4.766,1.8503,5,2.2332,False,False,fail,
deep/qr_C_m8_deep_042.png,deep,0.85,8,232,42,C,HYDROSHIP-M5-C,backscatter|blur|color|ripple,0.2805,1.0395,1.1507,81.1282,177.548,0.3276,2.847,2.2433,2.6291,2.9487,0.1438,2.8925,5,2.2023,False,False,fail,
deep/qr_C_m8_deep_043.png,deep,0.85,8,232,43,C,HYDROSHIP-M5-C,backscatter|blur|color|ripple,0.2937,1.0792,1.1668,80.5664,174.7934,0.3093,2.9123,2.3015,2.9077,3.3402,0.3279,5.7681,5,2.206,False,False,fail,
deep/qr_C_m8_deep_044.png,deep,0.85,8,232,44,C,HYDROSHIP-M5-C,backscatter|blur|color|ripple,0.2843,1.0321,1.2258,83.6017,183.3636,0.2913,2.9173,2.2932,2.5554,3.3908,5.5302,0.9222,5,2.2408,False,True,upscale,HYDROSHIP-M5-C
deep/qr_C_m8_deep_045.png,deep,0.85,8,232,45,C,HYDROSHIP-M5-C,backscatter|blur|color|ripple,0.2966,1.1102,1.1609,79.9376,186.0372,0.3296,2.742,2.204,2.9007,3.3452,4.0759,1.1205,5,2.3626,False,False,fail,
deep/qr_C_m8_deep_046.png,deep,0.85,8,232,46,C,HYDROSHIP-M5-C,backscatter|blur|color|ripple,0.276,0.9731,1.1507,73.44,182.8603,0.3339,2.6721,2.2222,2.8547,3.3987,4.7319,4.043,5,2.2842,False,False,fail,
deep/qr_C_m8_deep_047.png,deep,0.85,8,232,47,C,HYDROSHIP-M5-C,backscatter|blur|color|ripple,0.2913,0.9911,1.1108,74.1556,176.5602,0.2989,2.9249,2.3023,2.6843,3.1763,4.9551,4.7124,5,2.2725,True,True,raw,HYDROSHIP-M5-C
deep/qr_C_m8_deep_048.png,deep,0.85,8,232,48,C,HYDROSHIP-M5-C,backscatter|blur|color|ripple,0.2858,1.1052,1.0894,78.2296,164.7137,0.3025,2.5937,2.3117,2.7135,3.1016,0.4506,5.9805,5,2.4213,False,True,cv2_fallback,HYDROSHIP-M5-C
deep/qr_C_m8_deep_049.png,deep,0.85,8,232,49,C,HYDROSHIP-M5-C,backscatter|blur|color|ripple,0.2807,1.0523,1.2384,76.8825,170.7038,0.3191,2.5596,2.2148,2.7113,2.9092,2.0661,2.795,5,2.4351,True,True,raw,HYDROSHIP-M5-C
deep/qr_C_m8_deep_050.png,deep,0.85,8,232,50,C,HYDROSHIP-M5-C,backscatter|blur|color|ripple,0.2851,1.0432,1.2044,80.9051,169.8618,0.2925,2.763,2.0749,2.6293,3.1154,0.9212,1.5685,5,2.3179,False,True,cv2_fallback,HYDROSHIP-M5-C
deep/qr_C_m8_deep_051.png,deep,0.85,8,232,51,C,HYDROSHIP-M5-C,backscatter|blur|color|ripple,0.3025,1.0809,1.1169,82.2326,161.3427,0.316,2.8052,2.1835,2.7377,2.9952,6.0959,2.0814,5,2.315,False,False,fail,
deep/qr_C_m8_deep_052.png,deep,0.85,8,232,52,C,HYDROSHIP-M5-C,backscatter|blur|color|ripple,0.3028,0.9984,1.1178,73.0592,174.9837,0.3251,2.8077,2.221,2.7364,3.0503,3.8488,2.8779,5,2.3155,False,False,fail,
deep/qr_C_m8_deep_053.png,deep,0.85,8,232,53,C,HYDROSHIP-M5-C,backscatter|blur|color|ripple,0.2956,1.0276,1.149,82.7617,172.0431,0.3333,2.5503,2.0457,2.7124,3.3285,2.3625,2.1974,5,2.2081,False,False,fail,
deep/qr_C_m8_deep_054.png,deep,0.85,8,232,54,C,HYDROSHIP-M5-C,backscatter|blur|color|ripple,0.2772,0.9962,1.1261,84.4813,176.2981,0.3097,2.8808,2.1683,2.6766,3.0317,5.2102,1.039,5,2.4027,False,False,fail,
deep/qr_C_m8_deep_055.png,deep,0.85,8,232,55,C,HYDROSHIP-M5-C,backscatter|blur|color|ripple,0.3,0.9975,1.1721,81.3459,171.3181,0.3336,2.7781,2.2944,2.5841,3.3253,2.3149,3.0712,5,2.4155,False,False,fail,
deep/qr_C_m8_deep_056.png,deep,0.85,8,232,56,C,HYDROSHIP-M5-C,backscatter|blur|color|ripple,0.2905,0.9609,1.0674,78.1085,161.8667,0.3126,2.8991,2.2649,2.8484,3.2305,3.6364,4.805,5,2.1802,False,False,fail,
deep/qr_C_m8_deep_057.png,deep,0.85,8,232,57,C,HYDROSHIP-M5-C,backscatter|blur|color|ripple,0.3139,1.0181,1.1471,73.4117,183.6664,0.2898,2.5844,2.0171,2.7787,2.9584,2.8426,4.7801,5,2.1177,False,False,fail,
deep/qr_C_m8_deep_058.png,deep,0.85,8,232,58,C,HYDROSHIP-M5-C,backscatter|blur|color|ripple,0.2841,1.079,1.0614,76.3183,186.4773,0.2885,2.8025,2.0977,2.7491,3.3985,4.2542,5.0025,5,2.3489,False,True,cv2_fallback,HYDROSHIP-M5-C
deep/qr_C_m8_deep_059.png,deep,0.85,8,232,59,C,HYDROSHIP-M5-C,backscatter|blur|color|ripple,0.2863,0.9651,1.0886,85.3096,167.8045,0.2986,2.9262,2.1708,2.8687,3.0064,4.6379,4.8064,5,2.368,False,False,fail,
deep/qr_C_m8_deep_060.png,deep,0.85,8,232,60,C,HYDROSHIP-M5-C,backscatter|blur|color|ripple,0.291,1.0211,1.226,83.4195,163.2522,0.3193,2.9257,2.0722,2.5947,3.1325,1.4979,6.2127,5,2.2011,False,True,cv2_fallback,HYDROSHIP-M5-C
deep/qr_C_m8_deep_061.png,deep,0.85,8,232,61,C,HYDROSHIP-M5-C,backscatter|blur|color|ripple,0.294,1.1145,1.1442,82.2524,168.5197,0.3112,2.7125,2.0246,2.7133,3.1014,4.0424,5.9196,5,2.2137,False,True,cv2_fallback,HYDROSHIP-M5-C
deep/qr_C_m8_deep_062.png,deep,0.85,8,232,62,C,HYDROSHIP-M5-C,backscatter|blur|color|ripple,0.2789,1.0338,1.0731,85.5189,178.2435,0.2933,2.9442,2.1514,2.7798,3.2315,3.4142,2.0759,5,2.2386,False,False,fail,
deep/qr_C_m8_deep_063.png,deep,0.85,8,232,63,C,HYDROSHIP-M5-C,backscatter|blur|color|ripple,0.3139,1.0338,1.1861,85.3818,175.5722,0.3051,2.9635,2.0496,2.7198,3.0452,4.9844,2.095,5,2.1857,True,True,raw,HYDROSHIP-M5-C
deep/qr_C_m8_deep_064.png,deep,0.85,8,232,64,C,HYDROSHIP-M5-C,backscatter|blur|color|ripple,0.3018,1.0146,1.1591,83.3307,182.4908,0.3334,2.7104,2.1821,2.8062,3.0306,1.0289,1.5318,5,2.1651,True,True,raw,HYDROSHIP-M5-C
deep/qr_C_m8_deep_065.png,deep,0.85,8,232,65,C,HYDROSHIP-M5-C,backscatter|blur|color|ripple,0.3084,0.9725,1.0685,76.1477,162.3904,0.2974,2.6042,2.26,2.8099,3.3224,5.7958,4.7809,5,2.3934,False,False,fail,
deep/qr_C_m8_deep_066.png,deep,0.85,8,232,66,C,HYDROSHIP-M5-C,backscatter|blur|color|ripple,0.282,0.9598,1.2224,77.7443,168.7656,0.3025,2.8202,2.0737,2.5219,3.0525,1.492,4.1591,5,2.1561,False,True,cv2_fallback,HYDROSHIP-M5-C
deep/qr_C_m8_deep_067.png,deep,0.85,8,232,67,C,HYDROSHIP-M5-C,backscatter|blur|color|ripple,0.2885,1.1011,1.0731,83.6638,181.4725,0.3228,2.7239,2.0765,2.5095,3.1189,3.9868,6.0502,5,2.3499,False,False,fail,
deep/qr_C_m8_deep_068.png,deep,0.85,8,232,68,C,HYDROSHIP-M5-C,backscatter|blur|color|ripple,0.2763,1.0696,1.0913,79.6716,175.6383,0.3362,2.5876,2.2911,2.7532,3.0521,1.7875,5.2009,5,2.18,True,True,raw,HYDROSHIP-M5-C
deep/qr_C_m8_deep_069.png,deep,0.85,8,232,69,C,HYDROSHIP-M5-C,backscatter|blur|color|ripple,0.3182,1.0339,1.1696,79.652,174.2138,0.2922,2.8368,2.0592,2.6619,3.0642,5.9585,5.2691,5,2.1169,False,False,fail,
deep/qr_C_m8_deep_070.png,deep,0.85,8,232,70,C,HYDROSHIP-M5-C,backscatter|blur|color|ripple,0.3057,1.0531,1.0948,78.79,172.0935,0.3019,2.844,2.1573,2.5185,3.2261,2.9703,6.1143,5,2.4594,False,False,fail,
deep/qr_C_m8_deep_071.png,deep,0.85,8,232,71,C,HYDROSHIP-M5-C,backscatter|blur|color|ripple,0.3068,1.0228,1.194,73.985,177.1333,0.2938,2.9859,2.2373,2.4873,2.9116,2.5472,3.0823,5,2.3319,True,True,raw,HYDROSHIP-M5-C
deep/qr_C_m8_deep_072.png,deep,0.85,8,232,72,C,HYDROSHIP-M5-C,backscatter|blur|color|ripple,0.315,1.1094,1.0747,75.4418,172.9158,0.3236,2.5762,2.0436,2.6046,2.9469,3.4797,5.7045,5,2.2448,False,False,fail,
deep/qr_C_m8_deep_073.png,deep,0.85,8,232,73,C,HYDROSHIP-M5-C,backscatter|blur|color|ripple,0.2747,1.068,1.1613,81.6907,186.1183,0.3345,2.6751,1.9859,2.8879,3.1049,6.09,3.3467,5,2.2783,False,False,fail,
deep/qr_C_m8_deep_074.png,deep,0.85,8,232,74,C,HYDROSHIP-M5-C,backscatter|blur|color|ripple,0.2782,1.1251,1.1302,74.469,178.3333,0.3167,2.79,2.1693,2.7907,2.9097,1.7161,4.8547,5,2.2206,True,True,raw,HYDROSHIP-M5-C
deep/qr_C_m8_deep_075.png,deep,0.85,8,232,75,C,HYDROSHIP-M5-C,backscatter|blur|color|ripple,0.3035,1.0275,1.2051,85.655,173.0268,0.3056,2.6945,2.2983,2.6196,3.0121,4.4952,4.4988,5,2.2458,False,False,fail,
deep/qr_C_m8_deep_076.png,deep,0.85,8,232,76,C,HYDROSHIP-M5-C,backscatter|blur|color|ripple,0.2894,1.1251,1.2217,78.0173,167.7625,0.3226,2.728,2.1382,2.6789,2.9064,3.1753,0.6506,5,2.2301,False,False,fail,
deep/qr_C_m8_deep_077.png,deep,0.85,8,232,77,C,HYDROSHIP-M5-C,backscatter|blur|color|ripple,0.2971,1.1083,1.1024,79.7982,177.7489,0.3158,2.9398,2.082,2.7537,2.9272,3.9269,0.8088,5,2.1438,False,False,fail,
deep/qr_C_m8_deep_078.png,deep,0.85,8,232,78,C,HYDROSHIP-M5-C,backscatter|blur|color|ripple,0.2952,0.9857,1.0987,85.5434,170.8564,0.2955,2.7226,2.2685,2.8926,2.9081,2.36,2.5872,5,2.3878,False,False,fail,
deep/qr_C_m8_deep_079.png,deep,0.85,8,232,79,C,HYDROSHIP-M5-C,backscatter|blur|color|ripple,0.2803,0.9631,1.1257,81.0599,179.4405,0.3136,2.5531,2.2804,2.8673,3.3034,3.5319,1.4763,5,2.2751,False,False,fail,
deep/qr_C_m8_deep_080.png,deep,0.85,8,232,80,C,HYDROSHIP-M5-C,backscatter|blur|color|ripple,0.307,0.9708,1.2286,75.6314,181.3658,0.3238,2.9764,2.0579,2.6044,2.9242,0.9403,2.6403,5,2.2182,False,True,cv2_fallback,HYDROSHIP-M5-C
deep/qr_C_m8_deep_081.png,deep,0.85,8,232,81,C,HYDROSHIP-M5-C,backscatter|blur|color|ripple,0.2891,1.0412,1.1025,74.4263,163.7376,0.3128,2.8399,2.2742,2.5329,3.1984,6.1922,3.6619,5,2.4197,False,False,fail,
deep/qr_C_m8_deep_082.png,deep,0.85,8,232,82,C,HYDROSHIP-M5-C,backscatter|blur|color|ripple,0.3082,0.9652,1.1845,85.1266,167.8021,0.3141,2.7228,2.2428,2.5694,3.1989,4.2877,3.1916,5,2.3169,False,False,fail,
deep/qr_C_m8_deep_083.png,deep,0.85,8,232,83,C,HYDROSHIP-M5-C,backscatter|blur|color|ripple,0.3077,1.0636,1.1834,74.6928,184.5607,0.3122,2.6662,2.0044,2.7225,2.9247,1.0324,2.3048,5,2.2716,False,True,cv2_fallback,HYDROSHIP-M5-C
shallow/qr_D_m4_shallow_000.png,shallow,0.25,4,116,0,D,HYDROSHIP-M5-D,backscatter|blur|color|ripple,0.6761,1.0509,0.9662,26.7375,234.172,0.1205,0.969,0.7613,1.4585,1.7796,4.3758,2.7277,3,1.0505,True,True,raw,HYDROSHIP-M5-D
shallow/qr_D_m4_shallow_001.png,shallow,0.25,4,116,1,D,HYDROSHIP-M5-D,backscatter|blur|color|ripple,0.638,1.0249,0.9774,29.2945,235.5346,0.113,1.0353,0.7287,1.5416,1.8253,1.1859,0.3111,3,1.0745,True,True,raw,HYDROSHIP-M5-D
shallow/qr_D_m4_shallow_002.png,shallow,0.25,4,116,2,D,HYDROSHIP-M5-D,backscatter|blur|color|ripple,0.728,0.9523,0.9656,27.1897,232.7203,0.1203,0.999,0.8181,1.4645,1.8857,6.2204,2.867,3,0.9834,True,True,raw,HYDROSHIP-M5-D
shallow/qr_D_m4_shallow_003.png,shallow,0.25,4,116,3,D,HYDROSHIP-M5-D,backscatter|blur|color|ripple,0.679,1.0118,1.0934,29.4287,238.7249,0.1245,0.9604,0.7747,1.4161,1.8367,4.617,2.5833,3,1.0387,True,True,raw,HYDROSHIP-M5-D
shallow/qr_D_m4_shallow_004.png,shallow,0.25,4,116,4,D,HYDROSHIP-M5-D,backscatter|blur|color|ripple,0.6924,0.9793,1.0996,30.2242,216.0573,0.1252,1.0882,0.8351,1.5258,1.8603,1.9212,4.132,3,0.9828,True,True,raw,HYDROSHIP-M5-D
shallow/qr_D_m4_shallow_005.png,shallow,0.25,4,116,5,D,HYDROSHIP-M5-D,backscatter|blur|color|ripple,0.6621,0.9498,1.0337,28.2095,210.836,0.1143,1.0606,0.7716,1.5757,1.6394,0.2739,5.6628,3,1.0167,True,True,raw,HYDROSHIP-M5-D
shallow/qr_D_m4_shallow_006.png,shallow,0.25,4,116,6,D,HYDROSHIP-M5-D,backscatter|blur|color|ripple,0.6502,1.0853,1.1018,27.3199,230.9973,0.1127,0.9988,0.7259,1.5094,1.8664,3.9571,2.6032,3,1.0658,True,True,raw,HYDROSHIP-M5-D
shallow/qr_D_m4_shallow_007.png,shallow,0.25,4,116,7,D,HYDROSHIP-M5-D,backscatter|blur|color|ripple,0.6756,0.9583,1.1051,27.3404,209.4372,0.1267,1.0696,0.7226,1.5434,1.702,0.4831,5.5572,3,1.1035,True,True,raw,HYDROSHIP-M5-D
shallow/qr_D_m4_shallow_008.png,shallow,0.25,4,116,8,D,HYDROSHIP-M5-D,backscatter|blur|color|ripple,0.6796,1.0858,1.0697,30.4112,222.0795,0.1258,0.9584,0.8338,1.4116,1.643,5.2761,1.6798,3,0.9556,True,True,raw,HYDROSHIP-M5-D
shallow/qr_D_m4_shallow_009.png,shallow,0.25,4,116,9,D,HYDROSHIP-M5-D,backscatter|blur|color|ripple,0.6897,0.9487,1.0789,30.1725,215.5629,0.1167,0.944,0.7453,1.4747,1.708,3.935,5.7125,3,1.0113,True,True,raw,HYDROSHIP-M5-D
shallow/qr_D_m4_shallow_010.png,shallow,0.25,4,116,10,D,HYDROSHIP-M5-D,backscatter|blur|color|ripple,0.6399,0.9962,1.1225,30.7108,209.5052,0.1293,1.0084,0.7202,1.5745,1.855,0.4393,4.2828,3,0.9623,True,True,raw,HYDROSHIP-M5-D
shallow/qr_D_m4_shallow_011.png,shallow,0.25,4,116,11,D,HYDROSHIP-M5-D,backscatter|blur|color|ripple,0.6729,1.0219,1.0143,29.0237,222.9209,0.1274,1.0401,0.8184,1.5995,1.6774,4.7834,1.7032,3,1.0755,True,True,raw,HYDROSHIP-M5-D
shallow/qr_D_m4_shallow_012.png,shallow,0.25,4,116,12,D,HYDROSHIP-M5-D,backscatter|blur|color|ripple,0.6399,1.0547,1.1233,31.1555,242.1987,0.1149,1.0534,0.7877,1.4012,1.7311,2.3181,6.0609,3,1.0173,True,True,raw,HYDROSHIP-M5-D
shallow/qr_D_m4_shallow_013.png,shallow,0.25,4,116,13,D,HYDROSHIP-M5-D,backscatter|blur|color|ripple,0.7299,0.9634,0.9693,30.4957,228.3386,0.1218,0.9702,0.7846,1.4775,1.8726,1.6283,5.8507,3,0.9859,True,True,raw,HYDROSHIP-M5-D
shallow/qr_D_m4_shallow_014.png,shallow,0.25,4,116,14,D,HYDROSHIP-M5-D,backscatter|blur|color|ripple,0.6779,1.0259,1.0757,29.6792,233.3492,0.1235,0.9477,0.8311,1.4207,1.7846,0.845,2.9977,3,1.0272,True,True,raw,HYDROSHIP-M5-D
shallow/qr_D_m4_shallow_015.png,shallow,0.25,4,116,15,D,HYDROSHIP-M5-D,backscatter|blur|color|ripple,0.7219,1.0697,1.0761,27.5788,239.925,0.1198,1.0146,0.7755,1.3854,1.7137,0.2515,2.8096,3,1.0284,True,True,raw,HYDROSHIP-M5-D
shallow/qr_D_m4_shallow_016.png,shallow,0.25,4,116,16,D,HYDROSHIP-M5-D,backscatter|blur|color|ripple,0.7176,1.0771,1.0177,31.1579,215.8338,0.1209,0.9814,0.8139,1.4597,1.8227,2.8487,2.169,3,1.0727,True,True,raw,HYDROSHIP-M5-D
shallow/qr_D_m4_shallow_017.png,shallow,0.25,4,116,17,D,HYDROSHIP-M5-D,backscatter|blur|color|ripple,0.6722,1.064,1.1253,27.0094,241.1806,0.1277,1.0919,0.8283,1.4287,1.6441,5.8368,0.0398,3,1.0468,True,True,raw,HYDROSHIP-M5-D
shallow/qr_D_m4_shallow_018.png,shallow,0.25,4,116,18,D,HYDROSHIP-M5-D,backscatter|blur|color|ripple,0.7184,1.0102,1.0296,28.1347,211.8598,0.1189,0.9598,0.7424,1.6166,1.8582,1.7346,0.5864,3,1.0372,True,True,raw,HYDROSHIP-M5-D
shallow/qr_D_m4_shallow_019.png,shallow,0.25,4,116,19,D,HYDROSHIP-M5-D,backscatter|blur|color|ripple,0.7341,0.9542,1.0071,27.8937,242.8292,0.1112,0.9527,0.8067,1.6021,1.6618,0.6602,0.2576,3,1.0291,True,True,raw,HYDROSHIP-M5-D
shallow/qr_D_m4_shallow_020.png,shallow,0.25,4,116,20,D,HYDROSHIP-M5-D,backscatter|blur|color|ripple,0.7093,0.9429,0.9904,30.7759,211.9141,0.1127,1.0641,0.7692,1.5063,1.8982,3.2769,5.2193,3,1.0925,True,True,raw,HYDROSHIP-M5-D
shallow/qr_D_m4_shallow_021.png,shallow,0.25,4,116,21,D,HYDROSHIP-M5-D,backscatter|blur|color|ripple,0.6584,1.0463,1.0503,30.7458,209.7047,0.1136,1.044,0.7394,1.5937,1.8614,4.8447,2.869,3,1.0216,True,True,raw,HYDROSHIP-M5-D
shallow/qr_D_m4_shallow_022.png,shallow,0.25,4,116,22,D,HYDROSHIP-M5-D,backscatter|blur|color|ripple,0.668,1.0052,1.093,28.0428,235.2574,0.1293,0.9828,0.7911,1.5741,1.6932,6.0769,3.691,3,1.1033,True,True,raw,HYDROSHIP-M5-D
shallow/qr_D_m4_shallow_023.png,shallow,0.25,4,116,23,D,HYDROSHIP-M5-D,backscatter|blur|color|ripple,0.6759,0.9796,1.0093,29.6808,239.9998,0.1111,0.967,0.7766,1.4828,1.7793,3.0178,1.9602,3,1.039,True,True,raw,HYDROSHIP-M5-D
shallow/qr_D_m4_shallow_024.png,shallow,0.25,4,116,24,D,HYDROSHIP-M5-D,backscatter|blur|color|ripple,0.6995,1.004,1.0538,29.0926,225.3887,0.1213,0.9811,0.7662,1.4112,1.8448,2.7022,4.408,3,1.091,True,True,raw,HYDROSHIP-M5-D
shallow/qr_D_m4_shallow_025.png,shallow,0.25,4,116,25,D,HYDROSHIP-M5-D,backscatter|blur|color|ripple,0.709,1.0544,1.1106,28.3676,237.5652,0.1231,1.0532,0.8242,1.557,1.7284,0.227,1.7748,3,1.0985,True,True,raw,HYDROSHIP-M5-D
shallow/qr_D_m4_shallow_026.png,shallow,0.25,4,116,26,D,HYDROSHIP-M5-D,backscatter|blur|color|ripple,0.6912,0.9559,1.0474,28.0014,213.8193,0.1205,1.0976,0.7692,1.6189,1.6682,3.4773,5.8465,3,1.0922,True,True,raw,HYDROSHIP-M5-D
shallow/qr_D_m4_shallow_027.png,shallow,0.25,4,116,27,D,HYDROSHIP-M5-D,backscatter|blur|color|ripple,0.6594,1.0552,0.982,28.0308,215.8422,0.1219,1.0813,0.7513,1.4596,1.7507,1.4981,2.1996,3,0.99,True,True,raw,HYDROSHIP-M5-D
shallow/qr_D_m4_shallow_028.png,shallow,0.25,4,116,28,D,HYDROSHIP-M5-D,backscatter|blur|color|ripple,0.693,0.9621,1.1064,30.0714,230.4446,0.1165,1.0006,0.7875,1.4383,1.6519,6.1,5.077,3,1.0815,True,True,raw,HYDROSHIP-M5-D
shallow/qr_D_m4_shallow_029.png,shallow,0.25,4,116,29,D,HYDROSHIP-M5-D,backscatter|blur|color|ripple,0.6494,0.9331,1.0098,27.0448,211.4612,0.112,1.1049,0.7511,1.5566,1.7506,0.4156,3.8425,3,1.0115,True,True,raw,HYDROSHIP-M5-D
shallow/qr_D_m4_shallow_030.png,shallow,0.25,4,116,30,D,HYDROSHIP-M5-D,backscatter|blur|color|ripple,0.7027,1.0797,1.0794,27.0556,213.3679,0.1201,1.0694,0.8289,1.5599,1.9159,5.7554,0.8379,3,1.0896,True,True,raw,HYDROSHIP-M5-D
shallow/qr_D_m4_shallow_031.png,shallow,0.25,4,116,31,D,HYDROSHIP-M5-D,backscatter|blur|color|ripple,0.6582,1.0865,1.0397,27.2948,208.6948,0.1104,1.0927,0.8169,1.6123,1.7975,1.2946,1.0201,3,1.0453,True,True,raw,HYDROSHIP-M5-D
shallow/qr_D_m4_shallow_032.png,shallow,0.25,4,116,32,D,HYDROSHIP-M5-D,backscatter|blur|color|ripple,0.6348,0.9412,1.066,28.4515,213.2345,0.1271,0.9827,0.7377,1.4884,1.7524,1.5818,0.5843,3,1.0196,True,True,raw,HYDROSHIP-M5-D
shallow/qr_D_m4_shallow_033.png,shallow,0.25,4,116,33,D,HYDROSHIP-M5-D,backscatter|blur|color|ripple,0.6445,1.0706,0.9968,28.66,242.7714,0.1242,1.0425,0.7532,1.4184,1.7227,2.8053,2.6376,3,1.0954,True,True,raw,HYDROSHIP-M5-D
shallow/qr_D_m4_shallow_034.png,shallow,0.25,4,116,34,D,HYDROSHIP-M5-D,backscatter|blur|color|ripple,0.6731,0.9455,1.0521,29.2564,213.5021,0.1206,0.9487,0.8159,1.4039,1.9077,5.4919,0.08,3,1.0363,True,True,raw,HYDROSHIP-M5-D
shallow/qr_D_m4_shallow_035.png,shallow,0.25,4,116,35,D,HYDROSHIP-M5-D,backscatter|blur|color|ripple,0.648,0.9637,1.0637,30.6846,243.3732,0.1188,1.0746,0.7636,1.5656,1.8267,3.1645,1.2339,3,1.0731,True,True,raw,HYDROSHIP-M5-D
shallow/qr_D_m4_shallow_036.png,shallow,0.25,4,116,36,D,HYDROSHIP-M5-D,backscatter|blur|color|ripple,0.7228,1.093,1.0943,31.3019,209.8728,0.1196,1.0775,0.7729,1.4704,1.8028,3.2964,5.5943,3,0.9813,True,True,raw,HYDROSHIP-M5-D
shallow/qr_D_m4_shallow_037.png,shallow,0.25,4,116,37,D,HYDROSHIP-M5-D,backscatter|blur|color|ripple,0.7304,1.0588,1.1008,27.242,228.6986,0.115,0.9847,0.7584,1.4747,1.9159,1.9452,4.9626,3,0.9826,True,True,raw,HYDROSHIP-M5-D
shallow/qr_D_m4_shallow_038.png,shallow,0.25,4,116,38,D,HYDROSHIP-M5-D,backscatter|blur|color|ripple,0.6866,1.0509,0.993,30.716,238.2098,0.1248,0.9929,0.7215,1.5182,1.8908,1.2164,0.6339,3,0.9697,True,True,raw,HYDROSHIP-M5-D
shallow/qr_D_m4_shallow_039.png,shallow,0.25,4,116,39,D,HYDROSHIP-M5-D,backscatter|blur|color|ripple,0.6485,1.0744,1.0849,28.8663,241.0082,0.1135,1.0388,0.7251,1.4142,1.7328,5.8424,0.7986,3,1.0399,True,True,raw,HYDROSHIP-M5-D
shallow/qr_D_m4_shallow_040.png,shallow,0.25,4,116,40,D,HYDROSHIP-M5-D,backscatter|blur|color|ripple,0.6649,1.0259,1.0425,28.6868,218.4563,0.1266,1.0179,0.8297,1.5077,1.8061,4.4609,0.0969,3,1.0109,True,True,raw,HYDROSHIP-M5-D
shallow/qr_D_m4_shallow_041.png,shallow,0.25,4,116,41,D,HYDROSHIP-M5-D,backscatter|blur|color|ripple,0.721,1.0696,1.0766,30.8762,229.5247,0.1123,1.0673,0.7516,1.4121,1.8714,2.1521,1.6323,3,1.0405,True,True,raw,HYDROSHIP-M5-D
shallow/qr_D_m4_shallow_042.png,shallow,0.25,4,116,42,D,HYDROSHIP-M5-D,backscatter|blur|color|ripple,0.7022,1.0803,1.0699,26.7389,219.7086,0.1201,1.0924,0.7584,1.4715,1.8355,5.9112,4.1058,3,0.9515,True,True,raw,HYDROSHIP-M5-D
shallow/qr_D_m4_shallow_043.png,shallow,0.25,4,116,43,D,HYDROSHIP-M5-D,backscatter|blur|color|ripple,0.7141,0.9645,1.0099,28.4447,211.6259,0.126,0.9528,0.8369,1.4328,1.7494,5.0284,2.0075,3,1.0415,True,True,raw,HYDROSHIP-M5-D
shallow/qr_D_m4_shallow_044.png,shallow,0.25,4,116,44,D,HYDROSHIP-M5-D,backscatter|blur|color|ripple,0.6474,0.9485,1.0149,29.9095,233.0456,0.1281,0.9831,0.8298,1.4575,1.8083,1.4794,2.5132,3,1.0869,True,True,raw,HYDROSHIP-M5-D
shallow/qr_D_m4_shallow_045.png,shallow,0.25,4,116,45,D,HYDROSHIP-M5-D,backscatter|blur|color|ripple,0.6999,0.9705,1.0434,28.7346,223.9172,0.1205,1.0433,0.7751,1.4562,1.903,2.6431,4.5957,3,1.0483,True,True,raw,HYDROSHIP-M5-D
shallow/qr_D_m4_shallow_046.png,shallow,0.25,4,116,46,D,HYDROSHIP-M5-D,backscatter|blur|color|ripple,0.708,0.9476,1.0533,30.3949,243.0272,0.1129,1.0958,0.7721,1.5861,1.9122,5.8431,0.3985,3,1.0734,True,True,raw,HYDROSHIP-M5-D
shallow/qr_D_m4_shallow_047.png,shallow,0.25,4,116,47,D,HYDROSHIP-M5-D,backscatter|blur|color|ripple,0.6473,1.0726,0.968,30.8173,214.443,0.1169,1.0711,0.7583,1.5028,1.6403,1.6462,5.2215,3,1.0268,True,True,raw,HYDROSHIP-M5-D
shallow/qr_D_m4_shallow_048.png,shallow,0.25,4,116,48,D,HYDROSHIP-M5-D,backscatter|blur|color|ripple,0.6638,0.9587,0.9667,29.9258,211.569,0.1224,1.0348,0.7964,1.543,1.649,5.6417,5.8598,3,1.0035,True,True,raw,HYDROSHIP-M5-D
shallow/qr_D_m4_shallow_049.png,shallow,0.25,4,116,49,D,HYDROSHIP-M5-D,backscatter|blur|color|ripple,0.6745,0.9851,1.1066,27.9175,233.5623,0.1282,0.978,0.7466,1.5322,1.8042,5.8923,2.3204,3,1.0285,True,True,raw,HYDROSHIP-M5-D
shallow/qr_D_m4_shallow_050.png,shallow,0.25,4,116,50,D,HYDROSHIP-M5-D,backscatter|blur|color|ripple,0.705,1.0755,0.9856,27.6578,233.9076,0.1173,1.1043,0.7894,1.4298,1.9029,2.0324,1.5656,3,0.9862,True,True,raw,HYDROSHIP-M5-D
shallow/qr_D_m4_shallow_051.png,shallow,0.25,4,116,51,D,HYDROSHIP-M5-D,backscatter|blur|color|ripple,0.689,0.9823,1.1224,31.2505,223.1796,0.1186,1.0516,0.7341,1.5665,1.8781,4.5012,3.1535,3,0.9892,True,True,raw,HYDROSHIP-M5-D
shallow/qr_D_m4_shallow_052.png,shallow,0.25,4,116,52,D,HYDROSHIP-M5-D,backscatter|blur|color|ripple,0.6578,1.0353,1.1106,30.0953,221.3132,0.1104,1.064,0.76,1.6022,1.7168,4.3333,1.6378,3,1.0895,True,True,raw,HYDROSHIP-M5-D
shallow/qr_D_m4_shallow_053.png,shallow,0.25,4,116,53,D,HYDROSHIP-M5-D,backscatter|blur|color|ripple,0.7313,1.0807,0.9793,28.5312,233.7475,0.1178,1.0472,0.8183,1.5207,1.8383,2.962,3.3111,3,0.9509,True,True,raw,HYDROSHIP-M5-D
shallow/qr_D_m4_shallow_054.png,shallow,0.25,4,116,54,D,HYDROSHIP-M5-D,backscatter|blur|color|ripple,0.7417,0.9841,0.9972,29.275,211.066,0.1263,1.0106,0.7363,1.6067,1.9018,6.1744,3.1674,3,1.0583,True,True,raw,HYDROSHIP-M5-D
shallow/qr_D_m4_shallow_055.png,shallow,0.25,4,116,55,D,HYDROSHIP-M5-D,backscatter|blur|color|ripple,0.6597,1.0497,0.9913,28.796,235.3415,0.1235,1.0536,0.7503,1.548,1.76,5.8127,2.1837,3,1.0735,True,True,raw,HYDROSHIP-M5-D
shallow/qr_D_m4_shallow_056.png,shallow,0.25,4,116,56,D,HYDROSHIP-M5-D,backscatter|blur|color|ripple,0.6834,1.0492,1.0115,30.0964,222.5752,0.1113,0.9642,0.8051,1.4954,1.8039,5.3698,1.5628,3,1.0877,True,True,raw,HYDROSHIP-M5-D
shallow/qr_D_m4_shallow_057.png,shallow,0.25,4,116,57,D,HYDROSHIP-M5-D,backscatter|blur|color|ripple,0.7258,1.009,1.0609,29.3104,243.3125,0.1204,0.9745,0.8056,1.5573,1.7894,0.6318,4.3202,3,0.9575,True,True,raw,HYDROSHIP-M5-D
shallow/qr_D_m4_shallow_058.png,shallow,0.25,4,116,58,D,HYDROSHIP-M5-D,backscatter|blur|color|ripple,0.7121,0.9528,1.0241,27.3981,211.8441,0.1212,1.0176,0.7379,1.3837,1.8749,5.9193,2.026,3,0.9619,True,True,raw,HYDROSHIP-M5-D
shallow/qr_D_m4_shallow_059.png,shallow,0.25,4,116,59,D,HYDROSHIP-M5-D,backscatter|blur|color|ripple,0.74,0.9555,0.9667,30.8986,233.9823,0.1226,0.946,0.7272,1.5474,1.9024,4.003,2.9657,3,1.0775,True,True,raw,HYDROSHIP-M5-D
shallow/qr_D_m4_shallow_060.png,shallow,0.25,4,116,60,D,HYDROSHIP-M5-D,backscatter|blur|color|ripple,0.7197,1.0498,1.0284,28.9467,225.2212,0.1261,1.1055,0.7134,1.5248,1.7071,5.509,1.5984,3,1.0332,True,True,raw,HYDROSHIP-M5-D
shallow/qr_D_m4_shallow_061.png,shallow,0.25,4,116,61,D,HYDROSHIP-M5-D,backscatter|blur|color|ripple,0.7105,1.0258,1.1261,30.7781,238.1197,0.1111,0.9642,0.7944,1.464,1.7677,1.4406,0.2351,3,1.0415,True,True,raw,HYDROSHIP-M5-D
shallow/qr_D_m4_shallow_062.png,shallow,0.25,4,116,62,D,HYDROSHIP-M5-D,backscatter|blur|color|ripple,0.6748,0.9873,0.9719,27.6577,217.3999,0.1182,1.0043,0.7503,1.3955,1.6591,0.0367,5.8817,3,0.956,True,True,raw,HYDROSHIP-M5-D
shallow/qr_D_m4_shallow_063.png,shallow,0.25,4,116,63,D,HYDROSHIP-M5-D,backscatter|blur|color|ripple,0.6525,1.031,1.0771,29.9212,241.6269,0.1259,1.0544,0.7705,1.6099,1.6888,1.7387,0.2057,3,1.0781,True,True,raw,HYDROSHIP-M5-D
shallow/qr_D_m4_shallow_064.png,shallow,0.25,4,116,64,D,HYDROSHIP-M5-D,backscatter|blur|color|ripple,0.6843,0.9926,1.0263,27.6759,236.6776,0.1109,0.968,0.7703,1.4916,1.7672,3.2381,5.6725,3,1.0887,True,True,raw,HYDROSHIP-M5-D
shallow/qr_D_m4_shallow_065.png,shallow,0.25,4,116,65,D,HYDROSHIP-M5-D,backscatter|blur|color|ripple,0.7148,0.9866,1.1048,27.988,215.5789,0.1152,1.094,0.7144,1.5087,1.7085,0.0861,6.0608,3,0.9827,True,True,raw,HYDROSHIP-M5-D
shallow/qr_D_m4_shallow_066.png,shallow,0.25,4,116,66,D,HYDROSHIP-M5-D,backscatter|blur|color|ripple,0.6643,0.9736,0.9684,27.7472,233.5696,0.1133,1.073,0.7527,1.5922,1.7305,6.1915,2.6211,3,0.9535,True,True,raw,HYDROSHIP-M5-D
shallow/qr_D_m4_shallow_067.png,shallow,0.25,4,116,67,D,HYDROSHIP-M5-D,backscatter|blur|color|ripple,0.6371,1.023,1.0388,29.1451,225.2343,0.1192,1.0631,0.8091,1.6179,1.6596,3.0381,3.8566,3,1.0812,True,True,raw,HYDROSHIP-M5-D
shallow/qr_D_m4_shallow_068.png,shallow,0.25,4,116,68,D,HYDROSHIP-M5-D,backscatter|blur|color|ripple,0.6588,0.9914,0.9929,29.8721,211.1242,0.1238,1.0175,0.7515,1.5993,1.7893,2.4673,4.041,3,1.0282,True,True,raw,HYDROSHIP-M5-D
shallow/qr_D_m4_shallow_069.png,shallow,0.25,4,116,69,D,HYDROSHIP-M5-D,backscatter|blur|color|ripple,0.6366,1.0211,1.1254,29.2421,214.5545,0.1179,1.0,0.8041,1.5288,1.8065,4.9447,3.2572,3,0.943,True,True,raw,HYDROSHIP-M5-D
shallow/qr_D_m4_shallow_070.png,shallow,0.25,4,116,70,D,HYDROSHIP-M5-D,backscatter|blur|color|ripple,0.6541,0.964,1.0085,30.2969,229.4915,0.1278,1.05,0.817,1.414,1.7981,1.8597,5.4297,3,1.0437,True,True,raw,HYDROSHIP-M5-D
shallow/qr_D_m4_shallow_071.png,shallow,0.25,4,116,71,D,HYDROSHIP-M5-D,backscatter|blur|color|ripple,0.7104,0.9592,1.0541,29.5693,218.353,0.1157,1.06,0.7909,1.4967,1.7,3.8735,2.3789,3,1.0098,True,True,raw,HYDROSHIP-M5-D
shallow/qr_D_m4_shallow_072.png,shallow,0.25,4,116,72,D,HYDROSHIP-M5-D,backscatter|blur|color|ripple,0.64,0.9426,1.0885,27.2547,244.07,0.113,1.005,0.7686,1.4275,1.8529,1.9991,5.6039,3,1.0118,True,True,raw,HYDROSHIP-M5-D
shallow/qr_D_m4_shallow_073.png,shallow,0.25,4,116,73,D,HYDROSHIP-M5-D,backscatter|blur|color|ripple,0.6571,1.0799,1.0034,29.1558,209.1795,0.1174,0.9495,0.7677,1.5487,1.6584,3.5357,2.7382,3,0.9945,True,True,raw,HYDROSHIP-M5-D
shallow/qr_D_m4_shallow_074.png,shallow,0.25,4,116,74,D,HYDROSHIP-M5-D,backscatter|blur|color|ripple,0.7042,0.9779,0.9787,28.7301,243.1156,0.1165,1.0109,0.7838,1.4997,1.8326,2.6654,4.0161,3,1.0136,True,True,raw,HYDROSHIP-M5-D
shallow/qr_D_m4_shallow_075.png,shallow,0.25,4,116,75,D,HYDROSHIP-M5-D,backscatter|blur|color|ripple,0.7141,1.0196,1.0291,30.9468,209.7012,0.1225,1.0015,0.8122,1.465,1.8296,5.4458,3.7332,3,0.9818,True,True,raw,HYDROSHIP-M5-D
shallow/qr_D_m4_shallow_076.png,shallow,0.25,4,116,76,D,HYDROSHIP-M5-D,backscatter|blur|color|ripple,0.7324,1.058,0.984,30.3132,216.3294,0.1206,1.0914,0.8033,1.5549,1.8904,1.2599,3.9816,3,0.9657,True,True,raw,HYDROSHIP-M5-D
shallow/qr_D_m4_shallow_077.png,shallow,0.25,4,116,77,D,HYDROSHIP-M5-D,backscatter|blur|color|ripple,0.7303,1.0921,1.0541,26.7185,226.2947,0.1284,0.9591,0.7593,1.4336,1.9135,5.4136,1.797,3,0.968,True,True,raw,HYDROSHIP-M5-D
shallow/qr_D_m4_shallow_078.png,shallow,0.25,4,116,78,D,HYDROSHIP-M5-D,backscatter|blur|color|ripple,0.6891,0.9538,1.022,27.756,228.0948,0.1133,1.0105,0.7553,1.5576,1.7748,5.462,4.9568,3,0.9714,True,True,raw,HYDROSHIP-M5-D
shallow/qr_D_m4_shallow_079.png,shallow,0.25,4,116,79,D,HYDROSHIP-M5-D,backscatter|blur|color|ripple,0.7321,0.954,1.0875,28.6643,219.2954,0.1244,1.038,0.8106,1.5599,1.7553,4.7357,0.0765,3,0.9765,True,True,raw,HYDROSHIP-M5-D
shallow/qr_D_m4_shallow_080.png,shallow,0.25,4,116,80,D,HYDROSHIP-M5-D,backscatter|blur|color|ripple,0.7237,0.9534,0.9872,29.9322,235.2002,0.1198,1.0383,0.7739,1.5653,1.8594,2.8061,4.03,3,0.9677,True,True,raw,HYDROSHIP-M5-D
shallow/qr_D_m4_shallow_081.png,shallow,0.25,4,116,81,D,HYDROSHIP-M5-D,backscatter|blur|color|ripple,0.6496,1.0754,0.9972,27.5534,216.0455,0.1229,0.9496,0.7407,1.5692,1.6831,3.8199,2.8101,3,1.0559,True,True,raw,HYDROSHIP-M5-D
shallow/qr_D_m4_shallow_082.png,shallow,0.25,4,116,82,D,HYDROSHIP-M5-D,backscatter|blur|color|ripple,0.6919,1.0599,1.0093,31.0728,210.6645,0.1201,1.0473,0.7446,1.5314,1.6671,3.0727,5.2282,3,0.9467,True,True,raw,HYDROSHIP-M5-D
shallow/qr_D_m4_shallow_083.png,shallow,0.25,4,116,83,D,HYDROSHIP-M5-D,backscatter|blur|color|ripple,0.7239,1.0789,1.1186,28.4385,211.4078,0.1271,1.0968,0.767,1.569,1.9009,1.0744,3.7276,3,0.9904,True,True,raw,HYDROSHIP-M5-D
medium/qr_D_m4_medium_000.png,medium,0.55,4,116,0,D,HYDROSHIP-M5-D,backscatter|blur|color|ripple,0.5022,1.0985,1.1117,57.5909,213.4597,0.2311,1.9107,1.4571,1.999,2.6357,1.6667,1.4361,5,1.602,True,True,raw,HYDROSHIP-M5-D
medium/qr_D_m4_medium_001.png,medium,0.55,4,116,1,D,HYDROSHIP-M5-D,backscatter|blur|color|ripple,0.5036,1.0378,1.1283,55.5883,210.3938,0.2105,1.9688,1.3928,2.201,2.5906,1.7838,1.6135,5,1.682,False,True,clahe,HYDROSHIP-M5-D
medium/qr_D_m4_medium_002.png,medium,0.55,4,116,2,D,HYDROSHIP-M5-D,backscatter|blur|color|ripple,0.4825,0.9593,1.0483,56.0326,204.1171,0.1994,1.8944,1.58,2.2386,2.5717,1.0569,2.4891,5,1.7247,False,False,fail,
medium/qr_D_m4_medium_003.png,medium,0.55,4,116,3,D,HYDROSHIP-M5-D,backscatter|blur|color|ripple,0.4666,0.9715,1.0922,51.1678,213.4644,0.2126,1.945,1.4188,2.2389,2.388,0.37,4.124,5,1.5316,False,False,fail,
medium/qr_D_m4_medium_004.png,medium,0.55,4,116,4,D,HYDROSHIP-M5-D,backscatter|blur|color|ripple,0.5046,0.9741,1.1198,50.3104,195.8168,0.2036,1.8153,1.3588,1.9963,2.4837,5.6993,2.1358,5,1.6311,True,True,raw,HYDROSHIP-M5-D
medium/qr_D_m4_medium_005.png,medium,0.55,4,116,5,D,HYDROSHIP-M5-D,backscatter|blur|color|ripple,0.4906,1.0954,1.1165,57.9425,208.9866,0.2006,1.7647,1.563,2.1041,2.5138,5.2201,4.1508,5,1.533,True,True,raw,HYDROSHIP-M5-D
medium/qr_D_m4_medium_006.png,medium,0.55,4,116,6,D,HYDROSHIP-M5-D,backscatter|blur|color|ripple,0.5029,1.0503,1.0255,53.3039,186.0217,0.2025,1.8984,1.5493,2.0141,2.3552,3.9026,2.7934,5,1.7116,True,True,raw,HYDROSHIP-M5-D
medium/qr_D_m4_medium_007.png,medium,0.55,4,116,7,D,HYDROSHIP-M5-D,backscatter|blur|color|ripple,0.5139,0.9889,1.1531,51.2427,216.0828,0.2194,1.9732,1.365,2.0202,2.5122,2.9444,0.4257,5,1.6488,True,True,raw,HYDROSHIP-M5-D
medium/qr_D_m4_medium_008.png,medium,0.55,4,116,8,D,HYDROSHIP-M5-D,backscatter|blur|color|ripple,0.471,0.9506,1.1286,51.1976,198.9858,0.2012,1.8863,1.3818,2.0382,2.354,0.7969,4.3911,5,1.6878,True,True,raw,HYDROSHIP-M5-D
medium/qr_D_m4_medium_009.png,medium,0.55,4,116,9,D,HYDROSHIP-M5-D,backscatter|blur|color|ripple,0.4765,0.9799,1.1454,54.1196,197.5801,0.2009,1.833,1.4476,2.0046,2.5075,2.2288,1.4725,5,1.6083,True,True,raw,HYDROSHIP-M5-D
medium/qr_D_m4_medium_010.png,medium,0.55,4,116,10,D,HYDROSHIP-M5-D,backscatter|blur|color|ripple,0.4547,1.0504,1.0763,50.4161,196.4363,0.2108,1.778,1.3961,2.2337,2.306,4.8871,5.277,5,1.6796,True,True,raw,HYDROSHIP-M5-D
medium/qr_D_m4_medium_011.png,medium,0.55,4,116,11,D,HYDROSHIP-M5-D,backscatter|blur|color|ripple,0.4557,1.0949,1.1688,50.0221,194.194,0.223,1.9496,1.3953,1.9981,2.5144,5.6488,1.4142,5,1.5899,True,True,raw,HYDROSHIP-M5-D
medium/qr_D_m4_medium_012.png,medium,0.55,4,116,12,D,HYDROSHIP-M5-D,backscatter|blur|color|ripple,0.4551,1.1042,1.1193,55.6507,201.2943,0.1996,1.8358,1.4569,2.0849,2.3445,4.5928,4.9349,5,1.5413,True,True,raw,HYDROSHIP-M5-D
medium/qr_D_m4_medium_013.png,medium,0.55,4,116,13,D,HYDROSHIP-M5-D,backscatter|blur|color|ripple,0.4817,0.9843,1.1317,51.0064,206.3009,0.2318,1.9961,1.5079,2.0014,2.3609,5.0996,2.0942,5,1.7466,False,True,clahe,HYDROSHIP-M5-D
medium/qr_D_m4_medium_014.png,medium,0.55,4,116,14,D,HYDROSHIP-M5-D,backscatter|blur|color|ripple,0.4914,1.0512,1.1419,57.6232,208.4148,0.2201,2.0436,1.5212,2.049,2.6144,3.2951,2.4519,5,1.706,True,True,raw,HYDROSHIP-M5-D
medium/qr_D_m4_medium_015.png,medium,0.55,4,116,15,D,HYDROSHIP-M5-D,backscatter|blur|color|ripple,0.4698,1.0837,1.1123,52.4786,186.297,0.2033,2.0399,1.3571,1.9912,2.6099,4.0851,1.4586,5,1.5275,True,True,raw,HYDROSHIP-M5-D
medium/qr_D_m4_medium_016.png,medium,0.55,4,116,16,D,HYDROSHIP-M5-D,backscatter|blur|color|ripple,0.4822,1.0646,1.1522,53.4698,214.6682,0.2241,1.7446,1.4302,2.1859,2.4159,0.4409,0.2701,5,1.5784,True,True,raw,HYDROSHIP-M5-D
medium/qr_D_m4_medium_017.png,medium,0.55,4,116,17,D,HYDROSHIP-M5-D,backscatter|blur|color|ripple,0.4636,1.0524,1.1512,52.4559,195.3888,0.2121,1.9799,1.3494,2.1958,2.5548,5.3426,2.1598,5,1.6076,True,True,raw,HYDROSHIP-M5-D
medium/qr_D_m4_medium_018.png,medium,0.55,4,116,18,D,HYDROSHIP-M5-D,backscatter|blur|color|ripple,0.5253,1.0803,1.0903,52.0045,206.8729,0.2292,1.7857,1.3641,2.1752,2.3834,4.0069,3.4075,5,1.7777,False,True,upscale,HYDROSHIP-M5-D
medium/qr_D_m4_medium_019.png,medium,0.55,4,116,19,D,HYDROSHIP-M5-D,backscatter|blur|color|ripple,0.5154,1.0354,1.1363,53.7207,188.7118,0.2227,1.7726,1.4583,2.0514,2.3409,3.3036,3.0395,5,1.5832,True,True,raw,HYDROSHIP-M5-D
medium/qr_D_m4_medium_020.png,medium,0.55,4,116,20,D,HYDROSHIP-M5-D,backscatter|blur|color|ripple,0.5159,1.0693,1.0862,51.0897,194.0322,0.2248,1.7517,1.4181,2.1233,2.323,3.4656,5.6102,5,1.7789,True,True,raw,HYDROSHIP-M5-D
medium/qr_D_m4_medium_021.png,medium,0.55,4,116,21,D,HYDROSHIP-M5-D,backscatter|blur|color|ripple,0.5091,1.0731,1.1386,50.0456,187.3332,0.2132,1.9832,1.438,2.2404,2.5446,3.4499,2.2636,5,1.7756,True,True,raw,HYDROSHIP-M5-D
medium/qr_D_m4_medium_022.png,medium,0.55,4,116,22,D,HYDROSHIP-M5-D,backscatter|blur|color|ripple,0.4623,1.0241,1.109,57.4241,211.1031,0.2223,2.0323,1.4452,2.1233,2.4104,0.5725,4.3772,5,1.5521,True,True,raw,HYDROSHIP-M5-D
medium/qr_D_m4_medium_023.png,medium,0.55,4,116,23,D,HYDROSHIP-M5-D,backscatter|blur|color|ripple,0.47,1.0729,1.1392,53.5032,194.9825,0.2267,1.7547,1.4556,2.2459,2.6601,1.3831,1.8909,5,1.5255,True,True,raw,HYDROSHIP-M5-D
medium/qr_D_m4_medium_024.png,medium,0.55,4,116,24,D,HYDROSHIP-M5-D,backscatter|blur|color|ripple,0.5116,1.0461,1.0211,56.6264,197.3375,0.2231,1.9524,1.5208,2.0805,2.4565,0.7501,0.2794,5,1.6273,True,True,raw,HYDROSHIP-M5-D
medium/qr_D_m4_medium_025.png,medium,0.55,4,116,25,D,HYDROSHIP-M5-D,backscatter|blur|color|ripple,0.5075,1.1017,1.1211,53.5354,197.9676,0.2181,1.9737,1.5019,2.1006,2.4588,3.5364,4.3042,5,1.6078,True,True,raw,HYDROSHIP-M5-D
medium/qr_D_m4_medium_026.png,medium,0.55,4,116,26,D,HYDROSHIP-M5-D,backscatter|blur|color|ripple,0.525,1.0588,1.0714,53.1496,212.9719,0.2284,1.8687,1.4028,2.1165,2.45,1.0331,4.5987,5,1.5566,False,True,upscale,HYDROSHIP-M5-D
medium/qr_D_m4_medium_027.png,medium,0.55,4,116,27,D,HYDROSHIP-M5-D,backscatter|blur|color|ripple,0.4922,1.0257,1.0915,57.2796,210.4975,0.2026,1.7979,1.3839,2.0715,2.5992,1.4296,5.575,5,1.7779,True,True,raw,HYDROSHIP-M5-D
medium/qr_D_m4_medium_028.png,medium,0.55,4,116,28,D,HYDROSHIP-M5-D,backscatter|blur|color|ripple,0.4553,1.0285,1.1126,52.2591,188.7903,0.2091,1.9227,1.4159,2.0717,2.3678,3.786,4.0698,5,1.6085,True,True,raw,HYDROSHIP-M5-D
medium/qr_D_m4_medium_029.png,medium,0.55,4,116,29,D,HYDROSHIP-M5-D,backscatter|blur|color|ripple,0.4863,1.0081,1.1758,50.1068,203.1281,0.2204,1.9961,1.3959,1.9657,2.2766,4.2196,5.7623,5,1.6567,True,True,raw,HYDROSHIP-M5-D
medium/qr_D_m4_medium_030.png,medium,0.55,4,116,30,D,HYDROSHIP-M5-D,backscatter|blur|color|ripple,0.5314,1.0989,1.0466,52.5536,204.9947,0.2008,1.9213,1.4701,2.0046,2.6388,5.5949,2.28,5,1.6505,True,True,raw,HYDROSHIP-M5-D
medium/qr_D_m4_medium_031.png,medium,0.55,4,116,31,D,HYDROSHIP-M5-D,backscatter|blur|color|ripple,0.4871,1.0805,1.0636,57.9679,193.2867,0.2303,1.9287,1.5233,2.1256,2.5725,4.853,2.6773,5,1.5859,False,True,clahe,HYDROSHIP-M5-D
medium/qr_D_m4_medium_032.png,medium,0.55,4,116,32,D,HYDROSHIP-M5-D,backscatter|blur|color|ripple,0.4602,0.9766,1.0419,50.1164,197.6452,0.2305,1.8016,1.4456,2.1703,2.3987,2.9816,0.0464,5,1.6645,False,True,clahe,HYDROSHIP-M5-D
medium/qr_D_m4_medium_033.png,medium,0.55,4,116,33,D,HYDROSHIP-M5-D,backscatter|blur|color|ripple,0.4817,0.9649,1.1726,51.381,199.9294,0.2081,2.0353,1.5319,2.2357,2.5255,0.7543,0.4409,5,1.7726,True,True,raw,HYDROSHIP-M5-D
medium/qr_D_m4_medium_034.png,medium,0.55,4,116,34,D,HYDROSHIP-M5-D,backscatter|blur|color|ripple,0.5043,1.0757,1.1134,52.5243,195.3581,0.2032,1.8927,1.5535,2.0355,2.4052,1.9519,2.8207,5,1.6643,False,False,fail,
medium/qr_D_m4_medium_035.png,medium,0.55,4,116,35,D,HYDROSHIP-M5-D,backscatter|blur|color|ripple,0.483,1.079,1.0734,52.029,210.3457,0.229,1.9298,1.5435,2.1709,2.3592,3.3875,1.052,5,1.5517,False,True,clahe,HYDROSHIP-M5-D
medium/qr_D_m4_medium_036.png,medium,0.55,4,116,36,D,HYDROSHIP-M5-D,backscatter|blur|color|ripple,0.4897,1.0367,1.1292,53.0588,215.6359,0.2098,1.7847,1.4384,2.1671,2.4064,2.5956,2.1992,5,1.5807,True,True,raw,HYDROSHIP-M5-D
medium/qr_D_m4_medium_037.png,medium,0.55,4,116,37,D,HYDROSHIP-M5-D,backscatter|blur|color|ripple,0.4561,0.9994,1.1281,57.9237,213.6511,0.211,1.987,1.4703,1.958,2.5732,2.9831,3.1286,5,1.6404,True,True,raw,HYDROSHIP-M5-D
medium/qr_D_m4_medium_038.png,medium,0.55,4,116,38,D,HYDROSHIP-M5-D,backscatter|blur|color|ripple,0.5013,0.9649,1.1168,52.0192,205.5593,0.2264,1.8706,1.5722,2.1367,2.6191,1.2778,0.3272,5,1.7638,True,True,raw,HYDROSHIP-M5-D
medium/qr_D_m4_medium_039.png,medium,0.55,4,116,39,D,HYDROSHIP-M5-D,backscatter|blur|color|ripple,0.5161,0.9619,1.1479,56.2651,214.4764,0.2295,1.8253,1.5767,1.9461,2.5531,1.6834,1.311,5,1.707,True,True,raw,HYDROSHIP-M5-D
medium/qr_D_m4_medium_040.png,medium,0.55,4,116,40,D,HYDROSHIP-M5-D,backscatter|blur|color|ripple,0.4991,0.9756,1.0762,57.6314,206.2099,0.209,1.8349,1.536,2.1323,2.4606,3.5118,2.6663,5,1.7344,True,True,raw,HYDROSHIP-M5-D
medium/qr_D_m4_medium_041.png,medium,0.55,4,116,41,D,HYDROSHIP-M5-D,backscatter|blur|color|ripple,0.467,1.0649,1.1077,50.5188,209.5493,0.2145,1.9391,1.4804,1.9356,2.3117,6.2434,5.1316,5,1.5583,True,True,raw,HYDROSHIP-M5-D
medium/qr_D_m4_medium_042.png,medium,0.55,4,116,42,D,HYDROSHIP-M5-D,backscatter|blur|color|ripple,0.4843,1.1071,1.1391,56.4069,216.7203,0.2002,1.81,1.5284,1.9804,2.5491,4.3359,3.6691,5,1.57,True,True,raw,HYDROSHIP-M5-D
medium/qr_D_m4_medium_043.png,medium,0.55,4,116,43,D,HYDROSHIP-M5-D,backscatter|blur|color|ripple,0.4744,1.0058,1.0928,53.3963,216.6203,0.2131,1.8035,1.4456,2.0395,2.3603,5.0559,0.8471,5,1.7692,True,True,raw,HYDROSHIP-M5-D
medium/qr_D_m4_medium_044.png,medium,0.55,4,116,44,D,HYDROSHIP-M5-D,backscatter|blur|color|ripple,0.4541,0.9568,1.1376,52.1865,211.3926,0.1988,1.844,1.5664,2.2622,2.391,2.3394,5.2441,5,1.6868,True,True,raw,HYDROSHIP-M5-D
medium/qr_D_m4_medium_045.png,medium,0.55,4,116,45,D,HYDROSHIP-M5-D,backscatter|blur|color|ripple,0.5007,1.0113,1.0202,56.4117,206.7164,0.2109,2.0466,1.5398,2.1491,2.3035,5.451,2.3,5,1.6672,True,True,raw,HYDROSHIP-M5-D
medium/qr_D_m4_medium_046.png,medium,0.55,4,116,46,D,HYDROSHIP-M5-D,backscatter|blur|color|ripple,0.4543,0.9777,1.1725,55.024,205.4907,0.2202,1.8667,1.464,2.2484,2.5483,2.1763,0.3225,5,1.699,True,True,raw,HYDROSHIP-M5-D
medium/qr_D_m4_medium_047.png,medium,0.55,4,116,47,D,HYDROSHIP-M5-D,backscatter|blur|color|ripple,0.5264,1.1018,1.1778,54.3905,197.9986,0.2043,1.8838,1.5667,2.1973,2.5925,4.3383,1.7904,5,1.6035,True,True,raw,HYDROSHIP-M5-D
medium/qr_D_m4_medium_048.png,medium,0.55,4,116,48,D,HYDROSHIP-M5-D,backscatter|blur|color|ripple,0.4931,0.9592,1.0621,57.2115,205.9519,0.2213,1.9914,1.5537,2.0916,2.5811,0.5583,0.0388,5,1.6528,True,True,raw,HYDROSHIP-M5-D
medium/qr_D_m4_medium_049.png,medium,0.55,4,116,49,D,HYDROSHIP-M5-D,backscatter|blur|color|ripple,0.4825,1.0627,1.1194,56.8511,209.1683,0.2254,2.0231,1.3961,2.2363,2.4044,5.0226,0.4585,5,1.7303,True,True,raw,HYDROSHIP-M5-D
medium/qr_D_m4_medium_050.png,medium,0.55,4,116,50,D,HYDROSHIP-M5-D,backscatter|blur|color|ripple,0.5149,1.0669,1.0748,50.1905,184.9257,0.2286,2.0158,1.3992,2.1568,2.4866,0.8137,1.7551,5,1.6838,False,True,upscale,HYDROSHIP-M5-D
medium/qr_D_m4_medium_051.png,medium,0.55,4,116,51,D,HYDROSHIP-M5-D,backscatter|blur|color|ripple,0.5208,0.9556,1.0739,52.1681,185.1439,0.1993,2.0417,1.4449,2.0765,2.4119,4.6092,2.9127,5,1.6204,True,True,raw,HYDROSHIP-M5-D
medium/qr_D_m4_medium_052.png,medium,0.55,4,116,52,D,HYDROSHIP-M5-D,backscatter|blur|color|ripple,0.4557,1.0796,1.09,52.7543,191.5616,0.2278,1.9285,1.441,2.2546,2.4414,2.9749,5.2444,5,1.5841,True,True,raw,HYDROSHIP-M5-D
medium/qr_D_m4_medium_053.png,medium,0.55,4,116,53,D,HYDROSHIP-M5-D,backscatter|blur|color|ripple,0.5196,0.9939,1.164,56.605,212.4622,0.2268,1.963,1.5029,2.2082,2.5924,3.9154,1.6402,5,1.7658,False,True,clahe,HYDROSHIP-M5-D
medium/qr_D_m4_medium_054.png,medium,0.55,4,116,54,D,HYDROSHIP-M5-D,backscatter|blur|color|ripple,0.4613,0.9807,1.0374,53.3921,207.0286,0.2076,1.9574,1.5804,1.9337,2.5891,3.9967,5.3685,5,1.734,True,True,raw,HYDROSHIP-M5-D
medium/qr_D_m4_medium_055.png,medium,0.55,4,116,55,D,HYDROSHIP-M5-D,backscatter|blur|color|ripple,0.5009,1.0901,1.1634,53.0756,211.7063,0.2017,2.0405,1.3637,2.1966,2.4056,0.2559,4.1439,5,1.5649,False,True,upscale,HYDROSHIP-M5-D
medium/qr_D_m4_medium_056.png,medium,0.55,4,116,56,D,HYDROSHIP-M5-D,backscatter|blur|color|ripple,0.5169,0.9738,1.1392,55.1381,194.5032,0.2162,2.0024,1.5149,1.9564,2.4701,1.5575,1.8607,5,1.6159,True,True,raw,HYDROSHIP-M5-D
medium/qr_D_m4_medium_057.png,medium,0.55,4,116,57,D,HYDROSHIP-M5-D,backscatter|blur|color|ripple,0.4947,1.1019,1.083,57.2157,212.0452,0.2003,1.8308,1.4813,2.2188,2.6065,1.1841,0.0186,5,1.6937,True,True,raw,HYDROSHIP-M5-D
medium/qr_D_m4_medium_058.png,medium,0.55,4,116,58,D,HYDROSHIP-M5-D,backscatter|blur|color|ripple,0.5158,1.0366,1.1818,51.7515,189.8243,0.2105,1.8122,1.3984,2.0495,2.285,2.1713,6.1444,5,1.7097,True,True,raw,HYDROSHIP-M5-D
medium/qr_D_m4_medium_059.png,medium,0.55,4,116,59,D,HYDROSHIP-M5-D,backscatter|blur|color|ripple,0.5226,0.9471,1.0238,52.6712,209.3967,0.2296,1.8071,1.5463,2.0858,2.3669,3.2915,4.2378,5,1.7333,True,True,raw,HYDROSHIP-M5-D
medium/qr_D_m4_medium_060.png,medium,0.55,4,116,60,D,HYDROSHIP-M5-D,backscatter|blur|color|ripple,0.503,0.9774,1.04,56.2755,195.6,0.2093,2.005,1.3818,2.2004,2.4904,2.9289,3.9191,5,1.545,True,True,raw,HYDROSHIP-M5-D
medium/qr_D_m4_medium_061.png,medium,0.55,4,116,61,D,HYDROSHIP-M5-D,backscatter|blur|color|ripple,0.4838,1.083,1.1309,51.9417,209.31,0.2024,1.7692,1.5674,2.2131,2.5805,4.6075,1.7798,5,1.6074,True,True,raw,HYDROSHIP-M5-D
medium/qr_D_m4_medium_062.png,medium,0.55,4,116,62,D,HYDROSHIP-M5-D,backscatter|blur|color|ripple,0.5147,1.0797,1.0225,58.1409,210.3784,0.1994,2.0327,1.5194,2.1094,2.5525,5.6432,0.2882,5,1.7828,True,True,raw,HYDROSHIP-M5-D
medium/qr_D_m4_medium_063.png,medium,0.55,4,116,63,D,HYDROSHIP-M5-D,backscatter|blur|color|ripple,0.4893,1.0905,1.0729,56.3843,203.0307,0.2314,1.8306,1.4163,2.1781,2.3927,1.7557,4.3066,5,1.6338,False,False,fail,
medium/qr_D_m4_medium_064.png,medium,0.55,4,116,64,D,HYDROSHIP-M5-D,backscatter|blur|color|ripple,0.4594,1.0616,1.0477,58.4675,203.5338,0.2061,1.972,1.4516,2.1087,2.5125,1.8313,5.0994,5,1.7678,False,True,upscale,HYDROSHIP-M5-D
medium/qr_D_m4_medium_065.png,medium,0.55,4,116,65,D,HYDROSHIP-M5-D,backscatter|blur|color|ripple,0.4777,1.0108,1.118,55.8962,192.2135,0.2254,1.7619,1.4293,2.2296,2.5172,2.5702,1.848,5,1.7489,True,True,raw,HYDROSHIP-M5-D
medium/qr_D_m4_medium_066.png,medium,0.55,4,116,66,D,HYDROSHIP-M5-D,backscatter|blur|color|ripple,0.4954,1.0707,1.182,50.7315,190.4802,0.2177,1.859,1.4436,2.0041,2.367,5.4967,0.005,5,1.7771,True,True,raw,HYDROSHIP-M5-D
medium/qr_D_m4_medium_067.png,medium,0.55,4,116,67,D,HYDROSHIP-M5-D,backscatter|blur|color|ripple,0.5266,1.0181,1.1138,54.9327,201.7893,0.2047,1.8755,1.3857,2.2268,2.5727,0.7019,0.0073,5,1.6782,False,True,upscale,HYDROSHIP-M5-D
medium/qr_D_m4_medium_068.png,medium,0.55,4,116,68,D,HYDROSHIP-M5-D,backscatter|blur|color|ripple,0.462,1.1038,1.0486,50.9491,195.4794,0.2118,1.8635,1.5126,2.2016,2.5799,4.1019,3.9451,5,1.7019,False,False,fail,
medium/qr_D_m4_medium_069.png,medium,0.55,4,116,69,D,HYDROSHIP-M5-D,backscatter|blur|color|ripple,0.4959,1.051,1.07,58.3378,190.6699,0.2217,1.7686,1.5023,2.1327,2.6174,4.3955,0.937,5,1.5827,True,True,raw,HYDROSHIP-M5-D
medium/qr_D_m4_medium_070.png,medium,0.55,4,116,70,D,HYDROSHIP-M5-D,backscatter|blur|color|ripple,0.5111,1.0305,1.0701,55.6552,205.9118,0.2231,1.9753,1.425,2.2082,2.3376,1.1293,3.7061,5,1.7862,False,False,fail,
medium/qr_D_m4_medium_071.png,medium,0.55,4,116,71,D,HYDROSHIP-M5-D,backscatter|blur|color|ripple,0.4895,1.0862,1.0659,56.9288,188.9326,0.2278,1.9186,1.4546,2.1345,2.5353,4.5829,5.95,5,1.7101,True,True,raw,HYDROSHIP-M5-D
medium/qr_D_m4_medium_072.png,medium,0.55,4,116,72,D,HYDROSHIP-M5-D,backscatter|blur|color|ripple,0.4989,1.0125,1.0152,51.7497,207.2737,0.2237,1.945,1.3575,2.0367,2.6432,4.3097,2.2333,5,1.57,False,True,upscale,HYDROSHIP-M5-D
medium/qr_D_m4_medium_073.png,medium,0.55,4,116,73,D,HYDROSHIP-M5-D,backscatter|blur|color|ripple,0.4825,0.967,1.156,55.8605,210.3262,0.1997,2.0196,1.4928,2.2113,2.3808,5.5342,4.1416,5,1.6271,False,True,clahe,HYDROSHIP-M5-D
medium/qr_D_m4_medium_074.png,medium,0.55,4,116,74,D,HYDROSHIP-M5-D,backscatter|blur|color|ripple,0.5289,0.9637,1.0514,50.8503,208.918,0.2024,1.7553,1.4778,2.0364,2.4677,3.959,5.4025,5,1.6822,True,True,raw,HYDROSHIP-M5-D
medium/qr_D_m4_medium_075.png,medium,0.55,4,116,75,D,HYDROSHIP-M5-D,backscatter|blur|color|ripple,0.4988,1.068,1.1753,57.5584,186.2815,0.2171,1.8483,1.5054,2.0054,2.6209,0.1682,4.211,5,1.6138,True,True,raw,HYDROSHIP-M5-D
medium/qr_D_m4_medium_076.png,medium,0.55,4,116,76,D,HYDROSHIP-M5-D,backscatter|blur|color|ripple,0.4632,1.0767,1.115,58.4768,196.7235,0.2293,1.8044,1.4565,2.0889,2.5842,2.1507,5.5266,5,1.668,True,True,raw,HYDROSHIP-M5-D
medium/qr_D_m4_medium_077.png,medium,0.55,4,116,77,D,HYDROSHIP-M5-D,backscatter|blur|color|ripple,0.4894,1.0536,1.0765,54.622,204.4885,0.2284,1.8032,1.5043,1.9535,2.5412,3.7874,5.2134,5,1.5586,False,True,clahe,HYDROSHIP-M5-D
medium/qr_D_m4_medium_078.png,medium,0.55,4,116,78,D,HYDROSHIP-M5-D,backscatter|blur|color|ripple,0.4963,1.0828,1.0807,54.3926,209.6848,0.2126,1.9993,1.5029,1.9874,2.2705,5.5908,0.2942,5,1.7605,False,True,clahe,HYDROSHIP-M5-D
medium/qr_D_m4_medium_079.png,medium,0.55,4,116,79,D,HYDROSHIP-M5-D,backscatter|blur|color|ripple,0.5171,1.0154,1.1226,55.3794,215.5022,0.2251,1.8947,1.5426,2.0442,2.3854,4.5875,3.7379,5,1.7145,True,True,raw,HYDROSHIP-M5-D
medium/qr_D_m4_medium_080.png,medium,0.55,4,116,80,D,HYDROSHIP-M5-D,backscatter|blur|color|ripple,0.4856,0.9927,1.0639,57.1969,188.0126,0.2191,2.0064,1.3681,2.1969,2.5566,5.9768,5.6023,5,1.6753,True,True,raw,HYDROSHIP-M5-D
medium/qr_D_m4_medium_081.png,medium,0.55,4,116,81,D,HYDROSHIP-M5-D,backscatter|blur|color|ripple,0.5021,0.9971,1.0603,50.774,190.5494,0.1993,1.7723,1.4037,1.9587,2.5501,2.0129,2.7175,5,1.5818,True,True,raw,HYDROSHIP-M5-D
medium/qr_D_m4_medium_082.png,medium,0.55,4,116,82,D,HYDROSHIP-M5-D,backscatter|blur|color|ripple,0.5265,1.0316,1.0939,50.2955,213.6744,0.2157,1.8097,1.3542,2.063,2.3606,2.4918,2.4898,5,1.537,True,True,raw,HYDROSHIP-M5-D
medium/qr_D_m4_medium_083.png,medium,0.55,4,116,83,D,HYDROSHIP-M5-D,backscatter|blur|color|ripple,0.4534,1.0726,1.0447,53.9994,199.2846,0.2264,2.0434,1.5751,2.0442,2.479,3.1943,4.1984,5,1.7717,False,True,clahe,HYDROSHIP-M5-D
deep/qr_D_m4_deep_000.png,deep,0.85,4,116,0,D,HYDROSHIP-M5-D,backscatter|blur|color|ripple,0.2748,0.9906,1.1089,74.1476,167.2093,0.3095,2.7231,2.2019,2.7693,2.9868,4.9454,1.5826,5,2.447,False,False,fail,
deep/qr_D_m4_deep_001.png,deep,0.85,4,116,1,D,HYDROSHIP-M5-D,backscatter|blur|color|ripple,0.3159,1.0858,1.1858,80.193,166.8071,0.3334,2.8511,2.2129,2.6353,3.0033,5.6534,0.1075,5,2.3004,False,False,fail,
deep/qr_D_m4_deep_002.png,deep,0.85,4,116,2,D,HYDROSHIP-M5-D,backscatter|blur|color|ripple,0.2901,1.1221,1.0842,83.1367,177.6258,0.3302,2.6952,2.1851,2.8735,3.2964,2.8611,4.9327,5,2.3429,False,False,fail,
deep/qr_D_m4_deep_003.png,deep,0.85,4,116,3,D,HYDROSHIP-M5-D,backscatter|blur|color|ripple,0.2954,1.0927,1.1168,85.3009,177.88,0.3187,2.5521,2.0418,2.815,2.9876,6.2324,3.517,5,2.3193,False,False,fail,
deep/qr_D_m4_deep_004.png,deep,0.85,4,116,4,D,HYDROSHIP-M5-D,backscatter|blur|color|ripple,0.3212,1.0664,1.1008,83.7697,161.2738,0.3343,2.6871,2.1869,2.6212,3.3937,0.7511,2.8058,5,2.1683,False,False,fail,
deep/qr_D_m4_deep_005.png,deep,0.85,4,116,5,D,HYDROSHIP-M5-D,backscatter|blur|color|ripple,0.313,1.0791,1.1822,80.1142,187.8752,0.326,2.9855,2.0965,2.4987,3.0792,4.4222,4.6075,5,2.2896,False,False,fail,
deep/qr_D_m4_deep_006.png,deep,0.85,4,116,6,D,HYDROSHIP-M5-D,backscatter|blur|color|ripple,0.275,1.0041,1.1676,76.5843,182.6871,0.3207,2.7868,2.1811,2.8668,3.0882,1.8804,1.5957,5,2.3649,False,False,fail,
deep/qr_D_m4_deep_007.png,deep,0.85,4,116,7,D,HYDROSHIP-M5-D,backscatter|blur|color|ripple,0.2765,0.987,1.1869,80.3593,182.8714,0.3017,2.5527,2.0775,2.7675,3.1102,5.4397,5.3014,5,2.2994,False,False,fail,
deep/qr_D_m4_deep_008.png,deep,0.85,4,116,8,D,HYDROSHIP-M5-D,backscatter|blur|color|ripple,0.2965,0.9698,1.2423,76.4505,181.7691,0.3219,2.8463,2.0732,2.5379,3.2201,3.8139,5.129,5,2.2846,False,False,fail,
deep/qr_D_m4_deep_009.png,deep,0.85,4,116,9,D,HYDROSHIP-M5-D,backscatter|blur|color|ripple,0.2928,1.0851,1.2391,83.0089,179.4406,0.3028,2.7242,2.3212,2.8866,3.3507,1.6516,5.9355,5,2.3038,False,False,fail,
deep/qr_D_m4_deep_010.png,deep,0.85,4,116,10,D,HYDROSHIP-M5-D,backscatter|blur|color|ripple,0.2769,0.9706,1.0855,82.1386,167.5835,0.3196,2.8521,2.247,2.8478,3.2504,5.4906,3.8728,5,2.3366,False,False,fail,
deep/qr_D_m4_deep_011.png,deep,0.85,4,116,11,D,HYDROSHIP-M5-D,backscatter|blur|color|ripple,0.293,1.0853,1.0934,79.9057,180.8716,0.3085,2.731,2.0315,2.8012,3.2938,6.0157,0.5213,5,2.3412,False,False,fail,
deep/qr_D_m4_deep_012.png,deep,0.85,4,116,12,D,HYDROSHIP-M5-D,backscatter|blur|color|ripple,0.2937,1.0749,1.2115,84.7479,174.1486,0.2942,2.6791,2.0854,2.9057,3.2861,5.9141,3.3101,5,2.3103,False,False,fail,
deep/qr_D_m4_deep_013.png,deep,0.85,4,116,13,D,HYDROSHIP-M5-D,backscatter|blur|color|ripple,0.3034,0.9637,1.1481,79.7764,174.8043,0.3241,2.9781,2.1264,2.8684,2.9741,0.8683,1.3356,5,2.4621,True,True,raw,HYDROSHIP-M5-D
deep/qr_D_m4_deep_014.png,deep,0.85,4,116,14,D,HYDROSHIP-M5-D,backscatter|blur|color|ripple,0.2966,1.0952,1.1295,77.6712,186.2156,0.2905,2.55,2.1695,2.8122,3.2018,4.9558,3.8118,5,2.1717,False,False,fail,
deep/qr_D_m4_deep_015.png,deep,0.85,4,116,15,D,HYDROSHIP-M5-D,backscatter|blur|color|ripple,0.301,1.0167,1.0904,76.4642,177.777,0.3345,2.6759,2.2884,2.8794,3.0364,4.6786,4.4937,5,2.2545,False,False,fail,
deep/qr_D_m4_deep_016.png,deep,0.85,4,116,16,D,HYDROSHIP-M5-D,backscatter|blur|color|ripple,0.3077,0.9957,1.2041,78.7526,185.3103,0.3132,2.7147,2.2169,2.5946,3.3442,2.8696,5.8412,5,2.4619,False,False,fail,
deep/qr_D_m4_deep_017.png,deep,0.85,4,116,17,D,HYDROSHIP-M5-D,backscatter|blur|color|ripple,0.3169,1.0063,1.1752,77.5371,176.6886,0.3343,2.8602,2.309,2.7883,3.1201,0.4937,3.7066,5,2.299,False,False,fail,
deep/qr_D_m4_deep_018.png,deep,0.85,4,116,18,D,HYDROSHIP-M5-D,backscatter|blur|color|ripple,0.28,1.0604,1.0799,83.6528,186.8587,0.312,2.6803,2.304,2.5769,3.3677,0.2907,5.1516,5,2.3368,False,False,fail,
deep/qr_D_m4_deep_019.png,deep,0.85,4,116,19,D,HYDROSHIP-M5-D,backscatter|blur|color|ripple,0.3022,1.1028,1.0963,82.7335,161.0147,0.2897,2.9402,2.179,2.9054,3.3253,6.2104,1.6923,5,2.221,False,False,fail,
deep/qr_D_m4_deep_020.png,deep,0.85,4,116,20,D,HYDROSHIP-M5-D,backscatter|blur|color|ripple,0.3194,0.9819,1.1344,80.2326,184.3018,0.3368,2.5523,2.0585,2.5284,2.9937,1.8807,4.6257,5,2.3983,True,True,raw,HYDROSHIP-M5-D
deep/qr_D_m4_deep_021.png,deep,0.85,4,116,21,D,HYDROSHIP-M5-D,backscatter|blur|color|ripple,0.3105,1.0295,1.2301,73.7991,186.3966,0.3011,2.9535,2.0995,2.5594,3.0674,0.6192,1.3903,5,2.4569,False,False,fail,
deep/qr_D_m4_deep_022.png,deep,0.85,4,116,22,D,HYDROSHIP-M5-D,backscatter|blur|color|ripple,0.2912,0.9913,1.1459,80.2868,184.7484,0.3292,2.6966,2.093,2.7877,3.2393,0.0284,5.4024,5,2.1137,False,False,fail,
deep/qr_D_m4_deep_023.png,deep,0.85,4,116,23,D,HYDROSHIP-M5-D,backscatter|blur|color|ripple,0.2834,0.9674,1.242,82.2257,181.5614,0.3014,2.8876,2.1417,2.5524,2.9848,6.1269,3.1093,5,2.2682,False,False,fail,
deep/qr_D_m4_deep_024.png,deep,0.85,4,116,24,D,HYDROSHIP-M5-D,backscatter|blur|color|ripple,0.2794,0.976,1.1376,78.658,187.494,0.3038,2.6463,2.0994,2.5289,3.2462,2.9771,4.5856,5,2.3864,False,False,fail,
deep/qr_D_m4_deep_025.png,deep,0.85,4,116,25,D,HYDROSHIP-M5-D,backscatter|blur|color|ripple,0.3101,1.0104,1.115,82.0876,180.6287,0.3315,2.7395,2.0705,2.8586,3.052,0.0923,5.5126,5,2.4123,False,False,fail,
deep/qr_D_m4_deep_026.png,deep,0.85,4,116,26,D,HYDROSHIP-M5-D,backscatter|blur|color|ripple,0.3169,1.091,1.1418,83.1781,169.1838,0.3078,2.9296,2.2079,2.7401,3.189,2.0827,4.5977,5,2.4168,False,False,fail,
deep/qr_D_m4_deep_027.png,deep,0.85,4,116,27,D,HYDROSHIP-M5-D,backscatter|blur|color|ripple,0.2993,0.9793,1.1524,78.0114,166.203,0.2912,2.701,1.9941,2.5988,2.928,3.8805,1.9055,5,2.2739,False,False,fail,
deep/qr_D_m4_deep_028.png,deep,0.85,4,116,28,D,HYDROSHIP-M5-D,backscatter|blur|color|ripple,0.3073,1.1246,1.067,78.5926,166.0709,0.3023,2.8547,2.2599,2.8361,3.2475,3.0204,5.1857,5,2.1726,False,False,fail,
deep/qr_D_m4_deep_029.png,deep,0.85,4,116,29,D,HYDROSHIP-M5-D,backscatter|blur|color|ripple,0.2795,1.0452,1.0826,82.3231,162.4281,0.3266,2.7474,2.1048,2.7541,3.0605,3.8976,1.2903,5,2.2908,True,True,raw,HYDROSHIP-M5-D
deep/qr_D_m4_deep_030.png,deep,0.85,4,116,30,D,HYDROSHIP-M5-D,backscatter|blur|color|ripple,0.3047,0.9646,1.0616,84.6102,176.123,0.3042,2.9345,2.1954,2.8761,3.1089,2.8003,0.2358,5,2.4197,False,False,fail,
deep/qr_D_m4_deep_031.png,deep,0.85,4,116,31,D,HYDROSHIP-M5-D,backscatter|blur|color|ripple,0.2991,1.0436,1.1984,80.6988,163.905,0.3043,2.831,2.253,2.6528,3.1285,2.8447,4.066,5,2.1425,False,False,fail,
deep/qr_D_m4_deep_032.png,deep,0.85,4,116,32,D,HYDROSHIP-M5-D,backscatter|blur|color|ripple,0.2805,1.0399,1.0912,78.3849,167.8454,0.2881,2.789,1.9977,2.5753,3.0804,2.2641,1.6779,5,2.3132,False,False,fail,
deep/qr_D_m4_deep_033.png,deep,0.85,4,116,33,D,HYDROSHIP-M5-D,backscatter|blur|color|ripple,0.2759,1.0082,1.0977,80.7695,163.4187,0.2909,2.8807,2.0121,2.5874,3.1932,0.5787,0.2593,5,2.2522,False,False,fail,
deep/qr_D_m4_deep_034.png,deep,0.85,4,116,34,D,HYDROSHIP-M5-D,backscatter|blur|color|ripple,0.3167,1.0885,1.2062,74.9027,163.5966,0.3315,2.7479,2.0268,2.8957,3.1352,3.6902,5.2679,5,2.368,True,True,raw,HYDROSHIP-M5-D
deep/qr_D_m4_deep_035.png,deep,0.85,4,116,35,D,HYDROSHIP-M5-D,backscatter|blur|color|ripple,0.3053,0.9848,1.1706,85.6971,164.4956,0.3369,2.9692,2.2927,2.6456,3.0024,0.8091,1.1156,5,2.2955,False,False,fail,
deep/qr_D_m4_deep_036.png,deep,0.85,4,116,36,D,HYDROSHIP-M5-D,backscatter|blur|color|ripple,0.2902,1.036,1.1237,82.3651,162.5779,0.2948,2.8796,2.2319,2.6816,3.1045,2.5716,0.0426,5,2.3706,False,False,fail,
deep/qr_D_m4_deep_037.png,deep,0.85,4,116,37,D,HYDROSHIP-M5-D,backscatter|blur|color|ripple,0.3009,1.071,1.2232,82.3613,173.5609,0.3178,2.7011,2.0935,2.4947,3.2455,0.6195,2.7427,5,2.1925,False,False,fail,
deep/qr_D_m4_deep_038.png,deep,0.85,4,116,38,D,HYDROSHIP-M5-D,backscatter|blur|color|ripple,0.3012,0.9949,1.1422,78.9447,161.698,0.3092,2.6153,2.217,2.8931,3.2162,3.6754,5.4818,5,2.2199,True,True,raw,HYDROSHIP-M5-D
deep/qr_D_m4_deep_039.png,deep,0.85,4,116,39,D,HYDROSHIP-M5-D,backscatter|blur|color|ripple,0.2922,0.9877,1.0775,80.1194,172.3097,0.3,2.9376,2.2865,2.5019,2.9091,0.3864,1.866,5,2.1362,False,False,fail,
deep/qr_D_m4_deep_040.png,deep,0.85,4,116,40,D,HYDROSHIP-M5-D,backscatter|blur|color|ripple,0.2837,1.1042,1.1297,78.049,171.4836,0.3119,2.6662,2.1479,2.9078,3.3488,0.6024,5.5769,5,2.3312,True,True,raw,HYDROSHIP-M5-D
deep/qr_D_m4_deep_041.png,deep,0.85,4,116,41,D,HYDROSHIP-M5-D,backscatter|blur|color|ripple,0.2834,0.9667,1.1797,81.4515,185.099,0.2965,2.7329,2.0734,2.6898,3.3848,2.5966,0.2966,5,2.4631,False,False,fail,
deep/qr_D_m4_deep_042.png,deep,0.85,4,116,42,D,HYDROSHIP-M5-D,backscatter|blur|color|ripple,0.295,1.122,1.1982,75.1987,185.1348,0.2886,2.729,2.2121,2.5297,2.9953,1.1406,1.5436,5,2.1782,False,False,fail,
deep/qr_D_m4_deep_043.png,deep,0.85,4,116,43,D,HYDROSHIP-M5-D,backscatter|blur|color|ripple,0.2803,1.0745,1.1486,81.0695,184.8319,0.3067,2.8834,2.1663,2.7044,3.3602,2.2563,6.2808,5,2.3079,False,False,fail,
deep/qr_D_m4_deep_044.png,deep,0.85,4,116,44,D,HYDROSHIP-M5-D,backscatter|blur|color|ripple,0.2938,1.0573,1.1862,81.0923,165.8908,0.3145,2.7327,2.1644,2.5883,2.9047,3.8897,3.5235,5,2.4646,False,False,fail,
deep/qr_D_m4_deep_045.png,deep,0.85,4,116,45,D,HYDROSHIP-M5-D,backscatter|blur|color|ripple,0.2983,1.0108,1.0959,80.5894,181.6037,0.3138,2.6139,2.2861,2.6974,3.3671,5.5295,0.3856,5,2.2972,False,False,fail,
deep/qr_D_m4_deep_046.png,deep,0.85,4,116,46,D,HYDROSHIP-M5-D,backscatter|blur|color|ripple,0.2934,0.99,1.1054,76.1161,187.2463,0.3355,2.9632,2.3066,2.8396,3.0327,1.6114,1.301,5,2.1872,False,False,fail,
deep/qr_D_m4_deep_047.png,deep,0.85,4,116,47,D,HYDROSHIP-M5-D,backscatter|blur|color|ripple,0.303,0.9903,1.201,75.4136,173.0918,0.3094,2.9792,2.0847,2.7035,3.2062,3.1223,1.757,5,2.1358,False,False,fail,
deep/qr_D_m4_deep_048.png,deep,0.85,4,116,48,D,HYDROSHIP-M5-D,backscatter|blur|color|ripple,0.2907,1.0894,1.1197,81.3286,178.0429,0.3014,2.7665,2.2759,2.8907,3.2468,3.0202,2.9473,5,2.3205,False,False,fail,
deep/qr_D_m4_deep_049.png,deep,0.85,4,116,49,D,HYDROSHIP-M5-D,backscatter|blur|color|ripple,0.291,0.9881,1.1041,80.1406,173.79,0.3177,2.7195,2.094,2.8934,3.1154,2.3229,5.7325,5,2.3984,False,False,fail,
deep/qr_D_m4_deep_050.png,deep,0.85,4,116,50,D,HYDROSHIP-M5-D,backscatter|blur|color|ripple,0.2813,1.116,1.1964,79.0273,183.3624,0.3029,2.8073,1.9926,2.8157,3.2868,2.3269,1.6326,5,2.3845,False,False,fail,
deep/qr_D_m4_deep_051.png,deep,0.85,4,116,51,D,HYDROSHIP-M5-D,backscatter|blur|color|ripple,0.3148,1.0877,1.2036,74.7844,171.5636,0.2936,2.7879,2.0439,2.5973,2.9416,1.9846,5.2414,5,2.1672,False,False,fail,
deep/qr_D_m4_deep_052.png,deep,0.85,4,116,52,D,HYDROSHIP-M5-D,backscatter|blur|color|ripple,0.3196,1.04,1.1965,80.59,169.6065,0.3024,2.7616,2.1672,2.8979,3.3557,5.7304,1.9848,5,2.3466,False,False,fail,
deep/qr_D_m4_deep_053.png,deep,0.85,4,116,53,D,HYDROSHIP-M5-D,backscatter|blur|color|ripple,0.2772,0.987,1.2024,82.7783,166.5136,0.3263,2.8964,2.2122,2.6853,3.3174,2.3907,4.3456,5,2.2082,False,False,fail,
deep/qr_D_m4_deep_054.png,deep,0.85,4,116,54,D,HYDROSHIP-M5-D,backscatter|blur|color|ripple,0.308,1.0004,1.2085,84.8473,168.1648,0.3012,2.6281,2.3042,2.5936,3.3467,3.7715,3.1042,5,2.2806,False,False,fail,
deep/qr_D_m4_deep_055.png,deep,0.85,4,116,55,D,HYDROSHIP-M5-D,backscatter|blur|color|ripple,0.3,1.0852,1.0693,80.9249,171.1865,0.3057,2.9269,2.1847,2.6498,3.2289,0.7348,1.0501,5,2.3205,False,False,fail,
deep/qr_D_m4_deep_056.png,deep,0.85,4,116,56,D,HYDROSHIP-M5-D,backscatter|blur|color|ripple,0.2792,1.1115,1.1744,73.4957,165.6881,0.3255,2.8236,2.3189,2.6942,3.1901,0.8304,5.7077,5,2.3936,False,False,fail,
deep/qr_D_m4_deep_057.png,deep,0.85,4,116,57,D,HYDROSHIP-M5-D,backscatter|blur|color|ripple,0.2835,1.0701,1.0842,75.9964,164.6956,0.2998,2.7632,2.1962,2.4955,2.922,3.2458,2.8418,5,2.1469,False,False,fail,
deep/qr_D_m4_deep_058.png,deep,0.85,4,116,58,D,HYDROSHIP-M5-D,backscatter|blur|color|ripple,0.2759,0.9929,1.1651,78.2009,166.2326,0.3265,2.6438,2.1405,2.5461,3.2265,0.5181,5.2172,5,2.3504,False,False,fail,
deep/qr_D_m4_deep_059.png,deep,0.85,4,116,59,D,HYDROSHIP-M5-D,backscatter|blur|color|ripple,0.314,0.9851,1.085,85.1306,169.3547,0.2941,2.9291,2.1663,2.5727,2.9224,6.0708,1.3713,5,2.4519,False,False,fail,
deep/qr_D_m4_deep_060.png,deep,0.85,4,116,60,D,HYDROSHIP-M5-D,backscatter|blur|color|ripple,0.3003,1.0417,1.0685,83.8148,177.9354,0.3356,2.7065,2.1193,2.5131,2.9649,1.8033,6.0761,5,2.3651,False,True,upscale,HYDROSHIP-M5-D
deep/qr_D_m4_deep_061.png,deep,0.85,4,116,61,D,HYDROSHIP-M5-D,backscatter|blur|color|ripple,0.2943,1.0748,1.1111,77.1175,169.8494,0.2922,2.6608,2.1275,2.743,3.0626,2.8197,3.3961,5,2.3809,False,False,fail,
deep/qr_D_m4_deep_062.png,deep,0.85,4,116,62,D,HYDROSHIP-M5-D,backscatter|blur|color|ripple,0.3146,1.0118,1.1581,78.681,163.824,0.292,2.6941,2.2392,2.499,2.973,2.2251,2.0456,5,2.1913,False,True,clahe,HYDROSHIP-M5-D
deep/qr_D_m4_deep_063.png,deep,0.85,4,116,63,D,HYDROSHIP-M5-D,backscatter|blur|color|ripple,0.2958,1.0812,1.066,84.6872,162.2852,0.3135,2.8928,2.2123,2.5366,2.9453,4.2311,3.2371,5,2.3675,True,True,raw,HYDROSHIP-M5-D
deep/qr_D_m4_deep_064.png,deep,0.85,4,116,64,D,HYDROSHIP-M5-D,backscatter|blur|color|ripple,0.3109,1.0144,1.2442,79.2514,180.203,0.3084,2.745,2.1774,2.7648,3.2857,3.4863,3.2395,5,2.4678,False,False,fail,
deep/qr_D_m4_deep_065.png,deep,0.85,4,116,65,D,HYDROSHIP-M5-D,backscatter|blur|color|ripple,0.3207,0.9697,1.1087,78.4771,170.8032,0.3251,2.766,2.0139,2.5282,3.2135,5.2095,5.3169,5,2.1186,True,True,raw,HYDROSHIP-M5-D
deep/qr_D_m4_deep_066.png,deep,0.85,4,116,66,D,HYDROSHIP-M5-D,backscatter|blur|color|ripple,0.3015,1.1205,1.0796,77.4902,178.9332,0.2914,2.7692,2.2734,2.8351,3.2421,5.1307,2.942,5,2.1084,False,False,fail,
deep/qr_D_m4_deep_067.png,deep,0.85,4,116,67,D,HYDROSHIP-M5-D,backscatter|blur|color|ripple,0.3106,0.976,1.1451,80.2031,170.102,0.3315,2.619,2.149,2.7771,3.2188,4.9313,0.4162,5,2.3873,False,False,fail,
deep/qr_D_m4_deep_068.png,deep,0.85,4,116,68,D,HYDROSHIP-M5-D,backscatter|blur|color|ripple,0.2924,1.124,1.0662,81.2518,178.5939,0.3199,2.5629,2.2323,2.8448,3.2644,5.3072,3.7378,5,2.1458,False,False,fail,
deep/qr_D_m4_deep_069.png,deep,0.85,4,116,69,D,HYDROSHIP-M5-D,backscatter|blur|color|ripple,0.2927,0.9964,1.0877,76.1458,178.9483,0.2988,2.8097,2.2832,2.8164,3.209,1.2964,0.0651,5,2.2502,False,False,fail,
deep/qr_D_m4_deep_070.png,deep,0.85,4,116,70,D,HYDROSHIP-M5-D,backscatter|blur|color|ripple,0.3045,0.9733,1.1735,80.7182,170.3253,0.2899,2.8238,1.9949,2.6112,3.2955,2.7469,4.5917,5,2.2165,False,False,fail,
deep/qr_D_m4_deep_071.png,deep,0.85,4,116,71,D,HYDROSHIP-M5-D,backscatter|blur|color|ripple,0.2767,1.0913,1.0824,84.6346,184.2969,0.2991,2.8368,2.2367,2.5471,3.1179,2.2163,3.0226,5,2.3306,False,True,clahe,HYDROSHIP-M5-D
deep/qr_D_m4_deep_072.png,deep,0.85,4,116,72,D,HYDROSHIP-M5-D,backscatter|blur|color|ripple,0.3162,1.0228,1.0914,73.7971,176.2535,0.2975,2.7315,2.08,2.5829,3.024,2.2612,2.9775,5,2.4264,True,True,raw,HYDROSHIP-M5-D
deep/qr_D_m4_deep_073.png,deep,0.85,4,116,73,D,HYDROSHIP-M5-D,backscatter|blur|color|ripple,0.278,1.0065,1.0968,80.0062,183.8149,0.3167,2.8558,2.0314,2.5636,2.9103,4.9327,3.0863,5,2.3695,True,True,raw,HYDROSHIP-M5-D
deep/qr_D_m4_deep_074.png,deep,0.85,4,116,74,D,HYDROSHIP-M5-D,backscatter|blur|color|ripple,0.2847,1.0785,1.1796,76.7388,168.4717,0.31,2.9395,2.0249,2.6266,3.1617,2.21,0.2612,5,2.3731,False,False,fail,
deep/qr_D_m4_deep_075.png,deep,0.85,4,116,75,D,HYDROSHIP-M5-D,backscatter|blur|color|ripple,0.2746,1.0714,1.0834,84.8247,186.5808,0.3238,2.629,2.0354,2.9139,3.3449,4.7207,4.7704,5,2.2405,False,False,fail,
deep/qr_D_m4_deep_076.png,deep,0.85,4,116,76,D,HYDROSHIP-M5-D,backscatter|blur|color|ripple,0.2866,0.9779,1.163,83.916,170.4351,0.3337,2.5522,2.2424,2.6421,3.171,4.7823,0.0765,5,2.3798,False,False,fail,
deep/qr_D_m4_deep_077.png,deep,0.85,4,116,77,D,HYDROSHIP-M5-D,backscatter|blur|color|ripple,0.2778,1.0104,1.1968,85.1729,172.2986,0.3204,2.81,2.0351,2.5137,3.1466,2.1125,4.3133,5,2.4626,False,False,fail,
deep/qr_D_m4_deep_078.png,deep,0.85,4,116,78,D,HYDROSHIP-M5-D,backscatter|blur|color|ripple,0.2912,1.0897,1.0975,77.0782,181.5983,0.3053,2.5577,2.1171,2.5685,3.0613,4.5833,3.3574,5,2.4666,True,True,raw,HYDROSHIP-M5-D
deep/qr_D_m4_deep_079.png,deep,0.85,4,116,79,D,HYDROSHIP-M5-D,backscatter|blur|color|ripple,0.2946,0.9816,1.1911,82.5667,164.747,0.3244,2.6556,2.2407,2.788,3.1165,5.519,2.2225,5,2.1383,False,False,fail,
deep/qr_D_m4_deep_080.png,deep,0.85,4,116,80,D,HYDROSHIP-M5-D,backscatter|blur|color|ripple,0.2873,0.9774,1.2335,83.887,164.6373,0.3215,2.9275,2.2596,2.8697,2.9083,3.5727,4.2546,5,2.3822,False,True,clahe,HYDROSHIP-M5-D
deep/qr_D_m4_deep_081.png,deep,0.85,4,116,81,D,HYDROSHIP-M5-D,backscatter|blur|color|ripple,0.2749,0.9617,1.1876,79.197,173.7538,0.2964,2.8216,2.1551,2.6242,2.9911,0.5737,3.5225,5,2.1623,False,False,fail,
deep/qr_D_m4_deep_082.png,deep,0.85,4,116,82,D,HYDROSHIP-M5-D,backscatter|blur|color|ripple,0.3142,0.9941,1.0866,83.0041,180.0512,0.2905,2.7884,2.101,2.4883,3.3234,3.213,3.003,5,2.2665,False,False,fail,
deep/qr_D_m4_deep_083.png,deep,0.85,4,116,83,D,HYDROSHIP-M5-D,backscatter|blur|color|ripple,0.2961,1.0286,1.2145,83.6948,188.2483,0.2995,2.6651,2.0447,2.6437,3.0813,0.6299,2.7525,5,2.2885,False,False,fail,
shallow/qr_D_m6_shallow_000.png,shallow,0.25,6,174,0,D,HYDROSHIP-M5-D,backscatter|blur|color|ripple,0.6932,0.9905,0.9975,29.6566,220.1989,0.1195,0.9576,0.8059,1.6118,1.7105,5.7472,5.074,3,1.006,True,True,raw,HYDROSHIP-M5-D
shallow/qr_D_m6_shallow_001.png,shallow,0.25,6,174,1,D,HYDROSHIP-M5-D,backscatter|blur|color|ripple,0.658,0.9763,1.1257,30.5959,227.0429,0.1233,1.059,0.7636,1.5374,1.8072,0.2252,4.944,3,0.9915,True,True,raw,HYDROSHIP-M5-D
shallow/qr_D_m6_shallow_002.png,shallow,0.25,6,174,2,D,HYDROSHIP-M5-D,backscatter|blur|color|ripple,0.6357,1.0089,1.0982,28.7255,216.8322,0.1139,1.0727,0.7439,1.4554,1.829,2.9331,2.5704,3,0.9623,True,True,raw,HYDROSHIP-M5-D
shallow/qr_D_m6_shallow_003.png,shallow,0.25,6,174,3,D,HYDROSHIP-M5-D,backscatter|blur|color|ripple,0.6901,0.9513,0.9897,28.8929,230.7265,0.1223,1.0321,0.8004,1.4912,1.906,0.8134,1.2728,3,1.0209,True,True,raw,HYDROSHIP-M5-D
shallow/qr_D_m6_shallow_004.png,shallow,0.25,6,174,4,D,HYDROSHIP-M5-D,backscatter|blur|color|ripple,0.6349,1.0064,1.0734,27.5088,236.2609,0.1179,1.0083,0.8081,1.4744,1.8975,5.7574,1.1489,3,1.0215,True,True,raw,HYDROSHIP-M5-D
shallow/qr_D_m6_shallow_005.png,shallow,0.25,6,174,5,D,HYDROSHIP-M5-D,backscatter|blur|color|ripple,0.6634,1.0479,1.0351,27.2922,210.9582,0.1206,1.0712,0.8349,1.4172,1.8097,1.5834,2.8355,3,1.009,True,True,raw,HYDROSHIP-M5-D
shallow/qr_D_m6_shallow_006.png,shallow,0.25,6,174,6,D,HYDROSHIP-M5-D,backscatter|blur|color|ripple,0.646,1.0697,1.0245,29.459,216.4747,0.1108,1.0472,0.7843,1.416,1.8311,4.8042,2.9514,3,1.0804,True,True,raw,HYDROSHIP-M5-D
shallow/qr_D_m6_shallow_007.png,shallow,0.25,6,174,7,D,HYDROSHIP-M5-D,backscatter|blur|color|ripple,0.72,0.9933,1.0192,30.4834,228.0399,0.1112,1.0526,0.8152,1.4714,1.6782,0.6965,0.9177,3,1.0145,True,True,raw,HYDROSHIP-M5-D
shallow/qr_D_m6_shallow_008.png,shallow,0.25,6,174,8,D,HYDROSHIP-M5-D,backscatter|blur|color|ripple,0.691,1.073,1.0164,29.082,238.1396,0.1131,1.0066,0.7916,1.5929,1.6463,1.1543,0.5692,3,0.9474,True,True,raw,HYDROSHIP-M5-D
shallow/qr_D_m6_shallow_009.png,shallow,0.25,6,174,9,D,HYDROSHIP-M5-D,backscatter|blur|color|ripple,0.6622,1.0896,1.0595,30.816,210.223,0.1159,1.1067,0.7615,1.4428,1.884,2.4796,4.1941,3,0.9465,True,True,raw,HYDROSHIP-M5-D
shallow/qr_D_m6_shallow_010.png,shallow,0.25,6,174,10,D,HYDROSHIP-M5-D,backscatter|blur|color|ripple,0.7098,1.0576,0.9853,28.167,237.4561,0.1283,1.0518,0.8086,1.5491,1.8986,4.625,2.4885,3,1.0017,True,True,raw,HYDROSHIP-M5-D
shallow/qr_D_m6_shallow_011.png,shallow,0.25,6,174,11,D,HYDROSHIP-M5-D,backscatter|blur|color|ripple,0.6328,0.937,1.0983,30.5131,222.6434,0.121,0.9702,0.7885,1.5474,1.7233,4.7501,6.2101,3,1.069,True,True,raw,HYDROSHIP-M5-D
shallow/qr_D_m6_shallow_012.png,shallow,0.25,6,174,12,D,HYDROSHIP-M5-D,backscatter|blur|color|ripple,0.658,0.959,0.9897,29.8835,219.7076,0.1295,0.9589,0.8185,1.5486,1.8783,2.1836,3.6676,3,1.0098,True,True,raw,HYDROSHIP-M5-D
shallow/qr_D_m6_shallow_013.png,shallow,0.25,6,174,13,D,HYDROSHIP-M5-D,backscatter|blur|color|ripple,0.7032,1.085,0.9978,28.3648,212.4417,0.1267,1.0586,0.7894,1.4926,1.6622,5.2556,4.0023,3,0.9518,True,True,raw,HYDROSHIP-M5-D
shallow/qr_D_m6_shallow_014.png,shallow,0.25,6,174,14,D,HYDROSHIP-M5-D,backscatter|blur|color|ripple,0.7022,1.0034,0.9776,27.1768,212.6127,0.1115,0.9685,0.7446,1.4673,1.8234,0.6602,1.2495,3,1.0149,True,True,raw,HYDROSHIP-M5-D
shallow/qr_D_m6_shallow_015.png,shallow,0.25,6,174,15,D,HYDROSHIP-M5-D,backscatter|blur|color|ripple,0.638,0.9408,1.112,27.403,211.0075,0.1186,1.0299,0.8009,1.4554,1.8094,1.1533,4.1466,3,0.968,True,True,raw,HYDROSHIP-M5-D
shallow/qr_D_m6_shallow_016.png,shallow,0.25,6,174,16,D,HYDROSHIP-M5-D,backscatter|blur|color|ripple,0.7401,0.9956,1.1078,26.7043,233.9573,0.125,1.1007,0.7503,1.4018,1.7273,4.7381,3.7586,3,0.9878,True,True,raw,HYDROSHIP-M5-D
shallow/qr_D_m6_shallow_017.png,shallow,0.25,6,174,17,D,HYDROSHIP-M5-D,backscatter|blur|color|ripple,0.6948,0.9411,1.0254,26.7512,240.0848,0.1197,0.9477,0.7873,1.5199,1.7509,2.2208,2.6584,3,1.0347,True,True,raw,HYDROSHIP-M5-D
shallow/qr_D_m6_shallow_018.png,shallow,0.25,6,174,18,D,HYDROSHIP-M5-D,backscatter|blur|color|ripple,0.6573,0.9896,1.0328,30.6384,242.6552,0.1225,0.9453,0.8333,1.5374,1.9108,0.1632,1.2333,3,1.0052,True,True,raw,HYDROSHIP-M5-D
shallow/qr_D_m6_shallow_019.png,shallow,0.25,6,174,19,D,HYDROSHIP-M5-D,backscatter|blur|color|ripple,0.644,0.9856,1.0154,30.081,213.2007,0.1294,0.9832,0.7411,1.3892,1.7201,2.0033,1.4931,3,1.0328,True,True,raw,HYDROSHIP-M5-D
shallow/qr_D_m6_shallow_020.png,shallow,0.25,6,174,20,D,HYDROSHIP-M5-D,backscatter|blur|color|ripple,0.7192,1.0842,1.1048,26.7907,217.4212,0.1118,1.0043,0.7655,1.5934,1.8822,0.2231,3.2297,3,0.9432,True,True,raw,HYDROSHIP-M5-D
shallow/qr_D_m6_shallow_021.png,shallow,0.25,6,174,21,D,HYDROSHIP-M5-D,backscatter|blur|color|ripple,0.7152,0.9539,1.0422,31.1278,213.1776,0.1245,1.1039,0.7682,1.4391,1.7276,0.9111,2.1331,3,1.0103,True,True,raw,HYDROSHIP-M5-D
shallow/qr_D_m6_shallow_022.png,shallow,0.25,6,174,22,D,HYDROSHIP-M5-D,backscatter|blur|color|ripple,0.6551,1.0759,1.0792,28.3647,209.8929,0.1259,1.0849,0.8348,1.5519,1.8611,0.0129,0.0074,3,1.0792,True,True,raw,HYDROSHIP-M5-D
shallow/qr_D_m6_shallow_023.png,shallow,0.25,6,174,23,D,HYDROSHIP-M5-D,backscatter|blur|color|ripple,0.671,0.9962,0.9821,27.5395,238.3265,0.1179,1.0828,0.8067,1.4639,1.695,0.074,2.7905,3,1.0765,True,True,raw,HYDROSHIP-M5-D
shallow/qr_D_m6_shallow_024.png,shallow,0.25,6,174,24,D,HYDROSHIP-M5-D,backscatter|blur|color|ripple,0.6893,1.0623,1.1115,29.9141,241.8105,0.1231,1.0448,0.7408,1.5979,1.738,4.5492,2.9768,3,1.0283,True,True,raw,HYDROSHIP-M5-D
shallow/qr_D_m6_shallow_025.png,shallow,0.25,6,174,25,D,HYDROSHIP-M5-D,backscatter|blur|color|ripple,0.6892,1.0283,1.0493,30.8954,212.1119,0.1211,1.0291,0.82,1.4656,1.8089,3.0824,2.1277,3,0.9432,True,True,raw,HYDROSHIP-M5-D
shallow/qr_D_m6_shallow_026.png,shallow,0.25,6,174,26,D,HYDROSHIP-M5-D,backscatter|blur|color|ripple,0.7345,1.0484,1.125,27.2806,224.6033,0.1225,1.0024,0.7667,1.4073,1.6627,4.6496,4.8338,3,0.9789,True,True,raw,HYDROSHIP-M5-D
shallow/qr_D_m6_shallow_027.png,shallow,0.25,6,174,27,D,HYDROSHIP-M5-D,backscatter|blur|color|ripple,0.6492,0.9901,1.0487,30.4947,226.9789,0.1126,1.0491,0.7383,1.5042,1.8462,0.8919,0.051,3,1.0814,True,True,raw,HYDROSHIP-M5-D
shallow/qr_D_m6_shallow_028.png,shallow,0.25,6,174,28,D,HYDROSHIP-M5-D,backscatter|blur|color|ripple,0.6523,1.0188,1.0967,29.9905,225.5026,0.1177,1.018,0.7529,1.5148,1.9083,6.0654,0.309,3,0.9623,True,True,raw,HYDROSHIP-M5-D
shallow/qr_D_m6_shallow_029.png,shallow,0.25,6,174,29,D,HYDROSHIP-M5-D,backscatter|blur|color|ripple,0.6575,0.9816,1.1042,27.8993,216.8888,0.1172,0.9502,0.7356,1.3977,1.8401,2.5886,5.1493,3,0.9588,True,True,raw,HYDROSHIP-M5-D
shallow/qr_D_m6_shallow_030.png,shallow,0.25,6,174,30,D,HYDROSHIP-M5-D,backscatter|blur|color|ripple,0.7418,1.0017,1.0868,30.503,235.3717,0.1287,1.0828,0.7233,1.6035,1.7837,1.537,2.88,3,1.0544,True,True,raw,HYDROSHIP-M5-D
shallow/qr_D_m6_shallow_031.png,shallow,0.25,6,174,31,D,HYDROSHIP-M5-D,backscatter|blur|color|ripple,0.6476,1.033,0.9937,27.5494,241.4902,0.1268,0.9793,0.7162,1.4313,1.7467,3.4437,5.6436,3,0.9568,True,True,raw,HYDROSHIP-M5-D
shallow/qr_D_m6_shallow_032.png,shallow,0.25,6,174,32,D,HYDROSHIP-M5-D,backscatter|blur|color|ripple,0.7042,1.043,1.0686,29.4526,233.1031,0.1256,0.9436,0.7468,1.4304,1.7317,4.0847,1.4981,3,1.058,True,True,raw,HYDROSHIP-M5-D
shallow/qr_D_m6_shallow_033.png,shallow,0.25,6,174,33,D,HYDROSHIP-M5-D,backscatter|blur|color|ripple,0.6505,0.985,1.0412,28.799,228.2526,0.1224,0.978,0.7987,1.5556,1.7249,2.0223,5.1336,3,1.004,True,True,raw,HYDROSHIP-M5-D
shallow/qr_D_m6_shallow_034.png,shallow,0.25,6,174,34,D,HYDROSHIP-M5-D,backscatter|blur|color|ripple,0.6478,1.0401,0.9798,27.5624,237.8187,0.1213,1.0343,0.7152,1.5598,1.8628,3.4846,5.83,3,1.0607,True,True,raw,HYDROSHIP-M5-D
shallow/qr_D_m6_shallow_035.png,shallow,0.25,6,174,35,D,HYDROSHIP-M5-D,backscatter|blur|color|ripple,0.7165,1.024,1.1033,31.2713,238.781,0.1153,1.045,0.8191,1.5319,1.6871,4.8942,3.2283,3,0.9869,True,True,raw,HYDROSHIP-M5-D
shallow/qr_D_m6_shallow_036.png,shallow,0.25,6,174,36,D,HYDROSHIP-M5-D,backscatter|blur|color|ripple,0.6421,0.96,0.9973,30.5346,236.9276,0.1275,1.0183,0.812,1.4937,1.7104,6.1161,4.3282,3,1.0439,True,True,raw,HYDROSHIP-M5-D
shallow/qr_D_m6_shallow_037.png,shallow,0.25,6,174,37,D,HYDROSHIP-M5-D,backscatter|blur|color|ripple,0.6992,1.0312,1.0787,30.7756,242.9791,0.1193,0.9583,0.7858,1.5073,1.8204,6.088,4.5709,3,1.1005,True,True,raw,HYDROSHIP-M5-D
shallow/qr_D_m6_shallow_038.png,shallow,0.25,6,174,38,D,HYDROSHIP-M5-D,backscatter|blur|color|ripple,0.6517,0.9452,1.0654,28.0884,222.4168,0.118,0.9735,0.7226,1.5817,1.845,1.0902,2.6445,3,1.0345,True,True,raw,HYDROSHIP-M5-D
shallow/qr_D_m6_shallow_039.png,shallow,0.25,6,174,39,D,HYDROSHIP-M5-D,backscatter|blur|color|ripple,0.6603,1.017,0.9994,28.7357,232.3114,0.1119,1.091,0.8245,1.4046,1.6942,1.5023,6.182,3,1.0217,True,True,raw,HYDROSHIP-M5-D
shallow/qr_D_m6_shallow_040.png,shallow,0.25,6,174,40,D,HYDROSHIP-M5-D,backscatter|blur|color|ripple,0.7001,1.0746,1.0429,29.6789,242.0144,0.1264,0.9842,0.7587,1.5919,1.9059,1.9798,0.4345,3,1.0119,True,True,raw,HYDROSHIP-M5-D
shallow/qr_D_m6_shallow_041.png,shallow,0.25,6,174,41,D,HYDROSHIP-M5-D,backscatter|blur|color|ripple,0.6728,0.9409,1.0779,31.0412,244.4467,0.1259,0.9857,0.7277,1.4272,1.8586,5.2251,2.8824,3,1.0927,True,True,raw,HYDROSHIP-M5-D
shallow/qr_D_m6_shallow_042.png,shallow,0.25,6,174,42,D,HYDROSHIP-M5-D,backscatter|blur|color|ripple,0.6776,1.0017,1.0338,29.4729,214.8855,0.1142,1.0786,0.789,1.6075,1.8294,4.8618,2.2169,3,1.0011,True,True,raw,HYDROSHIP-M5-D
shallow/qr_D_m6_shallow_043.png,shallow,0.25,6,174,43,D,HYDROSHIP-M5-D,backscatter|blur|color|ripple,0.6987,1.015,0.967,27.6059,235.3599,0.1186,1.0062,0.7258,1.4269,1.6691,0.4993,0.1778,3,1.0813,True,True,raw,HYDROSHIP-M5-D
shallow/qr_D_m6_shallow_044.png,shallow,0.25,6,174,44,D,HYDROSHIP-M5-D,backscatter|blur|color|ripple,0.7137,1.0869,0.9999,27.8391,229.9594,0.1127,0.9511,0.7396,1.45,1.6674,5.4172,6.2193,3,1.046,True,True,raw,HYDROSHIP-M5-D
shallow/qr_D_m6_shallow_045.png,shallow,0.25,6,174,45,D,HYDROSHIP-M5-D,backscatter|blur|color|ripple,0.6761,1.03,1.0542,30.0215,211.0908,0.1122,1.0403,0.8033,1.4977,1.8799,3.2269,2.0233,3,1.0657,True,True,raw,HYDROSHIP-M5-D
shallow/qr_D_m6_shallow_046.png,shallow,0.25,6,174,46,D,HYDROSHIP-M5-D,backscatter|blur|color|ripple,0.6544,0.9806,1.0872,29.3931,239.0027,0.1197,1.0345,0.7249,1.4686,1.9056,0.2259,3.1572,3,1.0089,True,True,raw,HYDROSHIP-M5-D
shallow/qr_D_m6_shallow_047.png,shallow,0.25,6,174,47,D,HYDROSHIP-M5-D,backscatter|blur|color|ripple,0.6687,1.0317,1.0515,27.3087,239.6572,0.1293,1.0494,0.8121,1.4398,1.759,5.2714,0.7241,3,0.975,True,True,raw,HYDROSHIP-M5-D
shallow/qr_D_m6_shallow_048.png,shallow,0.25,6,174,48,D,HYDROSHIP-M5-D,backscatter|blur|color|ripple,0.7389,0.9717,1.0978,27.1573,209.6955,0.1194,1.0469,0.8161,1.494,1.7164,3.5453,3.9564,3,1.0256,True,True,raw,HYDROSHIP-M5-D
shallow/qr_D_m6_shallow_049.png,shallow,0.25,6,174,49,D,HYDROSHIP-M5-D,backscatter|blur|color|ripple,0.7203,0.9522,0.9927,31.2659,209.4849,0.1241,1.0981,0.7874,1.3893,1.6983,1.7635,4.2126,3,1.0466,True,True,raw,HYDROSHIP-M5-D
shallow/qr_D_m6_shallow_050.png,shallow,0.25,6,174,50,D,HYDROSHIP-M5-D,backscatter|blur|color|ripple,0.714,1.0747,0.9679,28.395,209.763,0.1127,1.0414,0.7917,1.4094,1.6792,2.1445,2.3963,3,1.1057,True,True,raw,HYDROSHIP-M5-D
shallow/qr_D_m6_shallow_051.png,shallow,0.25,6,174,51,D,HYDROSHIP-M5-D,backscatter|blur|color|ripple,0.6479,1.0449,1.0427,28.0646,214.2573,0.1294,1.0516,0.7332,1.5556,1.8978,4.3579,1.9611,3,1.0238,True,True,raw,HYDROSHIP-M5-D
shallow/qr_D_m6_shallow_052.png,shallow,0.25,6,174,52,D,HYDROSHIP-M5-D,backscatter|blur|color|ripple,0.6554,1.0317,1.1093,27.1917,234.2021,0.1281,1.0155,0.7874,1.5026,1.7835,0.702,4.954,3,1.0517,True,True,raw,HYDROSHIP-M5-D
shallow/qr_D_m6_shallow_053.png,shallow,0.25,6,174,53,D,HYDROSHIP-M5-D,backscatter|blur|color|ripple,0.6714,1.0471,1.0443,26.7748,208.8231,0.1254,1.0353,0.7776,1.4496,1.864,5.7111,2.0683,3,1.0966,True,True,raw,HYDROSHIP-M5-D
shallow/qr_D_m6_shallow_054.png,shallow,0.25,6,174,54,D,HYDROSHIP-M5-D,backscatter|blur|color|ripple,0.7334,0.9819,1.1276,28.0602,230.4326,0.118,1.0561,0.7399,1.4823,1.7973,3.7243,0.5378,3,0.9815,True,True,raw,HYDROSHIP-M5-D
shallow/qr_D_m6_shallow_055.png,shallow,0.25,6,174,55,D,HYDROSHIP-M5-D,backscatter|blur|color|ripple,0.7027,1.0453,0.9815,27.5744,218.673,0.1274,0.9926,0.7196,1.4185,1.7468,2.4059,5.4179,3,1.106,True,True,raw,HYDROSHIP-M5-D
shallow/qr_D_m6_shallow_056.png,shallow,0.25,6,174,56,D,HYDROSHIP-M5-D,backscatter|blur|color|ripple,0.7341,1.0057,1.0722,31.0823,223.6065,0.1215,1.0487,0.8154,1.5076,1.8646,2.7061,1.2791,3,0.9938,True,True,raw,HYDROSHIP-M5-D
shallow/qr_D_m6_shallow_057.png,shallow,0.25,6,174,57,D,HYDROSHIP-M5-D,backscatter|blur|color|ripple,0.7034,1.0071,1.0387,28.294,209.988,0.1207,1.0261,0.8092,1.5741,1.6767,5.7832,4.8751,3,1.1018,True,True,raw,HYDROSHIP-M5-D
shallow/qr_D_m6_shallow_058.png,shallow,0.25,6,174,58,D,HYDROSHIP-M5-D,backscatter|blur|color|ripple,0.6703,0.9582,1.0856,27.5382,213.8108,0.1173,1.0158,0.7836,1.566,1.9068,3.642,6.0529,3,1.0199,True,True,raw,HYDROSHIP-M5-D
shallow/qr_D_m6_shallow_059.png,shallow,0.25,6,174,59,D,HYDROSHIP-M5-D,backscatter|blur|color|ripple,0.6503,1.0132,1.0097,28.0806,232.1601,0.1245,1.0025,0.7995,1.6072,1.6565,2.5273,3.0079,3,0.948,True,True,raw,HYDROSHIP-M5-D
shallow/qr_D_m6_shallow_060.png,shallow,0.25,6,174,60,D,HYDROSHIP-M5-D,backscatter|blur|color|ripple,0.6344,0.9707,1.1008,28.7372,212.7703,0.1132,0.9448,0.7829,1.5617,1.9049,3.9538,2.6211,3,1.0765,True,True,raw,HYDROSHIP-M5-D
shallow/qr_D_m6_shallow_061.png,shallow,0.25,6,174,61,D,HYDROSHIP-M5-D,backscatter|blur|color|ripple,0.664,1.0349,1.1208,26.7872,229.0927,0.1242,0.9865,0.7529,1.4077,1.7007,0.9269,6.1743,3,1.0441,True,True,raw,HYDROSHIP-M5-D
shallow/qr_D_m6_shallow_062.png,shallow,0.25,6,174,62,D,HYDROSHIP-M5-D,backscatter|blur|color|ripple,0.6759,1.0779,1.0184,26.8445,215.192,0.1264,1.0955,0.7139,1.438,1.866,4.7394,3.2091,3,1.0905,True,True,raw,HYDROSHIP-M5-D
shallow/qr_D_m6_shallow_063.png,shallow,0.25,6,174,63,D,HYDROSHIP-M5-D,backscatter|blur|color|ripple,0.6357,0.9816,0.9651,30.6628,220.7164,0.1177,1.0706,0.754,1.5416,1.854,4.1679,3.3282,3,0.9765,True,True,raw,HYDROSHIP-M5-D
shallow/qr_D_m6_shallow_064.png,shallow,0.25,6,174,64,D,HYDROSHIP-M5-D,backscatter|blur|color|ripple,0.6716,1.0212,1.0523,30.2786,214.6917,0.1161,0.9966,0.7218,1.6163,1.7574,4.3116,4.0698,3,0.9808,True,True,raw,HYDROSHIP-M5-D
shallow/qr_D_m6_shallow_065.png,shallow,0.25,6,174,65,D,HYDROSHIP-M5-D,backscatter|blur|color|ripple,0.7002,1.0897,1.0663,27.4832,225.3388,0.1247,1.0589,0.7548,1.6098,1.6469,5.9506,4.6993,3,1.0723,True,True,raw,HYDROSHIP-M5-D
shallow/qr_D_m6_shallow_066.png,shallow,0.25,6,174,66,D,HYDROSHIP-M5-D,backscatter|blur|color|ripple,0.7336,1.0846,0.9986,29.2398,223.1762,0.1141,0.995,0.7859,1.5136,1.7003,4.5236,3.2824,3,1.0974,True,True,raw,HYDROSHIP-M5-D
shallow/qr_D_m6_shallow_067.png,shallow,0.25,6,174,67,D,HYDROSHIP-M5-D,backscatter|blur|color|ripple,0.7011,0.9512,1.1198,29.2453,210.5986,0.117,1.105,0.7246,1.5077,1.6481,0.3237,2.2543,3,1.0984,True,True,raw,HYDROSHIP-M5-D
shallow/qr_D_m6_shallow_068.png,shallow,0.25,6,174,68,D,HYDROSHIP-M5-D,backscatter|blur|color|ripple,0.7003,1.0677,0.9847,29.806,218.3726,0.1118,0.984,0.8349,1.4368,1.7358,2.0762,3.3014,3,1.0679,True,True,raw,HYDROSHIP-M5-D
shallow/qr_D_m6_shallow_069.png,shallow,0.25,6,174,69,D,HYDROSHIP-M5-D,backscatter|blur|color|ripple,0.7034,1.0171,1.1156,27.2725,219.5004,0.1198,1.0803,0.7828,1.4883,1.6394,3.2753,0.3683,3,1.0345,True,True,raw,HYDROSHIP-M5-D
shallow/qr_D_m6_shallow_070.png,shallow,0.25,6,174,70,D,HYDROSHIP-M5-D,backscatter|blur|color|ripple,0.6973,1.0882,1.0546,27.2646,225.8778,0.1125,1.0935,0.8238,1.5479,1.7321,4.3303,4.824,3,0.9841,True,True,raw,HYDROSHIP-M5-D
shallow/qr_D_m6_shallow_071.png,shallow,0.25,6,174,71,D,HYDROSHIP-M5-D,backscatter|blur|color|ripple,0.7048,0.9773,1.1017,27.7319,209.4391,0.1137,1.0433,0.7533,1.5432,1.7876,1.7677,2.6506,3,1.1053,True,True,raw,HYDROSHIP-M5-D
shallow/qr_D_m6_shallow_072.png,shallow,0.25,6,174,72,D,HYDROSHIP-M5-D,backscatter|blur|color|ripple,0.6918,0.982,1.0918,31.2338,241.6665,0.121,1.1027,0.7574,1.5465,1.7746,0.5614,3.4073,3,1.069,True,True,raw,HYDROSHIP-M5-D
shallow/qr_D_m6_shallow_073.png,shallow,0.25,6,174,73,D,HYDROSHIP-M5-D,backscatter|blur|color|ripple,0.6985,0.9422,1.0682,29.3166,221.1846,0.1234,0.9495,0.7218,1.5815,1.8614,4.5784,0.5051,3,0.9524,True,True,raw,HYDROSHIP-M5-D
shallow/qr_D_m6_shallow_074.png,shallow,0.25,6,174,74,D,HYDROSHIP-M5-D,backscatter|blur|color|ripple,0.6803,0.9701,0.9709,28.0128,243.6558,0.1143,1.1024,0.7757,1.6034,1.8237,0.5695,6.1994,3,1.0315,True,True,raw,HYDROSHIP-M5-D
shallow/qr_D_m6_shallow_075.png,shallow,0.25,6,174,75,D,HYDROSHIP-M5-D,backscatter|blur|color|ripple,0.6472,1.0218,0.9821,29.3994,217.6895,0.1109,1.0145,0.7288,1.4074,1.67,3.5485,0.2396,3,1.0912,True,True,raw,HYDROSHIP-M5-D
shallow/qr_D_m6_shallow_076.png,shallow,0.25,6,174,76,D,HYDROSHIP-M5-D,backscatter|blur|color|ripple,0.6669,1.0143,1.1258,29.8283,236.3037,0.1164,1.0064,0.7535,1.4718,1.6917,0.3959,4.2441,3,1.008,True,True,raw,HYDROSHIP-M5-D
shallow/qr_D_m6_shallow_077.png,shallow,0.25,6,174,77,D,HYDROSHIP-M5-D,backscatter|blur|color|ripple,0.6918,1.0443,1.1247,28.1228,211.5284,0.1176,1.0662,0.7536,1.4654,1.7539,4.2669,2.2221,3,1.0222,True,True,raw,HYDROSHIP-M5-D
shallow/qr_D_m6_shallow_078.png,shallow,0.25,6,174,78,D,HYDROSHIP-M5-D,backscatter|blur|color|ripple,0.6631,1.0593,1.0786,26.7525,236.5295,0.1234,1.0944,0.716,1.527,1.7045,3.0947,5.7217,3,1.0145,True,True,raw,HYDROSHIP-M5-D
shallow/qr_D_m6_shallow_079.png,shallow,0.25,6,174,79,D,HYDROSHIP-M5-D,backscatter|blur|color|ripple,0.7364,0.9504,1.117,28.6702,213.3846,0.1105,1.0584,0.8113,1.511,1.844,2.1271,4.8686,3,1.0872,True,True,raw,HYDROSHIP-M5-D
shallow/qr_D_m6_shallow_080.png,shallow,0.25,6,174,80,D,HYDROSHIP-M5-D,backscatter|blur|color|ripple,0.7304,0.9824,1.0266,27.464,209.6258,0.1139,0.9778,0.8302,1.5404,1.6652,0.5976,4.3578,3,0.9482,True,True,raw,HYDROSHIP-M5-D
shallow/qr_D_m6_shallow_081.png,shallow,0.25,6,174,81,D,HYDROSHIP-M5-D,backscatter|blur|color|ripple,0.7359,0.9515,0.9707,26.8642,222.0836,0.1159,1.0327,0.8198,1.5529,1.8017,5.3058,2.0089,3,0.963,True,True,raw,HYDROSHIP-M5-D
shallow/qr_D_m6_shallow_082.png,shallow,0.25,6,174,82,D,HYDROSHIP-M5-D,backscatter|blur|color|ripple,0.6943,0.9467,1.047,26.7219,230.7705,0.1205,1.1008,0.7894,1.5697,1.6904,4.9228,2.2951,3,1.0529,True,True,raw,HYDROSHIP-M5-D
shallow/qr_D_m6_shallow_083.png,shallow,0.25,6,174,83,D,HYDROSHIP-M5-D,backscatter|blur|color|ripple,0.72,0.9466,1.1057,29.8585,208.8924,0.1194,0.9815,0.7245,1.6011,1.7146,1.3599,4.2985,3,1.0739,True,True,raw,HYDROSHIP-M5-D
medium/qr_D_m6_medium_000.png,medium,0.55,6,174,0,D,HYDROSHIP-M5-D,backscatter|blur|color|ripple,0.5293,0.9457,1.0458,55.0933,198.3774,0.2137,1.99,1.4564,2.1212,2.3855,4.9733,1.866,5,1.6578,False,True,upscale,HYDROSHIP-M5-D
medium/qr_D_m6_medium_001.png,medium,0.55,6,174,1,D,HYDROSHIP-M5-D,backscatter|blur|color|ripple,0.5142,0.9891,1.0457,55.753,215.4956,0.2122,1.8218,1.5087,2.1384,2.3993,5.2848,4.7564,5,1.7117,True,True,raw,HYDROSHIP-M5-D
medium/qr_D_m6_medium_002.png,medium,0.55,6,174,2,D,HYDROSHIP-M5-D,backscatter|blur|color|ripple,0.5031,1.0833,1.1486,55.6078,193.6777,0.2088,1.991,1.5119,2.2579,2.5872,2.9151,4.1449,5,1.7873,True,True,raw,HYDROSHIP-M5-D
medium/qr_D_m6_medium_003.png,medium,0.55,6,174,3,D,HYDROSHIP-M5-D,backscatter|blur|color|ripple,0.4541,1.0963,1.1391,53.6161,192.9852,0.2098,2.0224,1.5314,2.1534,2.3847,5.1067,5.6139,5,1.6015,False,True,upscale,HYDROSHIP-M5-D
medium/qr_D_m6_medium_004.png,medium,0.55,6,174,4,D,HYDROSHIP-M5-D,backscatter|blur|color|ripple,0.4723,0.9823,1.1392,56.7083,185.7746,0.2242,2.0203,1.5538,2.2191,2.5029,0.8696,0.5956,5,1.7437,False,False,fail,
medium/qr_D_m6_medium_005.png,medium,0.55,6,174,5,D,HYDROSHIP-M5-D,backscatter|blur|color|ripple,0.4715,0.9457,1.0775,58.122,184.7492,0.2274,1.8027,1.461,2.2522,2.4311,0.222,1.7965,5,1.6968,True,True,raw,HYDROSHIP-M5-D
medium/qr_D_m6_medium_006.png,medium,0.55,6,174,6,D,HYDROSHIP-M5-D,backscatter|blur|color|ripple,0.4813,0.9768,1.1043,50.2068,214.0331,0.2217,1.998,1.5008,2.2099,2.5559,3.2005,2.8373,5,1.7169,True,True,raw,HYDROSHIP-M5-D
medium/qr_D_m6_medium_007.png,medium,0.55,6,174,7,D,HYDROSHIP-M5-D,backscatter|blur|color|ripple,0.5109,1.0327,1.044,53.1917,193.0091,0.2282,1.7724,1.4598,2.0758,2.4612,1.4726,4.3336,5,1.5709,False,True,cv2_fallback,HYDROSHIP-M5-D
medium/qr_D_m6_medium_008.png,medium,0.55,6,174,8,D,HYDROSHIP-M5-D,backscatter|blur|color|ripple,0.5141,0.9635,1.0619,50.957,209.5546,0.2057,1.7932,1.5474,2.2038,2.6485,5.5469,4.6353,5,1.5436,True,True,raw,HYDROSHIP-M5-D
medium/qr_D_m6_medium_009.png,medium,0.55,6,174,9,D,HYDROSHIP-M5-D,backscatter|blur|color|ripple,0.4838,1.0834,1.184,52.1345,199.0572,0.2086,1.8648,1.3622,2.1353,2.3468,3.2649,2.0614,5,1.6932,True,True,raw,HYDROSHIP-M5-D
medium/qr_D_m6_medium_010.png,medium,0.55,6,174,10,D,HYDROSHIP-M5-D,backscatter|blur|color|ripple,0.5044,1.0952,1.1051,54.5246,190.1049,0.2104,1.8179,1.4684,2.2109,2.5562,2.0025,4.2948,5,1.6594,False,True,upscale,HYDROSHIP-M5-D
medium/qr_D_m6_medium_011.png,medium,0.55,6,174,11,D,HYDROSHIP-M5-D,backscatter|blur|color|ripple,0.5277,0.9743,1.1101,49.9178,209.9028,0.2228,1.949,1.4595,2.0616,2.4932,2.5507,4.2691,5,1.5482,True,True,raw,HYDROSHIP-M5-D
medium/qr_D_m6_medium_012.png,medium,0.55,6,174,12,D,HYDROSHIP-M5-D,backscatter|blur|color|ripple,0.5197,0.9718,1.0502,56.3271,199.2034,0.2165,1.9415,1.4835,2.0333,2.388,5.6838,0.0428,5,1.5582,True,True,raw,HYDROSHIP-M5-D
medium/qr_D_m6_medium_013.png,medium,0.55,6,174,13,D,HYDROSHIP-M5-D,backscatter|blur|color|ripple,0.5111,1.0291,1.1329,58.1283,202.8856,0.2252,1.7574,1.4524,2.0113,2.5701,2.3557,3.9831,5,1.5266,True,True,raw,HYDROSHIP-M5-D
medium/qr_D_m6_medium_014.png,medium,0.55,6,174,14,D,HYDROSHIP-M5-D,backscatter|blur|color|ripple,0.4606,1.0156,1.1521,53.273,189.7265,0.2077,1.8073,1.4839,2.0295,2.6177,0.4095,0.4311,5,1.6271,True,True,raw,HYDROSHIP-M5-D
medium/qr_D_m6_medium_015.png,medium,0.55,6,174,15,D,HYDROSHIP-M5-D,backscatter|blur|color|ripple,0.5259,1.1052,1.1586,50.6681,185.3737,0.2261,1.8648,1.3796,1.9338,2.5993,5.7589,4.4568,5,1.578,False,True,upscale,HYDROSHIP-M5-D
medium/qr_D_m6_medium_016.png,medium,0.55,6,174,16,D,HYDROSHIP-M5-D,backscatter|blur|color|ripple,0.5116,1.0074,1.1315,51.1263,191.9929,0.2004,1.9282,1.4222,2.0136,2.6319,0.5697,2.0733,5,1.7464,True,True,raw,HYDROSHIP-M5-D
medium/qr_D_m6_medium_017.png,medium,0.55,6,174,17,D,HYDROSHIP-M5-D,backscatter|blur|color|ripple,0.5196,1.0893,1.1638,51.8798,187.827,0.2014,1.76,1.456,2.2234,2.4978,1.6684,0.4731,5,1.7633,True,True,raw,HYDROSHIP-M5-D
medium/qr_D_m6_medium_018.png,medium,0.55,6,174,18,D,HYDROSHIP-M5-D,backscatter|blur|color|ripple,0.494,1.0417,1.0899,50.4774,200.6756,0.2094,1.9883,1.4646,2.1284,2.5681,3.5672,4.0099,5,1.6122,True,True,raw,HYDROSHIP-M5-D
medium/qr_D_m6_medium_019.png,medium,0.55,6,174,19,D,HYDROSHIP-M5-D,backscatter|blur|color|ripple,0.4737,1.0702,1.1221,56.0049,210.9709,0.2127,1.8222,1.3918,1.9484,2.442,4.2279,4.9516,5,1.5836,True,True,raw,HYDROSHIP-M5-D
medium/qr_D_m6_medium_020.png,medium,0.55,6,174,20,D,HYDROSHIP-M5-D,backscatter|blur|color|ripple,0.4859,1.0242,1.048,52.4701,198.0209,0.2128,1.9221,1.4415,1.9995,2.4978,1.2331,3.0106,5,1.6097,True,True,raw,HYDROSHIP-M5-D
medium/qr_D_m6_medium_021.png,medium,0.55,6,174,21,D,HYDROSHIP-M5-D,backscatter|blur|color|ripple,0.4684,1.0924,1.056,52.4264,202.0103,0.2038,1.877,1.3737,2.0289,2.3093,1.0243,3.3128,5,1.7407,True,True,raw,HYDROSHIP-M5-D
medium/qr_D_m6_medium_022.png,medium,0.55,6,174,22,D,HYDROSHIP-M5-D,backscatter|blur|color|ripple,0.468,1.026,1.049,55.0967,191.2255,0.2054,1.928,1.4838,1.9772,2.5134,2.5576,5.608,5,1.6621,False,True,upscale,HYDROSHIP-M5-D
medium/qr_D_m6_medium_023.png,medium,0.55,6,174,23,D,HYDROSHIP-M5-D,backscatter|blur|color|ripple,0.5084,0.9765,1.1671,55.3364,193.8283,0.2236,1.7875,1.4444,2.1443,2.3066,5.389,5.0524,5,1.7487,True,True,raw,HYDROSHIP-M5-D
medium/qr_D_m6_medium_024.png,medium,0.55,6,174,24,D,HYDROSHIP-M5-D,backscatter|blur|color|ripple,0.5233,1.0499,1.0588,52.6421,191.6963,0.2099,2.0163,1.5502,1.9504,2.3811,5.0101,5.9617,5,1.6881,False,True,upscale,HYDROSHIP-M5-D
medium/qr_D_m6_medium_025.png,medium,0.55,6,174,25,D,HYDROSHIP-M5-D,backscatter|blur|color|ripple,0.5035,1.0294,1.1123,55.8969,193.5445,0.2051,1.9098,1.4898,2.0868,2.3929,1.6418,2.2529,5,1.7726,True,True,raw,HYDROSHIP-M5-D
medium/qr_D_m6_medium_026.png,medium,0.55,6,174,26,D,HYDROSHIP-M5-D,backscatter|blur|color|ripple,0.5179,1.0275,1.1189,56.9711,202.1728,0.2024,1.7462,1.3594,2.1961,2.5515,0.3766,5.3706,5,1.6825,True,True,raw,HYDROSHIP-M5-D
medium/qr_D_m6_medium_027.png,medium,0.55,6,174,27,D,HYDROSHIP-M5-D,backscatter|blur|color|ripple,0.4618,1.0895,1.0351,51.8637,203.0074,0.2012,1.8361,1.4307,2.0182,2.4629,5.1562,0.2902,5,1.6919,True,True,raw,HYDROSHIP-M5-D
medium/qr_D_m6_medium_028.png,medium,0.55,6,174,28,D,HYDROSHIP-M5-D,backscatter|blur|color|ripple,0.5261,1.0515,1.1103,52.9305,208.4922,0.209,1.8352,1.4609,1.9671,2.3029,0.8102,2.0242,5,1.6473,True,True,raw,HYDROSHIP-M5-D
medium/qr_D_m6_medium_029.png,medium,0.55,6,174,29,D,HYDROSHIP-M5-D,backscatter|blur|color|ripple,0.4927,0.9874,1.0917,56.0184,207.1237,0.2188,1.9049,1.5565,2.2245,2.3594,0.2691,0.9268,5,1.6454,False,True,clahe,HYDROSHIP-M5-D
medium/qr_D_m6_medium_030.png,medium,0.55,6,174,30,D,HYDROSHIP-M5-D,backscatter|blur|color|ripple,0.4857,0.9937,1.1218,54.9678,190.2144,0.2063,1.9244,1.5628,2.2276,2.4604,1.4739,0.7035,5,1.524,False,True,cv2_fallback,HYDROSHIP-M5-D
medium/qr_D_m6_medium_031.png,medium,0.55,6,174,31,D,HYDROSHIP-M5-D,backscatter|blur|color|ripple,0.4757,1.0938,1.0473,53.7615,207.2742,0.1992,1.8218,1.4726,2.1345,2.5456,0.2256,5.432,5,1.6313,True,True,raw,HYDROSHIP-M5-D
medium/qr_D_m6_medium_032.png,medium,0.55,6,174,32,D,HYDROSHIP-M5-D,backscatter|blur|color|ripple,0.5118,1.0322,1.1301,50.0113,210.33,0.2112,1.9119,1.469,2.0588,2.3317,0.6913,2.8218,5,1.6879,True,True,raw,HYDROSHIP-M5-D
medium/qr_D_m6_medium_033.png,medium,0.55,6,174,33,D,HYDROSHIP-M5-D,backscatter|blur|color|ripple,0.487,1.0643,1.1698,51.3839,195.7078,0.2099,1.9721,1.4452,2.0036,2.4569,2.5928,5.3246,5,1.6586,True,True,raw,HYDROSHIP-M5-D
medium/qr_D_m6_medium_034.png,medium,0.55,6,174,34,D,HYDROSHIP-M5-D,backscatter|blur|color|ripple,0.4737,0.9546,1.0801,56.6124,187.0078,0.212,1.8262,1.3611,2.1762,2.3349,0.9398,0.9073,5,1.6989,False,True,cv2_fallback,HYDROSHIP-M5-D
medium/qr_D_m6_medium_035.png,medium,0.55,6,174,35,D,HYDROSHIP-M5-D,backscatter|blur|color|ripple,0.4962,0.9795,1.0781,51.0453,194.443,0.2294,1.9528,1.3886,2.1813,2.6059,4.4883,2.1107,5,1.6406,True,True,raw,HYDROSHIP-M5-D
medium/qr_D_m6_medium_036.png,medium,0.55,6,174,36,D,HYDROSHIP-M5-D,backscatter|blur|color|ripple,0.5317,1.0271,1.1717,55.9202,216.6875,0.2302,1.9073,1.5601,2.2622,2.5164,0.1949,2.1474,5,1.6154,True,True,raw,HYDROSHIP-M5-D
medium/qr_D_m6_medium_037.png,medium,0.55,6,174,37,D,HYDROSHIP-M5-D,backscatter|blur|color|ripple,0.4595,1.0274,1.1243,57.5797,207.5802,0.2046,1.9189,1.5697,2.0067,2.2694,3.0317,0.9211,5,1.5511,True,True,raw,HYDROSHIP-M5-D
medium/qr_D_m6_medium_038.png,medium,0.55,6,174,38,D,HYDROSHIP-M5-D,backscatter|blur|color|ripple,0.4731,1.064,1.1736,57.7797,204.0873,0.2107,2.0052,1.4291,2.0488,2.6312,4.4665,5.9178,5,1.5613,True,True,raw,HYDROSHIP-M5-D
medium/qr_D_m6_medium_039.png,medium,0.55,6,174,39,D,HYDROSHIP-M5-D,backscatter|blur|color|ripple,0.5154,1.0443,1.0611,52.6355,208.8463,0.2121,1.833,1.5435,1.9843,2.5179,2.2339,0.59,5,1.6222,False,True,cv2_fallback,HYDROSHIP-M5-D
medium/qr_D_m6_medium_040.png,medium,0.55,6,174,40,D,HYDROSHIP-M5-D,backscatter|blur|color|ripple,0.4546,1.1026,1.1649,50.345,184.794,0.2098,1.7588,1.5356,2.201,2.4729,0.4414,2.6417,5,1.5711,True,True,raw,HYDROSHIP-M5-D
medium/qr_D_m6_medium_041.png,medium,0.55,6,174,41,D,HYDROSHIP-M5-D,backscatter|blur|color|ripple,0.5042,1.0317,1.024,53.4511,196.0011,0.201,1.8449,1.4851,2.0447,2.3586,3.8451,5.6596,5,1.6218,True,True,raw,HYDROSHIP-M5-D
medium/qr_D_m6_medium_042.png,medium,0.55,6,174,42,D,HYDROSHIP-M5-D,backscatter|blur|color|ripple,0.5003,1.0633,1.0951,53.7881,202.5587,0.1988,1.771,1.3555,2.0067,2.3802,0.7084,3.1662,5,1.7414,True,True,raw,HYDROSHIP-M5-D
medium/qr_D_m6_medium_043.png,medium,0.55,6,174,43,D,HYDROSHIP-M5-D,backscatter|blur|color|ripple,0.5178,0.9617,1.1643,56.7749,210.3176,0.2315,1.8635,1.4658,2.0975,2.3474,5.1069,4.0529,5,1.7849,False,True,upscale,HYDROSHIP-M5-D
medium/qr_D_m6_medium_044.png,medium,0.55,6,174,44,D,HYDROSHIP-M5-D,backscatter|blur|color|ripple,0.4815,1.0909,1.0939,56.8708,190.3355,0.2121,1.8297,1.4561,2.1452,2.2893,4.5752,4.4529,5,1.5247,False,True,cv2_fallback,HYDROSHIP-M5-D
medium/qr_D_m6_medium_045.png,medium,0.55,6,174,45,D,HYDROSHIP-M5-D,backscatter|blur|color|ripple,0.4808,0.9797,1.1366,50.5625,187.3209,0.2121,1.8172,1.5736,2.2167,2.6572,3.9627,3.4788,5,1.5508,True,True,raw,HYDROSHIP-M5-D
medium/qr_D_m6_medium_046.png,medium,0.55,6,174,46,D,HYDROSHIP-M5-D,backscatter|blur|color|ripple,0.4755,1.1007,1.0645,53.4686,195.2655,0.2033,1.9443,1.5586,2.0713,2.5928,2.562,5.113,5,1.6657,False,True,upscale,HYDROSHIP-M5-D
medium/qr_D_m6_medium_047.png,medium,0.55,6,174,47,D,HYDROSHIP-M5-D,backscatter|blur|color|ripple,0.5313,1.0189,1.1587,56.6106,191.9716,0.2278,1.8426,1.3759,2.1767,2.4877,0.1564,4.1966,5,1.6914,True,True,raw,HYDROSHIP-M5-D
medium/qr_D_m6_medium_048.png,medium,0.55,6,174,48,D,HYDROSHIP-M5-D,backscatter|blur|color|ripple,0.4954,0.9462,1.0163,57.6799,186.3604,0.2112,1.8084,1.4989,2.0802,2.4552,1.189,5.9607,5,1.7815,True,True,raw,HYDROSHIP-M5-D
medium/qr_D_m6_medium_049.png,medium,0.55,6,174,49,D,HYDROSHIP-M5-D,backscatter|blur|color|ripple,0.5081,1.0677,1.0644,50.4052,198.5987,0.2226,1.967,1.5809,2.0249,2.2924,1.0275,1.5747,5,1.6299,True,True,raw,HYDROSHIP-M5-D
medium/qr_D_m6_medium_050.png,medium,0.55,6,174,50,D,HYDROSHIP-M5-D,backscatter|blur|color|ripple,0.4645,1.0504,1.1759,53.7494,185.0412,0.2217,1.9134,1.533,2.1459,2.394,4.9538,2.3698,5,1.5869,False,True,cv2_fallback,HYDROSHIP-M5-D
medium/qr_D_m6_medium_051.png,medium,0.55,6,174,51,D,HYDROSHIP-M5-D,backscatter|blur|color|ripple,0.4889,0.9483,1.0421,56.9083,189.2325,0.2028,2.0401,1.5413,2.0259,2.281,1.7627,4.8011,5,1.6238,False,True,clahe,HYDROSHIP-M5-D
medium/qr_D_m6_medium_052.png,medium,0.55,6,174,52,D,HYDROSHIP-M5-D,backscatter|blur|color|ripple,0.4978,1.0508,1.1527,52.088,206.1627,0.1997,1.9492,1.377,2.0865,2.3258,1.0457,3.4978,5,1.6289,True,True,raw,HYDROSHIP-M5-D
medium/qr_D_m6_medium_053.png,medium,0.55,6,174,53,D,HYDROSHIP-M5-D,backscatter|blur|color|ripple,0.4955,0.956,1.0571,56.4184,189.5206,0.2143,1.9839,1.4271,2.0735,2.5843,0.7151,1.9579,5,1.7618,True,True,raw,HYDROSHIP-M5-D
medium/qr_D_m6_medium_054.png,medium,0.55,6,174,54,D,HYDROSHIP-M5-D,backscatter|blur|color|ripple,0.514,1.1058,1.1679,53.8702,197.3454,0.2038,1.8246,1.4644,2.1588,2.3543,3.2088,2.1532,5,1.6846,True,True,raw,HYDROSHIP-M5-D
medium/qr_D_m6_medium_055.png,medium,0.55,6,174,55,D,HYDROSHIP-M5-D,backscatter|blur|color|ripple,0.5126,1.0757,1.1045,50.5414,190.319,0.2021,1.8013,1.3572,2.064,2.5083,0.8978,1.9862,5,1.6009,True,True,raw,HYDROSHIP-M5-D
medium/qr_D_m6_medium_056.png,medium,0.55,6,174,56,D,HYDROSHIP-M5-D,backscatter|blur|color|ripple,0.5096,1.0717,1.061,51.0864,212.5992,0.2328,1.9466,1.5503,1.9444,2.2966,2.9536,2.8626,5,1.6113,True,True,raw,HYDROSHIP-M5-D
medium/qr_D_m6_medium_057.png,medium,0.55,6,174,57,D,HYDROSHIP-M5-D,backscatter|blur|color|ripple,0.4595,1.0627,1.1447,58.2247,209.0506,0.1991,1.8948,1.5414,2.2619,2.5642,2.9135,1.4037,5,1.5872,True,True,raw,HYDROSHIP-M5-D
medium/qr_D_m6_medium_058.png,medium,0.55,6,174,58,D,HYDROSHIP-M5-D,backscatter|blur|color|ripple,0.4779,0.9945,1.0461,50.4211,188.1643,0.202,1.9749,1.3972,2.2587,2.6183,2.2005,3.6287,5,1.5549,True,True,raw,HYDROSHIP-M5-D
medium/qr_D_m6_medium_059.png,medium,0.55,6,174,59,D,HYDROSHIP-M5-D,backscatter|blur|color|ripple,0.4718,0.9567,1.0681,56.4178,198.3846,0.2056,1.8311,1.3895,2.1243,2.5401,4.3013,2.0755,5,1.6216,True,True,raw,HYDROSHIP-M5-D
medium/qr_D_m6_medium_060.png,medium,0.55,6,174,60,D,HYDROSHIP-M5-D,backscatter|blur|color|ripple,0.4602,1.0901,1.112,57.8333,209.1996,0.1991,1.9054,1.3899,2.1456,2.3133,2.6124,5.1646,5,1.6552,True,True,raw,HYDROSHIP-M5-D
medium/qr_D_m6_medium_061.png,medium,0.55,6,174,61,D,HYDROSHIP-M5-D,backscatter|blur|color|ripple,0.4735,1.0968,1.0478,52.3386,206.1548,0.2231,2.0169,1.5278,2.0008,2.4465,0.5683,3.7406,5,1.5688,True,True,raw,HYDROSHIP-M5-D
medium/qr_D_m6_medium_062.png,medium,0.55,6,174,62,D,HYDROSHIP-M5-D,backscatter|blur|color|ripple,0.4567,1.0681,1.1159,50.0205,210.928,0.213,1.8388,1.4987,2.0649,2.4965,3.2082,1.3619,5,1.6521,True,True,raw,HYDROSHIP-M5-D
medium/qr_D_m6_medium_063.png,medium,0.55,6,174,63,D,HYDROSHIP-M5-D,backscatter|blur|color|ripple,0.455,1.0346,1.0819,51.3842,212.8114,0.2308,1.9061,1.546,2.2401,2.2787,4.3736,3.5146,5,1.7482,False,False,fail,
medium/qr_D_m6_medium_064.png,medium,0.55,6,174,64,D,HYDROSHIP-M5-D,backscatter|blur|color|ripple,0.4941,0.9965,1.1099,57.262,193.6888,0.2008,1.8124,1.4278,2.1449,2.3478,4.536,3.18,5,1.6613,False,True,clahe,HYDROSHIP-M5-D
medium/qr_D_m6_medium_065.png,medium,0.55,6,174,65,D,HYDROSHIP-M5-D,backscatter|blur|color|ripple,0.4975,1.0676,1.031,53.9392,209.7419,0.2058,1.8149,1.4125,2.1465,2.4035,5.4403,5.315,5,1.7829,False,True,clahe,HYDROSHIP-M5-D
medium/qr_D_m6_medium_066.png,medium,0.55,6,174,66,D,HYDROSHIP-M5-D,backscatter|blur|color|ripple,0.4869,0.9746,1.0187,52.6542,186.627,0.2052,1.8262,1.5133,2.0184,2.5304,4.2273,3.0472,5,1.7523,True,True,raw,HYDROSHIP-M5-D
medium/qr_D_m6_medium_067.png,medium,0.55,6,174,67,D,HYDROSHIP-M5-D,backscatter|blur|color|ripple,0.5196,1.0731,1.1277,51.0601,188.026,0.2097,1.8413,1.3736,2.1438,2.49,4.215,0.8838,5,1.7575,False,True,clahe,HYDROSHIP-M5-D
medium/qr_D_m6_medium_068.png,medium,0.55,6,174,68,D,HYDROSHIP-M5-D,backscatter|blur|color|ripple,0.4733,1.0555,1.1313,52.6165,190.8347,0.2136,1.7573,1.5365,2.0048,2.52,1.7501,2.867,5,1.6043,False,True,cv2_fallback,HYDROSHIP-M5-D
medium/qr_D_m6_medium_069.png,medium,0.55,6,174,69,D,HYDROSHIP-M5-D,backscatter|blur|color|ripple,0.5024,1.0713,1.1095,55.7929,192.2812,0.1995,2.0411,1.4598,2.2258,2.5008,6.1618,3.4411,5,1.6764,True,True,raw,HYDROSHIP-M5-D
medium/qr_D_m6_medium_070.png,medium,0.55,6,174,70,D,HYDROSHIP-M5-D,backscatter|blur|color|ripple,0.4699,1.079,1.1806,57.9413,211.7284,0.2092,1.9728,1.4197,2.0912,2.4547,2.3216,4.2727,5,1.6157,False,True,cv2_fallback,HYDROSHIP-M5-D
medium/qr_D_m6_medium_071.png,medium,0.55,6,174,71,D,HYDROSHIP-M5-D,backscatter|blur|color|ripple,0.4541,0.9594,1.1288,52.6887,199.2846,0.2263,2.0264,1.5208,2.019,2.5043,3.7378,1.4502,5,1.5811,True,True,raw,HYDROSHIP-M5-D
medium/qr_D_m6_medium_072.png,medium,0.55,6,174,72,D,HYDROSHIP-M5-D,backscatter|blur|color|ripple,0.5211,0.9556,1.1687,54.2643,213.7705,0.203,1.7986,1.3919,1.9736,2.506,5.0522,5.6924,5,1.7767,True,True,raw,HYDROSHIP-M5-D
medium/qr_D_m6_medium_073.png,medium,0.55,6,174,73,D,HYDROSHIP-M5-D,backscatter|blur|color|ripple,0.5185,0.9461,1.1736,55.8238,201.7604,0.2136,1.7623,1.5345,1.9554,2.3005,3.2438,1.1347,5,1.74,True,True,raw,HYDROSHIP-M5-D
medium/qr_D_m6_medium_074.png,medium,0.55,6,174,74,D,HYDROSHIP-M5-D,backscatter|blur|color|ripple,0.5098,1.0653,1.0691,52.3868,191.3479,0.212,1.9627,1.3695,1.9824,2.555,1.3344,0.7387,5,1.5714,True,True,raw,HYDROSHIP-M5-D
medium/qr_D_m6_medium_075.png,medium,0.55,6,174,75,D,HYDROSHIP-M5-D,backscatter|blur|color|ripple,0.4763,1.1004,1.0463,52.5365,202.6607,0.2292,2.0386,1.4015,2.1711,2.6063,3.9779,4.2967,5,1.6362,False,True,upscale,HYDROSHIP-M5-D
medium/qr_D_m6_medium_076.png,medium,0.55,6,174,76,D,HYDROSHIP-M5-D,backscatter|blur|color|ripple,0.524,0.9939,1.0841,52.6786,185.4933,0.2081,1.7591,1.5236,2.1219,2.6272,5.7291,1.5316,5,1.7358,True,True,raw,HYDROSHIP-M5-D
medium/qr_D_m6_medium_077.png,medium,0.55,6,174,77,D,HYDROSHIP-M5-D,backscatter|blur|color|ripple,0.5247,0.9962,1.1628,54.8553,194.3735,0.216,1.953,1.5415,2.1708,2.5261,3.7605,2.7458,5,1.617,True,True,raw,HYDROSHIP-M5-D
medium/qr_D_m6_medium_078.png,medium,0.55,6,174,78,D,HYDROSHIP-M5-D,backscatter|blur|color|ripple,0.4843,0.9994,1.0363,58.2456,188.9744,0.2,1.9087,1.4314,2.1071,2.3177,6.1311,2.6982,5,1.5525,True,True,raw,HYDROSHIP-M5-D
medium/qr_D_m6_medium_079.png,medium,0.55,6,174,79,D,HYDROSHIP-M5-D,backscatter|blur|color|ripple,0.4735,1.0724,1.0788,50.7616,199.3126,0.2133,1.8164,1.4719,2.1211,2.3631,1.6085,0.5535,5,1.719,True,True,raw,HYDROSHIP-M5-D
medium/qr_D_m6_medium_080.png,medium,0.55,6,174,80,D,HYDROSHIP-M5-D,backscatter|blur|color|ripple,0.5079,0.9892,1.1012,55.6368,197.0829,0.2015,2.0226,1.449,2.2133,2.5952,1.2458,3.8265,5,1.7654,False,True,cv2_fallback,HYDROSHIP-M5-D
medium/qr_D_m6_medium_081.png,medium,0.55,6,174,81,D,HYDROSHIP-M5-D,backscatter|blur|color|ripple,0.4554,1.0707,1.1336,51.7389,206.4684,0.2178,1.9239,1.4349,1.9778,2.3693,4.7518,5.7877,5,1.7712,False,True,upscale,HYDROSHIP-M5-D
medium/qr_D_m6_medium_082.png,medium,0.55,6,174,82,D,HYDROSHIP-M5-D,backscatter|blur|color|ripple,0.5311,1.0794,1.0214,56.1921,208.9261,0.2325,1.8609,1.4142,2.2076,2.5555,0.2096,0.8824,5,1.5759,True,True,raw,HYDROSHIP-M5-D
medium/qr_D_m6_medium_083.png,medium,0.55,6,174,83,D,HYDROSHIP-M5-D,backscatter|blur|color|ripple,0.4657,1.0608,1.1067,57.3917,215.2355,0.2201,1.8998,1.4344,2.1483,2.4407,1.6783,0.2927,5,1.6289,False,True,cv2_fallback,HYDROSHIP-M5-D
deep/qr_D_m6_deep_000.png,deep,0.85,6,174,0,D,HYDROSHIP-M5-D,backscatter|blur|color|ripple,0.321,1.0637,1.0788,81.6496,183.3277,0.2905,2.935,2.2121,2.8939,3.3396,0.5973,5.8236,5,2.3186,False,False,fail,
deep/qr_D_m6_deep_001.png,deep,0.85,6,174,1,D,HYDROSHIP-M5-D,backscatter|blur|color|ripple,0.3188,1.0589,1.1784,81.6399,167.4386,0.3261,2.7762,2.2516,2.7776,3.4012,5.5821,1.7521,5,2.194,False,False,fail,
deep/qr_D_m6_deep_002.png,deep,0.85,6,174,2,D,HYDROSHIP-M5-D,backscatter|blur|color|ripple,0.2917,1.0051,1.0804,74.3826,183.4056,0.311,2.7795,2.1603,2.8866,3.3165,2.5318,1.3245,5,2.3717,False,False,fail,
deep/qr_D_m6_deep_003.png,deep,0.85,6,174,3,D,HYDROSHIP-M5-D,backscatter|blur|color|ripple,0.3201,1.0792,1.0685,76.3981,163.8613,0.3109,2.7178,2.1718,2.6093,3.2864,5.9948,3.2034,5,2.2072,False,False,fail,
deep/qr_D_m6_deep_004.png,deep,0.85,6,174,4,D,HYDROSHIP-M5-D,backscatter|blur|color|ripple,0.3042,1.0497,1.1227,82.0622,161.3148,0.3258,2.9275,2.0021,2.6415,3.2219,1.0374,1.3163,5,2.3427,False,False,fail,
deep/qr_D_m6_deep_005.png,deep,0.85,6,174,5,D,HYDROSHIP-M5-D,backscatter|blur|color|ripple,0.3047,1.1137,1.1435,73.3838,174.9571,0.3265,2.678,1.9959,2.6396,3.1269,0.2728,6.1682,5,2.2864,False,True,cv2_fallback,HYDROSHIP-M5-D
deep/qr_D_m6_deep_006.png,deep,0.85,6,174,6,D,HYDROSHIP-M5-D,backscatter|blur|color|ripple,0.2869,0.9822,1.1469,75.0675,168.4902,0.2974,2.7889,2.0897,2.8077,3.3077,2.9727,2.8038,5,2.4415,False,False,fail,
deep/qr_D_m6_deep_007.png,deep,0.85,6,174,7,D,HYDROSHIP-M5-D,backscatter|blur|color|ripple,0.2843,1.0842,1.0971,75.2085,179.8123,0.2895,2.7508,2.1811,2.5217,2.929,0.0826,1.3589,5,2.2869,False,False,fail,
deep/qr_D_m6_deep_008.png,deep,0.85,6,174,8,D,HYDROSHIP-M5-D,backscatter|blur|color|ripple,0.311,1.085,1.0627,81.6886,176.0838,0.3245,2.7556,2.242,2.7463,3.103,4.8374,4.1938,5,2.3858,False,False,fail,
deep/qr_D_m6_deep_009.png,deep,0.85,6,174,9,D,HYDROSHIP-M5-D,backscatter|blur|color|ripple,0.2919,1.1061,1.1007,82.4564,164.9402,0.3206,2.9596,2.0695,2.5768,2.9218,1.8492,1.5057,5,2.3513,True,True,raw,HYDROSHIP-M5-D
deep/qr_D_m6_deep_010.png,deep,0.85,6,174,10,D,HYDROSHIP-M5-D,backscatter|blur|color|ripple,0.2994,1.0414,1.1545,74.8333,161.9078,0.3073,2.6437,2.135,2.5206,3.0545,2.5673,2.2241,5,2.4524,False,False,fail,
deep/qr_D_m6_deep_011.png,deep,0.85,6,174,11,D,HYDROSHIP-M5-D,backscatter|blur|color|ripple,0.3051,1.1082,1.2121,73.8837,182.7626,0.3079,2.884,2.2575,2.5842,2.9124,2.2621,0.288,5,2.1962,False,False,fail,
deep/qr_D_m6_deep_012.png,deep,0.85,6,174,12,D,HYDROSHIP-M5-D,backscatter|blur|color|ripple,0.3133,1.0648,1.0991,79.9701,161.9646,0.3133,2.585,2.0206,2.581,3.4038,5.5931,2.8239,5,2.2476,False,False,fail,
deep/qr_D_m6_deep_013.png,deep,0.85,6,174,13,D,HYDROSHIP-M5-D,backscatter|blur|color|ripple,0.3205,0.9895,1.1346,80.6132,187.528,0.2887,2.8389,2.0943,2.617,2.9255,2.8597,5.4761,5,2.1167,False,False,fail,
deep/qr_D_m6_deep_014.png,deep,0.85,6,174,14,D,HYDROSHIP-M5-D,backscatter|blur|color|ripple,0.2829,1.0051,1.0856,78.4662,171.5217,0.3166,2.642,2.275,2.8377,3.0884,5.6256,1.9459,5,2.3384,False,False,fail,
deep/qr_D_m6_deep_015.png,deep,0.85,6,174,15,D,HYDROSHIP-M5-D,backscatter|blur|color|ripple,0.2896,1.0345,1.148,76.5793,180.1763,0.3341,2.9052,2.1937,2.5453,3.26,3.705,3.0463,5,2.3784,False,False,fail,
deep/qr_D_m6_deep_016.png,deep,0.85,6,174,16,D,HYDROSHIP-M5-D,backscatter|blur|color|ripple,0.3023,1.0252,1.1408,79.3103,182.0471,0.2888,2.9331,2.1252,2.811,3.0427,4.9127,3.1501,5,2.1727,False,False,fail,
deep/qr_D_m6_deep_017.png,deep,0.85,6,174,17,D,HYDROSHIP-M5-D,backscatter|blur|color|ripple,0.3171,1.1232,1.0829,80.8056,177.2473,0.2913,2.8456,2.0254,2.8099,3.3798,3.2621,0.6364,5,2.4298,False,False,fail,
deep/qr_D_m6_deep_018.png,deep,0.85,6,174,18,D,HYDROSHIP-M5-D,backscatter|blur|color|ripple,0.2794,1.0006,1.1972,83.274,188.4692,0.3045,2.9148,2.0032,2.8578,3.0909,2.0186,5.1798,5,2.3199,False,False,fail,
deep/qr_D_m6_deep_019.png,deep,0.85,6,174,19,D,HYDROSHIP-M5-D,backscatter|blur|color|ripple,0.308,1.0432,1.1739,74.3603,188.1205,0.2892,2.9366,2.043,2.6796,3.3264,3.5508,2.4834,5,2.1371,False,False,fail,
deep/qr_D_m6_deep_020.png,deep,0.85,6,174,20,D,HYDROSHIP-M5-D,backscatter|blur|color|ripple,0.3018,1.1007,1.1672,83.9684,184.5174,0.3317,2.6441,2.1197,2.7499,3.0739,5.9031,1.7157,5,2.1083,False,False,fail,
deep/qr_D_m6_deep_021.png,deep,0.85,6,174,21,D,HYDROSHIP-M5-D,backscatter|blur|color|ripple,0.2806,1.0863,1.1007,83.5523,185.9094,0.3042,2.8529,2.2053,2.821,3.2877,3.7981,4.3992,5,2.303,False,False,fail,
deep/qr_D_m6_deep_022.png,deep,0.85,6,174,22,D,HYDROSHIP-M5-D,backscatter|blur|color|ripple,0.2986,1.0507,1.2183,78.8801,163.7399,0.3114,2.8171,2.1954,2.7917,3.1002,1.6869,2.6789,5,2.1604,False,True,clahe,HYDROSHIP-M5-D
deep/qr_D_m6_deep_023.png,deep,0.85,6,174,23,D,HYDROSHIP-M5-D,backscatter|blur|color|ripple,0.2887,1.0473,1.0685,79.8747,165.0416,0.304,2.9383,2.2033,2.5748,2.9415,4.7903,3.5393,5,2.3283,True,True,raw,HYDROSHIP-M5-D
deep/qr_D_m6_deep_024.png,deep,0.85,6,174,24,D,HYDROSHIP-M5-D,backscatter|blur|color|ripple,0.2761,0.9956,1.2148,82.9145,171.603,0.3196,2.6619,2.2565,2.7384,3.3231,1.5149,6.0476,5,2.4408,True,True,raw,HYDROSHIP-M5-D
deep/qr_D_m6_deep_025.png,deep,0.85,6,174,25,D,HYDROSHIP-M5-D,backscatter|blur|color|ripple,0.2902,1.0184,1.1267,78.3238,179.4383,0.3171,2.9124,2.3176,2.7174,2.9918,2.118,5.7428,5,2.1518,False,True,cv2_fallback,HYDROSHIP-M5-D
deep/qr_D_m6_deep_026.png,deep,0.85,6,174,26,D,HYDROSHIP-M5-D,backscatter|blur|color|ripple,0.28,1.0219,1.0809,73.5341,173.7506,0.2884,2.7727,2.1363,2.9133,2.9421,1.3096,5.5365,5,2.3481,False,False,fail,
deep/qr_D_m6_deep_027.png,deep,0.85,6,174,27,D,HYDROSHIP-M5-D,backscatter|blur|color|ripple,0.2892,1.0247,1.1664,75.7444,164.2365,0.2875,2.9704,2.2966,2.5047,2.9701,0.6163,5.343,5,2.2861,False,False,fail,
deep/qr_D_m6_deep_028.png,deep,0.85,6,174,28,D,HYDROSHIP-M5-D,backscatter|blur|color|ripple,0.313,1.0391,1.1567,75.7808,178.0967,0.3055,2.7855,2.2607,2.4877,3.2214,0.7222,0.5895,5,2.4525,False,False,fail,
deep/qr_D_m6_deep_029.png,deep,0.85,6,174,29,D,HYDROSHIP-M5-D,backscatter|blur|color|ripple,0.2795,1.0192,1.1708,84.8997,168.5837,0.3349,2.6841,2.2913,2.5954,3.1084,5.8603,2.3134,5,2.3513,False,False,fail,
deep/qr_D_m6_deep_030.png,deep,0.85,6,174,30,D,HYDROSHIP-M5-D,backscatter|blur|color|ripple,0.2924,0.9842,1.1797,73.6237,186.9511,0.319,2.6165,2.0933,2.595,3.3349,0.6096,5.5345,5,2.4022,False,True,cv2_fallback,HYDROSHIP-M5-D
deep/qr_D_m6_deep_031.png,deep,0.85,6,174,31,D,HYDROSHIP-M5-D,backscatter|blur|color|ripple,0.2839,1.1047,1.1987,74.6264,185.8072,0.2903,2.9695,2.0591,2.6383,3.0355,3.8351,2.6412,5,2.3885,False,False,fail,
deep/qr_D_m6_deep_032.png,deep,0.85,6,174,32,D,HYDROSHIP-M5-D,backscatter|blur|color|ripple,0.3194,1.1095,1.137,76.2899,175.8364,0.3166,2.8389,2.2209,2.9061,3.3014,2.9707,3.7158,5,2.4629,False,False,fail,
deep/qr_D_m6_deep_033.png,deep,0.85,6,174,33,D,HYDROSHIP-M5-D,backscatter|blur|color|ripple,0.3056,1.0907,1.0995,83.9417,169.7613,0.2881,2.566,2.1662,2.7163,2.9309,6.0546,3.7456,5,2.4637,False,False,fail,
deep/qr_D_m6_deep_034.png,deep,0.85,6,174,34,D,HYDROSHIP-M5-D,backscatter|blur|color|ripple,0.2912,1.0586,1.1748,79.409,177.49,0.3191,2.8679,2.2984,2.8942,3.1841,0.8991,4.6219,5,2.2221,False,False,fail,
deep/qr_D_m6_deep_035.png,deep,0.85,6,174,35,D,HYDROSHIP-M5-D,backscatter|blur|color|ripple,0.3122,1.0352,1.1797,83.2301,169.5007,0.3154,2.7135,2.0794,2.7446,3.1947,4.209,1.1424,5,2.3857,True,True,raw,HYDROSHIP-M5-D
deep/qr_D_m6_deep_036.png,deep,0.85,6,174,36,D,HYDROSHIP-M5-D,backscatter|blur|color|ripple,0.2941,1.0671,1.0833,75.0522,161.6212,0.3148,2.6106,2.1639,2.5728,2.9682,0.9558,1.2162,5,2.4023,False,True,cv2_fallback,HYDROSHIP-M5-D
deep/qr_D_m6_deep_037.png,deep,0.85,6,174,37,D,HYDROSHIP-M5-D,backscatter|blur|color|ripple,0.2773,1.0528,1.1564,80.0305,168.9888,0.3261,2.8143,2.0958,2.5727,2.9883,4.5948,2.0956,5,2.1181,True,True,raw,HYDROSHIP-M5-D
deep/qr_D_m6_deep_038.png,deep,0.85,6,174,38,D,HYDROSHIP-M5-D,backscatter|blur|color|ripple,0.2895,1.0748,1.0999,80.9142,174.4292,0.3073,2.5724,2.2743,2.8167,3.253,4.5429,0.842,5,2.3056,False,False,fail,
deep/qr_D_m6_deep_039.png,deep,0.85,6,174,39,D,HYDROSHIP-M5-D,backscatter|blur|color|ripple,0.3145,1.0185,1.1074,73.0816,172.109,0.2952,2.8764,2.1682,2.9096,3.2296,1.02,0.1087,5,2.4497,False,True,clahe,HYDROSHIP-M5-D
deep/qr_D_m6_deep_040.png,deep,0.85,6,174,40,D,HYDROSHIP-M5-D,backscatter|blur|color|ripple,0.2897,1.0734,1.1471,85.6352,176.3325,0.3005,2.5691,2.3074,2.5973,3.2021,2.7835,4.8966,5,2.3228,False,False,fail,
deep/qr_D_m6_deep_041.png,deep,0.85,6,174,41,D,HYDROSHIP-M5-D,backscatter|blur|color|ripple,0.3104,1.0388,1.0704,77.5009,180.8454,0.3332,2.5935,2.2379,2.5419,2.9568,2.46,1.3968,5,2.1431,False,False,fail,
deep/qr_D_m6_deep_042.png,deep,0.85,6,174,42,D,HYDROSHIP-M5-D,backscatter|blur|color|ripple,0.3139,1.0382,1.0891,77.0707,187.4888,0.3128,2.6637,2.0411,2.8189,3.3954,4.4295,6.078,5,2.1762,False,False,fail,
deep/qr_D_m6_deep_043.png,deep,0.85,6,174,43,D,HYDROSHIP-M5-D,backscatter|blur|color|ripple,0.2757,1.0879,1.102,79.3151,186.7888,0.2987,2.581,2.1034,2.7396,3.206,3.9727,4.9745,5,2.2444,False,False,fail,
deep/qr_D_m6_deep_044.png,deep,0.85,6,174,44,D,HYDROSHIP-M5-D,backscatter|blur|color|ripple,0.2963,1.0129,1.1024,83.1685,174.3668,0.3018,2.6005,2.1316,2.8334,3.3063,4.2869,2.3932,5,2.1769,True,True,raw,HYDROSHIP-M5-D
deep/qr_D_m6_deep_045.png,deep,0.85,6,174,45,D,HYDROSHIP-M5-D,backscatter|blur|color|ripple,0.2784,1.1216,1.0613,85.7448,185.4845,0.3359,2.5819,2.0627,2.7579,3.3303,0.09,2.9622,5,2.2412,False,False,fail,
deep/qr_D_m6_deep_046.png,deep,0.85,6,174,46,D,HYDROSHIP-M5-D,backscatter|blur|color|ripple,0.315,0.9643,1.2127,82.5772,177.6901,0.3207,2.9381,2.2775,2.5896,3.2948,0.3456,4.3873,5,2.4065,False,False,fail,
deep/qr_D_m6_deep_047.png,deep,0.85,6,174,47,D,HYDROSHIP-M5-D,backscatter|blur|color|ripple,0.2929,1.1133,1.2407,84.7291,169.1601,0.2969,2.7142,2.1999,2.8968,2.9125,3.4129,3.0147,5,2.4252,False,False,fail,
deep/qr_D_m6_deep_048.png,deep,0.85,6,174,48,D,HYDROSHIP-M5-D,backscatter|blur|color|ripple,0.2891,1.0765,1.1233,85.2031,166.3916,0.2909,2.9054,2.2061,2.7989,3.0492,3.0249,3.6023,5,2.3507,False,False,fail,
deep/qr_D_m6_deep_049.png,deep,0.85,6,174,49,D,HYDROSHIP-M5-D,backscatter|blur|color|ripple,0.3136,1.0545,1.1436,76.3476,183.8201,0.2929,2.6035,2.3172,2.51,3.2731,5.6699,4.8632,5,2.2158,False,False,fail,
deep/qr_D_m6_deep_050.png,deep,0.85,6,174,50,D,HYDROSHIP-M5-D,backscatter|blur|color|ripple,0.2994,1.1006,1.1364,77.9711,177.0179,0.3055,2.7147,2.2741,2.7087,3.0113,4.5467,5.9485,5,2.238,True,True,raw,HYDROSHIP-M5-D
deep/qr_D_m6_deep_051.png,deep,0.85,6,174,51,D,HYDROSHIP-M5-D,backscatter|blur|color|ripple,0.3066,1.0089,1.0993,80.6256,161.9351,0.3292,2.9798,2.0381,2.5898,3.0989,4.4455,5.8958,5,2.2087,True,True,raw,HYDROSHIP-M5-D
deep/qr_D_m6_deep_052.png,deep,0.85,6,174,52,D,HYDROSHIP-M5-D,backscatter|blur|color|ripple,0.2959,0.9834,1.0876,77.7223,163.6247,0.2903,2.7184,2.2527,2.8644,2.9106,1.7002,0.6792,5,2.1297,False,False,fail,
deep/qr_D_m6_deep_053.png,deep,0.85,6,174,53,D,HYDROSHIP-M5-D,backscatter|blur|color|ripple,0.2847,1.0293,1.1896,73.3124,181.0579,0.3242,2.6821,2.0523,2.5163,3.2625,1.3785,3.4198,5,2.1769,False,True,cv2_fallback,HYDROSHIP-M5-D
deep/qr_D_m6_deep_054.png,deep,0.85,6,174,54,D,HYDROSHIP-M5-D,backscatter|blur|color|ripple,0.3054,1.093,1.0889,73.6672,185.2471,0.3229,2.5559,1.9853,2.6232,3.1705,2.3435,1.4989,5,2.2669,False,False,fail,
deep/qr_D_m6_deep_055.png,deep,0.85,6,174,55,D,HYDROSHIP-M5-D,backscatter|blur|color|ripple,0.301,1.0138,1.1133,79.7275,188.4935,0.3317,2.6555,2.2045,2.5089,3.306,1.1208,5.3182,5,2.1268,False,True,cv2_fallback,HYDROSHIP-M5-D
deep/qr_D_m6_deep_056.png,deep,0.85,6,174,56,D,HYDROSHIP-M5-D,backscatter|blur|color|ripple,0.2811,1.1218,1.1234,78.8663,184.7438,0.3322,2.6867,2.2043,2.5637,3.1761,6.1924,0.0704,5,2.3218,False,False,fail,
deep/qr_D_m6_deep_057.png,deep,0.85,6,174,57,D,HYDROSHIP-M5-D,backscatter|blur|color|ripple,0.2772,1.1167,1.1655,79.7445,183.4697,0.3155,2.6704,2.3001,2.7284,3.2856,2.3536,2.5672,5,2.1572,False,False,fail,
deep/qr_D_m6_deep_058.png,deep,0.85,6,174,58,D,HYDROSHIP-M5-D,backscatter|blur|color|ripple,0.2864,1.0983,1.0668,74.0626,180.2217,0.3313,2.7538,2.2863,2.7001,3.3273,5.2615,5.8503,5,2.1382,False,False,fail,
deep/qr_D_m6_deep_059.png,deep,0.85,6,174,59,D,HYDROSHIP-M5-D,backscatter|blur|color|ripple,0.2969,0.9999,1.1677,76.0076,161.7654,0.3109,2.68,2.1124,2.7853,2.9112,0.4499,0.332,5,2.4605,False,True,cv2_fallback,HYDROSHIP-M5-D
deep/qr_D_m6_deep_060.png,deep,0.85,6,174,60,D,HYDROSHIP-M5-D,backscatter|blur|color|ripple,0.3056,1.0948,1.1582,74.8258,164.9151,0.3195,2.9128,2.0762,2.4878,2.9145,5.3001,3.2755,5,2.1186,True,True,raw,HYDROSHIP-M5-D
deep/qr_D_m6_deep_061.png,deep,0.85,6,174,61,D,HYDROSHIP-M5-D,backscatter|blur|color|ripple,0.2853,1.1025,1.1124,81.0627,187.5183,0.2951,2.9517,2.2539,2.7617,3.1695,3.2243,4.1866,5,2.248,False,False,fail,
deep/qr_D_m6_deep_062.png,deep,0.85,6,174,62,D,HYDROSHIP-M5-D,backscatter|blur|color|ripple,0.293,1.0404,1.196,80.2751,178.0704,0.324,2.813,2.2086,2.5193,3.2722,3.4142,3.6387,5,2.2235,False,False,fail,
deep/qr_D_m6_deep_063.png,deep,0.85,6,174,63,D,HYDROSHIP-M5-D,backscatter|blur|color|ripple,0.317,0.988,1.1878,73.1842,169.6154,0.3172,2.8639,2.0233,2.8752,3.3026,3.5506,5.2258,5,2.1252,False,True,upscale,HYDROSHIP-M5-D
deep/qr_D_m6_deep_064.png,deep,0.85,6,174,64,D,HYDROSHIP-M5-D,backscatter|blur|color|ripple,0.2777,1.0771,1.2306,73.5485,173.6193,0.3369,2.8989,2.2913,2.4912,3.251,0.1712,3.3802,5,2.3088,False,False,fail,
deep/qr_D_m6_deep_065.png,deep,0.85,6,174,65,D,HYDROSHIP-M5-D,backscatter|blur|color|ripple,0.2919,1.0796,1.2252,78.0493,172.5387,0.3229,2.68,2.1553,2.6274,2.9227,6.1603,1.7756,5,2.2595,False,False,fail,
deep/qr_D_m6_deep_066.png,deep,0.85,6,174,66,D,HYDROSHIP-M5-D,backscatter|blur|color|ripple,0.3049,0.9692,1.1809,85.3375,183.2172,0.3114,2.7353,2.066,2.716,2.9225,1.2523,0.8555,5,2.117,True,True,raw,HYDROSHIP-M5-D
deep/qr_D_m6_deep_067.png,deep,0.85,6,174,67,D,HYDROSHIP-M5-D,backscatter|blur|color|ripple,0.2832,1.0899,1.2435,76.2151,188.1571,0.306,2.6034,2.3195,2.836,3.3265,1.729,6.0437,5,2.1213,False,False,fail,
deep/qr_D_m6_deep_068.png,deep,0.85,6,174,68,D,HYDROSHIP-M5-D,backscatter|blur|color|ripple,0.3063,0.9596,1.0806,85.5195,164.1171,0.3312,2.5773,2.2418,2.5532,3.1256,6.1845,2.4023,5,2.1873,False,True,cv2_fallback,HYDROSHIP-M5-D
deep/qr_D_m6_deep_069.png,deep,0.85,6,174,69,D,HYDROSHIP-M5-D,backscatter|blur|color|ripple,0.3059,1.0183,1.1969,73.6189,187.6377,0.3187,2.5525,2.1946,2.6869,3.3716,3.9216,1.4058,5,2.4502,True,True,raw,HYDROSHIP-M5-D
deep/qr_D_m6_deep_070.png,deep,0.85,6,174,70,D,HYDROSHIP-M5-D,backscatter|blur|color|ripple,0.2796,1.1033,1.0965,81.6077,173.904,0.3229,2.5483,2.2422,2.8006,2.977,2.8226,0.6442,5,2.1607,False,False,fail,
deep/qr_D_m6_deep_071.png,deep,0.85,6,174,71,D,HYDROSHIP-M5-D,backscatter|blur|color|ripple,0.2979,1.054,1.1143,73.3391,176.2867,0.2965,2.6802,2.0979,2.8076,2.9664,3.7878,2.4592,5,2.3284,False,False,fail,
deep/qr_D_m6_deep_072.png,deep,0.85,6,174,72,D,HYDROSHIP-M5-D,backscatter|blur|color|ripple,0.3112,0.9599,1.2425,80.2928,179.99,0.3339,2.5656,2.0469,2.4844,3.0419,0.9119,2.0112,5,2.4677,False,False,fail,
deep/qr_D_m6_deep_073.png,deep,0.85,6,174,73,D,HYDROSHIP-M5-D,backscatter|blur|color|ripple,0.3085,1.036,1.1345,74.5203,182.4053,0.3324,2.8123,2.1819,2.8938,3.3956,2.4842,0.9596,5,2.4589,False,False,fail,
deep/qr_D_m6_deep_074.png,deep,0.85,6,174,74,D,HYDROSHIP-M5-D,backscatter|blur|color|ripple,0.3172,1.0334,1.1533,81.2708,164.1687,0.2969,2.8089,2.0017,2.7918,3.1331,0.1829,0.4075,5,2.2856,False,True,cv2_fallback,HYDROSHIP-M5-D
deep/qr_D_m6_deep_075.png,deep,0.85,6,174,75,D,HYDROSHIP-M5-D,backscatter|blur|color|ripple,0.2948,1.0176,1.1929,74.2357,188.0982,0.2922,2.8818,2.2744,2.5491,3.1652,2.0087,5.1174,5,2.1829,True,True,raw,HYDROSHIP-M5-D
deep/qr_D_m6_deep_076.png,deep,0.85,6,174,76,D,HYDROSHIP-M5-D,backscatter|blur|color|ripple,0.2874,1.1136,1.2186,79.1812,178.6433,0.2972,2.7747,2.1164,2.5751,3.065,4.2944,3.6798,5,2.2446,False,True,cv2_fallback,HYDROSHIP-M5-D
deep/qr_D_m6_deep_077.png,deep,0.85,6,174,77,D,HYDROSHIP-M5-D,backscatter|blur|color|ripple,0.2832,1.1074,1.2264,84.0249,165.071,0.2892,2.7046,2.2317,2.8796,3.236,4.5988,4.3076,5,2.3601,False,False,fail,
deep/qr_D_m6_deep_078.png,deep,0.85,6,174,78,D,HYDROSHIP-M5-D,backscatter|blur|color|ripple,0.3089,1.0604,1.1628,77.5505,165.3556,0.3204,2.5729,2.2821,2.5618,2.9283,1.6897,3.0536,5,2.1329,True,True,raw,HYDROSHIP-M5-D
deep/qr_D_m6_deep_079.png,deep,0.85,6,174,79,D,HYDROSHIP-M5-D,backscatter|blur|color|ripple,0.298,0.9724,1.0665,73.3766,174.6872,0.3159,2.7465,2.2488,2.6145,3.3978,1.7056,5.4392,5,2.45,True,True,raw,HYDROSHIP-M5-D
deep/qr_D_m6_deep_080.png,deep,0.85,6,174,80,D,HYDROSHIP-M5-D,backscatter|blur|color|ripple,0.305,1.0043,1.0707,81.6479,183.0241,0.3007,2.711,2.0696,2.6832,3.3855,5.3476,3.687,5,2.2016,False,False,fail,
deep/qr_D_m6_deep_081.png,deep,0.85,6,174,81,D,HYDROSHIP-M5-D,backscatter|blur|color|ripple,0.3017,1.0573,1.245,79.4492,167.4998,0.2881,2.61,2.0673,2.7627,3.3124,5.3335,3.5989,5,2.4244,False,False,fail,
deep/qr_D_m6_deep_082.png,deep,0.85,6,174,82,D,HYDROSHIP-M5-D,backscatter|blur|color|ripple,0.2935,1.0512,1.2414,79.9807,173.4628,0.2912,2.5785,2.0884,2.8508,2.9798,3.6286,6.0994,5,2.1387,False,True,cv2_fallback,HYDROSHIP-M5-D
deep/qr_D_m6_deep_083.png,deep,0.85,6,174,83,D,HYDROSHIP-M5-D,backscatter|blur|color|ripple,0.3126,0.9952,1.1801,74.0763,164.8674,0.3316,2.8758,2.1008,2.8015,3.3175,4.0318,1.7786,5,2.3051,True,True,raw,HYDROSHIP-M5-D
shallow/qr_D_m8_shallow_000.png,shallow,0.25,8,232,0,D,HYDROSHIP-M5-D,backscatter|blur|color|ripple,0.635,1.063,1.0101,29.7306,226.3109,0.1164,1.0087,0.7756,1.4954,1.6989,5.7058,1.8807,3,1.0789,True,True,raw,HYDROSHIP-M5-D
shallow/qr_D_m8_shallow_001.png,shallow,0.25,8,232,1,D,HYDROSHIP-M5-D,backscatter|blur|color|ripple,0.7221,0.9956,1.029,28.1844,243.6313,0.1211,1.0933,0.7885,1.4617,1.7397,4.6409,3.1686,3,1.0955,True,True,raw,HYDROSHIP-M5-D
shallow/qr_D_m8_shallow_002.png,shallow,0.25,8,232,2,D,HYDROSHIP-M5-D,backscatter|blur|color|ripple,0.6635,1.0892,0.9994,30.5296,213.8369,0.1199,1.0341,0.7204,1.5611,1.7101,0.7364,3.4769,3,1.0249,True,True,raw,HYDROSHIP-M5-D
shallow/qr_D_m8_shallow_003.png,shallow,0.25,8,232,3,D,HYDROSHIP-M5-D,backscatter|blur|color|ripple,0.7182,0.9901,1.0979,28.7776,240.6924,0.1224,1.0721,0.7966,1.4199,1.8813,0.0575,5.0229,3,1.0179,True,True,raw,HYDROSHIP-M5-D
shallow/qr_D_m8_shallow_004.png,shallow,0.25,8,232,4,D,HYDROSHIP-M5-D,backscatter|blur|color|ripple,0.6391,0.9634,0.9883,30.4161,234.8042,0.129,0.9884,0.7676,1.6192,1.892,4.9494,0.3221,3,1.1059,True,True,raw,HYDROSHIP-M5-D
shallow/qr_D_m8_shallow_005.png,shallow,0.25,8,232,5,D,HYDROSHIP-M5-D,backscatter|blur|color|ripple,0.736,0.9424,1.0647,28.2251,214.0362,0.115,1.0335,0.7138,1.5647,1.6591,0.2911,1.8679,3,1.104,True,True,raw,HYDROSHIP-M5-D
shallow/qr_D_m8_shallow_006.png,shallow,0.25,8,232,6,D,HYDROSHIP-M5-D,backscatter|blur|color|ripple,0.6455,0.9945,1.0579,30.8906,242.3175,0.117,0.9988,0.786,1.4699,1.7273,2.7302,6.1596,3,0.9435,True,True,raw,HYDROSHIP-M5-D
shallow/qr_D_m8_shallow_007.png,shallow,0.25,8,232,7,D,HYDROSHIP-M5-D,backscatter|blur|color|ripple,0.6983,1.0524,1.0494,27.9479,211.7191,0.1184,1.057,0.8292,1.501,1.8154,1.0747,4.6336,3,0.9893,True,True,raw,HYDROSHIP-M5-D
shallow/qr_D_m8_shallow_008.png,shallow,0.25,8,232,8,D,HYDROSHIP-M5-D,backscatter|blur|color|ripple,0.6921,1.0156,1.0943,26.6833,243.0277,0.1192,0.9675,0.7641,1.5078,1.782,6.144,3.9075,3,1.0558,True,True,raw,HYDROSHIP-M5-D
shallow/qr_D_m8_shallow_009.png,shallow,0.25,8,232,9,D,HYDROSHIP-M5-D,backscatter|blur|color|ripple,0.6585,0.9567,1.0977,28.7569,225.5019,0.1217,1.0137,0.7237,1.5956,1.7512,1.8197,2.2373,3,1.0472,True,True,raw,HYDROSHIP-M5-D
shallow/qr_D_m8_shallow_010.png,shallow,0.25,8,232,10,D,HYDROSHIP-M5-D,backscatter|blur|color|ripple,0.6704,1.0843,1.0004,27.6422,232.0961,0.1248,1.0131,0.7551,1.542,1.9117,5.406,1.9063,3,0.9684,True,True,raw,HYDROSHIP-M5-D
shallow/qr_D_m8_shallow_011.png,shallow,0.25,8,232,11,D,HYDROSHIP-M5-D,backscatter|blur|color|ripple,0.6686,0.962,1.0967,30.6803,237.0751,0.1181,1.0368,0.7263,1.4511,1.6985,2.7112,3.8872,3,1.0665,True,True,raw,HYDROSHIP-M5-D
shallow/qr_D_m8_shallow_012.png,shallow,0.25,8,232,12,D,HYDROSHIP-M5-D,backscatter|blur|color|ripple,0.6926,1.08,1.072,27.1699,210.6226,0.1211,0.9742,0.7617,1.4924,1.7986,0.1401,2.6621,3,1.0421,True,True,raw,HYDROSHIP-M5-D
shallow/qr_D_m8_shallow_013.png,shallow,0.25,8,232,13,D,HYDROSHIP-M5-D,backscatter|blur|color|ripple,0.7225,0.9422,1.0662,30.4366,238.3953,0.1258,1.0642,0.7138,1.5862,1.776,1.5874,0.4133,3,0.961,True,True,raw,HYDROSHIP-M5-D
shallow/qr_D_m8_shallow_014.png,shallow,0.25,8,232,14,D,HYDROSHIP-M5-D,backscatter|blur|color|ripple,0.7068,1.0198,1.0245,29.4974,234.0978,0.1129,0.9964,0.7794,1.5818,1.7387,5.3131,6.2295,3,1.0645,True,True,raw,HYDROSHIP-M5-D
shallow/qr_D_m8_shallow_015.png,shallow,0.25,8,232,15,D,HYDROSHIP-M5-D,backscatter|blur|color|ripple,0.7417,0.9953,0.9689,30.713,219.5447,0.1276,0.9785,0.8061,1.5091,1.8443,1.536,2.8799,3,0.9646,True,True,raw,HYDROSHIP-M5-D
shallow/qr_D_m8_shallow_016.png,shallow,0.25,8,232,16,D,HYDROSHIP-M5-D,backscatter|blur|color|ripple,0.7129,0.9518,1.0351,26.9068,212.3794,0.1145,0.9853,0.7564,1.5984,1.8823,1.6187,1.1152,3,1.0028,True,True,raw,HYDROSHIP-M5-D
shallow/qr_D_m8_shallow_017.png,shallow,0.25,8,232,17,D,HYDROSHIP-M5-D,backscatter|blur|color|ripple,0.6796,1.0071,1.0285,30.4273,231.7428,0.1232,1.0312,0.7227,1.5781,1.7984,5.8806,3.839,3,1.0336,True,True,raw,HYDROSHIP-M5-D
shallow/qr_D_m8_shallow_018.png,shallow,0.25,8,232,18,D,HYDROSHIP-M5-D,backscatter|blur|color|ripple,0.707,0.9334,0.9811,27.0891,240.7855,0.1274,1.0976,0.7552,1.4208,1.7313,4.4244,0.519,3,0.9437,True,True,raw,HYDROSHIP-M5-D
shallow/qr_D_m8_shallow_019.png,shallow,0.25,8,232,19,D,HYDROSHIP-M5-D,backscatter|blur|color|ripple,0.6657,0.9621,0.9875,31.0649,212.8164,0.1133,0.9595,0.8249,1.4591,1.6767,5.473,2.9869,3,0.9442,True,True,raw,HYDROSHIP-M5-D
shallow/qr_D_m8_shallow_020.png,shallow,0.25,8,232,20,D,HYDROSHIP-M5-D,backscatter|blur|color|ripple,0.6736,1.0667,0.9895,29.9811,208.6421,0.1205,0.9776,0.771,1.3878,1.9097,3.512,6.2154,3,1.0937,True,True,raw,HYDROSHIP-M5-D
shallow/qr_D_m8_shallow_021.png,shallow,0.25,8,232,21,D,HYDROSHIP-M5-D,backscatter|blur|color|ripple,0.6927,0.9972,1.0329,28.6979,223.5734,0.1272,1.1044,0.7344,1.4603,1.8897,2.2959,5.5388,3,1.052,True,True,raw,HYDROSHIP-M5-D
shallow/qr_D_m8_shallow_022.png,shallow,0.25,8,232,22,D,HYDROSHIP-M5-D,backscatter|blur|color|ripple,0.7138,1.0451,1.0319,29.8595,227.0089,0.1146,0.9482,0.7206,1.4188,1.8204,2.4497,1.6278,3,0.9488,True,True,raw,HYDROSHIP-M5-D
shallow/qr_D_m8_shallow_023.png,shallow,0.25,8,232,23,D,HYDROSHIP-M5-D,backscatter|blur|color|ripple,0.6997,0.9587,1.0042,28.7781,237.8774,0.1231,0.9745,0.7387,1.4569,1.7541,2.525,1.3912,3,1.0668,True,True,raw,HYDROSHIP-M5-D
shallow/qr_D_m8_shallow_024.png,shallow,0.25,8,232,24,D,HYDROSHIP-M5-D,backscatter|blur|color|ripple,0.7054,1.0561,0.9881,28.9158,220.0557,0.1201,1.0867,0.7204,1.5046,1.7488,0.9184,3.631,3,1.0426,True,True,raw,HYDROSHIP-M5-D
shallow/qr_D_m8_shallow_025.png,shallow,0.25,8,232,25,D,HYDROSHIP-M5-D,backscatter|blur|color|ripple,0.6907,1.0212,1.0463,27.1505,235.8826,0.1225,0.9715,0.7697,1.5094,1.8503,1.0751,0.3745,3,0.9855,True,True,raw,HYDROSHIP-M5-D
shallow/qr_D_m8_shallow_026.png,shallow,0.25,8,232,26,D,HYDROSHIP-M5-D,backscatter|blur|color|ripple,0.7238,0.9692,0.9722,27.3488,213.1659,0.1134,1.0477,0.8086,1.5509,1.7101,0.1958,0.391,3,0.9527,True,True,raw,HYDROSHIP-M5-D
shallow/qr_D_m8_shallow_027.png,shallow,0.25,8,232,27,D,HYDROSHIP-M5-D,backscatter|blur|color|ripple,0.6625,0.9681,1.0917,29.3194,237.6211,0.1264,0.9602,0.7614,1.5743,1.6417,4.524,3.6104,3,1.0559,True,True,raw,HYDROSHIP-M5-D
shallow/qr_D_m8_shallow_028.png,shallow,0.25,8,232,28,D,HYDROSHIP-M5-D,backscatter|blur|color|ripple,0.7098,1.026,1.1119,28.2652,235.458,0.1227,1.1025,0.832,1.4323,1.8013,0.0826,1.9788,3,1.0294,True,True,raw,HYDROSHIP-M5-D
shallow/qr_D_m8_shallow_029.png,shallow,0.25,8,232,29,D,HYDROSHIP-M5-D,backscatter|blur|color|ripple,0.6854,1.0266,0.9906,31.1921,224.0769,0.1177,1.0033,0.7267,1.541,1.8001,5.3159,5.2005,3,1.0141,True,True,raw,HYDROSHIP-M5-D
shallow/qr_D_m8_shallow_030.png,shallow,0.25,8,232,30,D,HYDROSHIP-M5-D,backscatter|blur|color|ripple,0.68,1.0249,1.1236,29.2915,210.1057,0.1172,1.0703,0.7296,1.5156,1.678,5.2762,4.2449,3,1.0939,True,True,raw,HYDROSHIP-M5-D
shallow/qr_D_m8_shallow_031.png,shallow,0.25,8,232,31,D,HYDROSHIP-M5-D,backscatter|blur|color|ripple,0.7369,1.0355,1.0181,26.7821,225.599,0.1215,0.9846,0.7833,1.4014,1.7641,5.7893,0.2271,3,1.088,True,True,raw,HYDROSHIP-M5-D
shallow/qr_D_m8_shallow_032.png,shallow,0.25,8,232,32,D,HYDROSHIP-M5-D,backscatter|blur|color|ripple,0.6682,1.0092,1.0113,29.5187,237.4013,0.1121,1.0349,0.7471,1.6144,1.8461,3.9282,3.3085,3,1.0521,True,True,raw,HYDROSHIP-M5-D
shallow/qr_D_m8_shallow_033.png,shallow,0.25,8,232,33,D,HYDROSHIP-M5-D,backscatter|blur|color|ripple,0.6726,0.9588,1.1061,30.9109,218.5849,0.1125,1.0268,0.7948,1.603,1.7514,0.9449,5.6657,3,1.0347,True,True,raw,HYDROSHIP-M5-D
shallow/qr_D_m8_shallow_034.png,shallow,0.25,8,232,34,D,HYDROSHIP-M5-D,backscatter|blur|color|ripple,0.6685,0.9318,1.0955,27.5509,215.1556,0.1171,1.1004,0.7546,1.4842,1.724,2.8115,4.4435,3,1.0404,True,True,raw,HYDROSHIP-M5-D
shallow/qr_D_m8_shallow_035.png,shallow,0.25,8,232,35,D,HYDROSHIP-M5-D,backscatter|blur|color|ripple,0.709,1.0299,0.9946,30.3795,222.9058,0.1282,1.0831,0.7206,1.5801,1.6984,3.0501,2.4869,3,0.9523,True,True,raw,HYDROSHIP-M5-D
shallow/qr_D_m8_shallow_036.png,shallow,0.25,8,232,36,D,HYDROSHIP-M5-D,backscatter|blur|color|ripple,0.7172,1.0125,1.0714,29.0197,215.3655,0.1146,1.0274,0.8135,1.5214,1.6343,5.1939,1.6998,3,1.0292,True,True,raw,HYDROSHIP-M5-D
shallow/qr_D_m8_shallow_037.png,shallow,0.25,8,232,37,D,HYDROSHIP-M5-D,backscatter|blur|color|ripple,0.6354,0.9345,1.1174,26.7618,223.9975,0.1252,1.0961,0.7747,1.4782,1.6984,1.5326,5.4803,3,1.0086,True,True,raw,HYDROSHIP-M5-D
shallow/qr_D_m8_shallow_038.png,shallow,0.25,8,232,38,D,HYDROSHIP-M5-D,backscatter|blur|color|ripple,0.7118,1.0028,1.1231,28.3929,240.3479,0.1163,0.9974,0.7148,1.545,1.8731,1.5115,5.4204,3,1.0372,True,True,raw,HYDROSHIP-M5-D
shallow/qr_D_m8_shallow_039.png,shallow,0.25,8,232,39,D,HYDROSHIP-M5-D,backscatter|blur|color|ripple,0.6846,1.0366,1.0322,31.2725,241.608,0.1219,1.0478,0.794,1.4484,1.6932,0.4103,5.8472,3,0.9888,True,True,raw,HYDROSHIP-M5-D
shallow/qr_D_m8_shallow_040.png,shallow,0.25,8,232,40,D,HYDROSHIP-M5-D,backscatter|blur|color|ripple,0.6343,1.0748,1.0183,28.3453,239.3606,0.1226,0.9669,0.7978,1.5817,1.7594,2.4775,5.4618,3,0.9536,True,True,raw,HYDROSHIP-M5-D
shallow/qr_D_m8_shallow_041.png,shallow,0.25,8,232,41,D,HYDROSHIP-M5-D,backscatter|blur|color|ripple,0.6775,1.0556,1.0513,29.8412,238.5266,0.1148,1.0067,0.822,1.4877,1.8598,3.7165,4.7712,3,0.985,True,True,raw,HYDROSHIP-M5-D
shallow/qr_D_m8_shallow_042.png,shallow,0.25,8,232,42,D,HYDROSHIP-M5-D,backscatter|blur|color|ripple,0.668,0.9442,1.1175,29.7671,232.1006,0.1126,1.0855,0.8059,1.4017,1.6538,6.177,4.7151,3,1.0395,True,True,raw,HYDROSHIP-M5-D
shallow/qr_D_m8_shallow_043.png,shallow,0.25,8,232,43,D,HYDROSHIP-M5-D,backscatter|blur|color|ripple,0.7241,1.0437,1.0162,29.807,233.8569,0.1174,0.9709,0.8171,1.4118,1.8499,1.1276,4.2133,3,0.9856,True,True,raw,HYDROSHIP-M5-D
shallow/qr_D_m8_shallow_044.png,shallow,0.25,8,232,44,D,HYDROSHIP-M5-D,backscatter|blur|color|ripple,0.6582,1.0853,1.0632,27.181,211.1699,0.1227,0.9773,0.7459,1.6104,1.8253,4.5416,2.3721,3,1.0619,True,True,raw,HYDROSHIP-M5-D
shallow/qr_D_m8_shallow_045.png,shallow,0.25,8,232,45,D,HYDROSHIP-M5-D,backscatter|blur|color|ripple,0.6863,1.0015,0.9697,27.063,215.5117,0.116,1.0493,0.8178,1.4511,1.834,1.84,4.8768,3,1.0666,True,True,raw,HYDROSHIP-M5-D
shallow/qr_D_m8_shallow_046.png,shallow,0.25,8,232,46,D,HYDROSHIP-M5-D,backscatter|blur|color|ripple,0.6366,1.0212,1.0691,28.359,208.3892,0.123,0.9935,0.8061,1.3817,1.8966,1.5718,3.1829,3,0.9688,True,True,raw,HYDROSHIP-M5-D
shallow/qr_D_m8_shallow_047.png,shallow,0.25,8,232,47,D,HYDROSHIP-M5-D,backscatter|blur|color|ripple,0.726,0.9564,1.1212,26.9783,213.4531,0.1185,1.0197,0.796,1.4196,1.7938,4.0495,0.8641,3,1.0887,True,True,raw,HYDROSHIP-M5-D
shallow/qr_D_m8_shallow_048.png,shallow,0.25,8,232,48,D,HYDROSHIP-M5-D,backscatter|blur|color|ripple,0.682,1.0487,1.0291,29.1932,238.4299,0.1277,1.0388,0.7729,1.5116,1.6865,4.8942,1.1035,3,1.0056,True,True,raw,HYDROSHIP-M5-D
shallow/qr_D_m8_shallow_049.png,shallow,0.25,8,232,49,D,HYDROSHIP-M5-D,backscatter|blur|color|ripple,0.6965,1.0822,1.1253,30.7949,227.0597,0.1124,1.0506,0.7794,1.4775,1.6919,0.567,6.2391,3,1.0674,True,True,raw,HYDROSHIP-M5-D
shallow/qr_D_m8_shallow_050.png,shallow,0.25,8,232,50,D,HYDROSHIP-M5-D,backscatter|blur|color|ripple,0.6995,1.089,1.1211,27.5495,226.9605,0.1173,0.9524,0.776,1.3971,1.7492,2.0701,1.5302,3,1.0911,True,True,raw,HYDROSHIP-M5-D
shallow/qr_D_m8_shallow_051.png,shallow,0.25,8,232,51,D,HYDROSHIP-M5-D,backscatter|blur|color|ripple,0.6387,0.9895,1.0839,28.6968,222.1287,0.1138,1.0611,0.724,1.4616,1.8184,1.9401,2.0756,3,0.9808,True,True,raw,HYDROSHIP-M5-D
shallow/qr_D_m8_shallow_052.png,shallow,0.25,8,232,52,D,HYDROSHIP-M5-D,backscatter|blur|color|ripple,0.7327,1.0298,0.9785,28.0804,244.1716,0.1192,1.0494,0.7502,1.5291,1.8004,5.0872,3.0493,3,1.0002,True,True,raw,HYDROSHIP-M5-D
shallow/qr_D_m8_shallow_053.png,shallow,0.25,8,232,53,D,HYDROSHIP-M5-D,backscatter|blur|color|ripple,0.6786,1.0923,0.9681,30.876,208.4452,0.1115,0.9677,0.7562,1.3956,1.7677,3.6793,0.7543,3,1.0173,True,True,raw,HYDROSHIP-M5-D
shallow/qr_D_m8_shallow_054.png,shallow,0.25,8,232,54,D,HYDROSHIP-M5-D,backscatter|blur|color|ripple,0.7293,0.9877,1.1138,27.6772,227.3842,0.1252,0.9765,0.7643,1.5736,1.8211,3.7494,2.795,3,1.0766,True,True,raw,HYDROSHIP-M5-D
shallow/qr_D_m8_shallow_055.png,shallow,0.25,8,232,55,D,HYDROSHIP-M5-D,backscatter|blur|color|ripple,0.6965,1.0459,1.0112,30.9433,222.3084,0.1121,1.0521,0.8288,1.4713,1.8343,5.2749,3.5185,3,1.0747,True,True,raw,HYDROSHIP-M5-D
shallow/qr_D_m8_shallow_056.png,shallow,0.25,8,232,56,D,HYDROSHIP-M5-D,backscatter|blur|color|ripple,0.7257,1.0766,1.0624,28.1872,243.0342,0.1239,1.0816,0.7431,1.3912,1.736,0.6725,3.9966,3,1.0139,True,True,raw,HYDROSHIP-M5-D
shallow/qr_D_m8_shallow_057.png,shallow,0.25,8,232,57,D,HYDROSHIP-M5-D,backscatter|blur|color|ripple,0.7018,1.0816,1.1127,27.1876,228.328,0.1244,1.0545,0.7287,1.4647,1.8846,6.1152,5.353,3,1.0963,True,True,raw,HYDROSHIP-M5-D
shallow/qr_D_m8_shallow_058.png,shallow,0.25,8,232,58,D,HYDROSHIP-M5-D,backscatter|blur|color|ripple,0.6369,1.078,0.9937,26.9092,218.8481,0.1208,1.0297,0.7677,1.3839,1.7517,3.0486,4.1391,3,1.0573,True,True,raw,HYDROSHIP-M5-D
shallow/qr_D_m8_shallow_059.png,shallow,0.25,8,232,59,D,HYDROSHIP-M5-D,backscatter|blur|color|ripple,0.7183,0.992,0.9744,28.9142,222.7646,0.1186,0.9469,0.7452,1.3812,1.8234,5.1291,3.2716,3,0.9624,True,True,raw,HYDROSHIP-M5-D
shallow/qr_D_m8_shallow_060.png,shallow,0.25,8,232,60,D,HYDROSHIP-M5-D,backscatter|blur|color|ripple,0.7333,0.9353,1.0029,30.0637,217.5793,0.124,1.0543,0.8041,1.5761,1.8914,5.6628,3.8928,3,1.0803,True,True,raw,HYDROSHIP-M5-D
shallow/qr_D_m8_shallow_061.png,shallow,0.25,8,232,61,D,HYDROSHIP-M5-D,backscatter|blur|color|ripple,0.6398,0.9511,1.1085,29.072,231.2643,0.1165,1.0995,0.819,1.4056,1.7873,2.4502,4.8185,3,0.9631,True,True,raw,HYDROSHIP-M5-D
shallow/qr_D_m8_shallow_062.png,shallow,0.25,8,232,62,D,HYDROSHIP-M5-D,backscatter|blur|color|ripple,0.6662,1.0708,1.0656,27.9422,240.1879,0.1151,1.0665,0.8114,1.5074,1.9062,4.0959,4.7235,3,1.0043,True,True,raw,HYDROSHIP-M5-D
shallow/qr_D_m8_shallow_063.png,shallow,0.25,8,232,63,D,HYDROSHIP-M5-D,backscatter|blur|color|ripple,0.7043,1.0338,1.0167,28.6325,212.9128,0.1215,1.0772,0.8291,1.4139,1.8939,1.5937,3.697,3,0.9611,True,True,raw,HYDROSHIP-M5-D
shallow/qr_D_m8_shallow_064.png,shallow,0.25,8,232,64,D,HYDROSHIP-M5-D,backscatter|blur|color|ripple,0.7163,1.0543,1.1234,28.4667,209.786,0.1283,1.0156,0.7231,1.6164,1.7742,2.6258,0.5938,3,0.9622,True,True,raw,HYDROSHIP-M5-D
shallow/qr_D_m8_shallow_065.png,shallow,0.25,8,232,65,D,HYDROSHIP-M5-D,backscatter|blur|color|ripple,0.694,1.005,1.0721,27.1982,220.9257,0.1171,1.1027,0.8362,1.5464,1.8521,2.2575,2.946,3,0.9919,True,True,raw,HYDROSHIP-M5-D
shallow/qr_D_m8_shallow_066.png,shallow,0.25,8,232,66,D,HYDROSHIP-M5-D,backscatter|blur|color|ripple,0.6679,1.0735,1.0441,29.6271,219.961,0.1111,1.1064,0.7987,1.3911,1.633,1.3629,1.3383,3,1.0125,True,True,raw,HYDROSHIP-M5-D
shallow/qr_D_m8_shallow_067.png,shallow,0.25,8,232,67,D,HYDROSHIP-M5-D,backscatter|blur|color|ripple,0.7237,0.9843,1.0894,28.8433,241.2188,0.1234,0.9852,0.7498,1.5572,1.9144,2.6186,5.8125,3,1.0702,True,True,raw,HYDROSHIP-M5-D
shallow/qr_D_m8_shallow_068.png,shallow,0.25,8,232,68,D,HYDROSHIP-M5-D,backscatter|blur|color|ripple,0.64,0.9598,1.0509,28.598,211.5939,0.1284,0.9448,0.7875,1.4311,1.8891,4.1272,4.1897,3,1.0326,True,True,raw,HYDROSHIP-M5-D
shallow/qr_D_m8_shallow_069.png,shallow,0.25,8,232,69,D,HYDROSHIP-M5-D,backscatter|blur|color|ripple,0.6516,1.0735,1.0919,27.8248,208.5625,0.1261,0.973,0.713,1.5597,1.6959,1.2561,0.3807,3,1.0818,True,True,raw,HYDROSHIP-M5-D
shallow/qr_D_m8_shallow_070.png,shallow,0.25,8,232,70,D,HYDROSHIP-M5-D,backscatter|blur|color|ripple,0.6908,0.9965,1.0913,29.0291,215.0503,0.1109,1.038,0.7273,1.4755,1.8749,5.6634,4.4991,3,1.0602,True,True,raw,HYDROSHIP-M5-D
shallow/qr_D_m8_shallow_071.png,shallow,0.25,8,232,71,D,HYDROSHIP-M5-D,backscatter|blur|color|ripple,0.7079,1.0742,1.0327,30.0046,223.7974,0.1234,1.0469,0.736,1.5009,1.8315,1.3811,1.0889,3,1.0065,True,True,raw,HYDROSHIP-M5-D
shallow/qr_D_m8_shallow_072.png,shallow,0.25,8,232,72,D,HYDROSHIP-M5-D,backscatter|blur|color|ripple,0.7291,1.0473,1.0887,26.9044,238.9664,0.118,0.9959,0.7449,1.4582,1.7535,1.3027,5.6625,3,0.9736,True,True,raw,HYDROSHIP-M5-D
shallow/qr_D_m8_shallow_073.png,shallow,0.25,8,232,73,D,HYDROSHIP-M5-D,backscatter|blur|color|ripple,0.6475,1.0346,0.9772,30.766,243.6842,0.1219,1.0283,0.8254,1.6018,1.8246,0.6849,0.0473,3,0.9595,True,True,raw,HYDROSHIP-M5-D
shallow/qr_D_m8_shallow_074.png,shallow,0.25,8,232,74,D,HYDROSHIP-M5-D,backscatter|blur|color|ripple,0.6352,1.0715,0.9669,27.3854,230.9696,0.1214,0.9901,0.7353,1.3851,1.8084,4.7951,5.304,3,1.0882,True,True,raw,HYDROSHIP-M5-D
shallow/qr_D_m8_shallow_075.png,shallow,0.25,8,232,75,D,HYDROSHIP-M5-D,backscatter|blur|color|ripple,0.7327,1.0432,1.124,27.4359,243.354,0.1165,1.0949,0.8263,1.5573,1.7221,5.7538,3.9378,3,0.9712,True,True,raw,HYDROSHIP-M5-D
shallow/qr_D_m8_shallow_076.png,shallow,0.25,8,232,76,D,HYDROSHIP-M5-D,backscatter|blur|color|ripple,0.6702,0.9353,1.0102,29.912,221.796,0.1194,1.0441,0.7175,1.444,1.8268,4.9976,2.4261,3,1.0481,True,True,raw,HYDROSHIP-M5-D
shallow/qr_D_m8_shallow_077.png,shallow,0.25,8,232,77,D,HYDROSHIP-M5-D,backscatter|blur|color|ripple,0.7032,0.95,1.1048,29.6256,214.8419,0.1203,1.012,0.7136,1.4385,1.6505,2.2445,1.7987,3,1.0545,True,True,raw,HYDROSHIP-M5-D
shallow/qr_D_m8_shallow_078.png,shallow,0.25,8,232,78,D,HYDROSHIP-M5-D,backscatter|blur|color|ripple,0.6367,1.0617,1.0532,27.7823,220.6606,0.111,1.0236,0.76,1.5484,1.6516,2.847,3.0426,3,1.0779,True,True,raw,HYDROSHIP-M5-D
shallow/qr_D_m8_shallow_079.png,shallow,0.25,8,232,79,D,HYDROSHIP-M5-D,backscatter|blur|color|ripple,0.6802,1.0057,1.0934,28.9273,235.368,0.1115,0.9947,0.7468,1.5866,1.6334,0.2716,2.9237,3,1.0048,True,True,raw,HYDROSHIP-M5-D
shallow/qr_D_m8_shallow_080.png,shallow,0.25,8,232,80,D,HYDROSHIP-M5-D,backscatter|blur|color|ripple,0.6719,0.9544,0.9993,28.1241,221.7129,0.1294,0.9878,0.7832,1.586,1.8245,4.5564,3.0258,3,1.071,True,True,raw,HYDROSHIP-M5-D
shallow/qr_D_m8_shallow_081.png,shallow,0.25,8,232,81,D,HYDROSHIP-M5-D,backscatter|blur|color|ripple,0.6597,1.041,1.0041,30.6683,238.9828,0.1134,0.9455,0.8035,1.4691,1.9083,1.2408,0.7082,3,1.039,True,True,raw,HYDROSHIP-M5-D
shallow/qr_D_m8_shallow_082.png,shallow,0.25,8,232,82,D,HYDROSHIP-M5-D,backscatter|blur|color|ripple,0.6779,0.9803,0.9646,30.5684,216.4566,0.1215,1.0219,0.8323,1.4065,1.8812,4.8159,3.706,3,1.0138,True,True,raw,HYDROSHIP-M5-D
shallow/qr_D_m8_shallow_083.png,shallow,0.25,8,232,83,D,HYDROSHIP-M5-D,backscatter|blur|color|ripple,0.6327,0.9659,1.0211,30.1802,244.2618,0.1293,0.9776,0.8188,1.4812,1.721,4.1331,2.0196,3,1.0942,True,True,raw,HYDROSHIP-M5-D
medium/qr_D_m8_medium_000.png,medium,0.55,8,232,0,D,HYDROSHIP-M5-D,backscatter|blur|color|ripple,0.5044,1.0305,1.1671,51.7801,200.0859,0.203,1.7675,1.435,2.0676,2.3994,0.864,2.449,5,1.6568,True,True,raw,HYDROSHIP-M5-D
medium/qr_D_m8_medium_001.png,medium,0.55,8,232,1,D,HYDROSHIP-M5-D,backscatter|blur|color|ripple,0.4732,1.078,1.03,52.8555,203.2604,0.2163,1.7673,1.3959,2.0201,2.4811,5.6326,2.5252,5,1.7471,True,True,raw,HYDROSHIP-M5-D
medium/qr_D_m8_medium_002.png,medium,0.55,8,232,2,D,HYDROSHIP-M5-D,backscatter|blur|color|ripple,0.5044,1.0332,1.0307,56.3827,214.435,0.2016,2.0097,1.5531,2.0514,2.3243,1.7769,1.8032,5,1.6101,False,False,fail,
medium/qr_D_m8_medium_003.png,medium,0.55,8,232,3,D,HYDROSHIP-M5-D,backscatter|blur|color|ripple,0.5204,1.0575,1.0165,50.5851,208.2225,0.204,1.8688,1.3798,2.2652,2.5335,5.7387,0.8834,5,1.776,True,True,raw,HYDROSHIP-M5-D
medium/qr_D_m8_medium_004.png,medium,0.55,8,232,4,D,HYDROSHIP-M5-D,backscatter|blur|color|ripple,0.4742,0.9792,1.0557,56.4002,207.0951,0.227,1.8112,1.4609,2.0938,2.3158,4.2308,1.7955,5,1.7097,True,True,raw,HYDROSHIP-M5-D
medium/qr_D_m8_medium_005.png,medium,0.55,8,232,5,D,HYDROSHIP-M5-D,backscatter|blur|color|ripple,0.5043,1.0697,1.079,57.9206,195.0397,0.221,1.8398,1.5401,2.1784,2.3478,1.2606,4.6258,5,1.6799,False,True,cv2_fallback,HYDROSHIP-M5-D
medium/qr_D_m8_medium_006.png,medium,0.55,8,232,6,D,HYDROSHIP-M5-D,backscatter|blur|color|ripple,0.4862,1.0989,1.0452,51.4431,202.0147,0.2257,1.7871,1.4297,2.1239,2.3993,2.2796,1.2169,5,1.5505,True,True,raw,HYDROSHIP-M5-D
medium/qr_D_m8_medium_007.png,medium,0.55,8,232,7,D,HYDROSHIP-M5-D,backscatter|blur|color|ripple,0.4592,1.0472,1.111,56.4235,188.96,0.2222,1.9306,1.349,2.0639,2.3745,2.2419,1.3191,5,1.6138,False,True,cv2_fallback,HYDROSHIP-M5-D
medium/qr_D_m8_medium_008.png,medium,0.55,8,232,8,D,HYDROSHIP-M5-D,backscatter|blur|color|ripple,0.4612,1.1067,1.0605,53.2081,197.0745,0.2147,1.7659,1.3516,2.0701,2.6363,0.443,6.0782,5,1.7077,True,True,raw,HYDROSHIP-M5-D
medium/qr_D_m8_medium_009.png,medium,0.55,8,232,9,D,HYDROSHIP-M5-D,backscatter|blur|color|ripple,0.5164,1.1024,1.1421,58.2951,187.5254,0.1989,1.8985,1.4501,2.1314,2.5889,3.7534,4.8126,5,1.5917,True,True,raw,HYDROSHIP-M5-D
medium/qr_D_m8_medium_010.png,medium,0.55,8,232,10,D,HYDROSHIP-M5-D,backscatter|blur|color|ripple,0.5191,1.0322,1.032,54.9087,211.6961,0.2305,1.8804,1.5543,1.9678,2.6047,4.7466,0.8646,5,1.7214,True,True,raw,HYDROSHIP-M5-D
medium/qr_D_m8_medium_011.png,medium,0.55,8,232,11,D,HYDROSHIP-M5-D,backscatter|blur|color|ripple,0.505,1.1034,1.0653,51.6751,186.7035,0.2231,1.7475,1.362,1.9756,2.5957,4.1389,0.0426,5,1.5828,True,True,raw,HYDROSHIP-M5-D
medium/qr_D_m8_medium_012.png,medium,0.55,8,232,12,D,HYDROSHIP-M5-D,backscatter|blur|color|ripple,0.4593,0.9726,1.065,52.0476,204.1713,0.2212,1.8051,1.547,2.1011,2.3136,0.2116,5.1892,5,1.6022,True,True,raw,HYDROSHIP-M5-D
medium/qr_D_m8_medium_013.png,medium,0.55,8,232,13,D,HYDROSHIP-M5-D,backscatter|blur|color|ripple,0.4706,0.9482,1.0186,53.8762,198.9129,0.2095,1.7927,1.4709,1.9462,2.6401,0.9855,5.4766,5,1.5247,True,True,raw,HYDROSHIP-M5-D
medium/qr_D_m8_medium_014.png,medium,0.55,8,232,14,D,HYDROSHIP-M5-D,backscatter|blur|color|ripple,0.4571,0.958,1.0728,50.4845,204.0056,0.2201,1.9742,1.5137,2.166,2.6238,2.5765,2.6402,5,1.5279,True,True,raw,HYDROSHIP-M5-D
medium/qr_D_m8_medium_015.png,medium,0.55,8,232,15,D,HYDROSHIP-M5-D,backscatter|blur|color|ripple,0.4877,0.9803,1.0974,52.4489,198.6315,0.2038,1.7786,1.3777,2.2429,2.2726,2.1918,3.3971,5,1.5282,True,True,raw,HYDROSHIP-M5-D
medium/qr_D_m8_medium_016.png,medium,0.55,8,232,16,D,HYDROSHIP-M5-D,backscatter|blur|color|ripple,0.4894,1.1009,1.1562,50.9684,186.1956,0.2313,1.8508,1.4558,2.1856,2.4912,0.9845,1.191,5,1.6418,False,True,cv2_fallback,HYDROSHIP-M5-D
medium/qr_D_m8_medium_017.png,medium,0.55,8,232,17,D,HYDROSHIP-M5-D,backscatter|blur|color|ripple,0.5081,1.0946,1.043,50.7233,211.7542,0.2027,2.0396,1.4409,2.1269,2.5303,6.0319,2.2644,5,1.6168,True,True,raw,HYDROSHIP-M5-D
medium/qr_D_m8_medium_018.png,medium,0.55,8,232,18,D,HYDROSHIP-M5-D,backscatter|blur|color|ripple,0.5137,1.0443,1.0333,53.9363,196.9093,0.2111,1.7695,1.3786,2.0895,2.3004,1.2882,1.066,5,1.5702,True,True,raw,HYDROSHIP-M5-D
medium/qr_D_m8_medium_019.png,medium,0.55,8,232,19,D,HYDROSHIP-M5-D,backscatter|blur|color|ripple,0.4835,0.9936,1.0452,50.3289,208.236,0.2198,1.7775,1.5096,1.9973,2.5605,0.3972,5.0611,5,1.5287,True,True,raw,HYDROSHIP-M5-D
medium/qr_D_m8_medium_020.png,medium,0.55,8,232,20,D,HYDROSHIP-M5-D,backscatter|blur|color|ripple,0.4674,1.0025,1.079,54.0867,204.7508,0.2093,1.7715,1.5194,2.2485,2.3162,0.3006,3.5957,5,1.6566,True,True,raw,HYDROSHIP-M5-D
medium/qr_D_m8_medium_021.png,medium,0.55,8,232,21,D,HYDROSHIP-M5-D,backscatter|blur|color|ripple,0.5073,0.9745,1.1431,52.6715,190.6458,0.2039,1.7687,1.3744,2.2452,2.426,3.1399,0.2859,5,1.6142,True,True,raw,HYDROSHIP-M5-D
medium/qr_D_m8_medium_022.png,medium,0.55,8,232,22,D,HYDROSHIP-M5-D,backscatter|blur|color|ripple,0.4979,1.0084,1.1647,57.1896,205.5974,0.2051,1.9577,1.35,1.962,2.502,2.9712,0.735,5,1.6589,True,True,raw,HYDROSHIP-M5-D
medium/qr_D_m8_medium_023.png,medium,0.55,8,232,23,D,HYDROSHIP-M5-D,backscatter|blur|color|ripple,0.4717,1.088,1.1441,55.8226,202.9109,0.2258,1.7843,1.5331,2.109,2.5472,0.818,2.3014,5,1.6085,True,True,raw,HYDROSHIP-M5-D
medium/qr_D_m8_medium_024.png,medium,0.55,8,232,24,D,HYDROSHIP-M5-D,backscatter|blur|color|ripple,0.5132,1.1056,1.1437,56.4815,205.0768,0.225,1.9826,1.5131,1.9644,2.6301,2.2823,1.0163,5,1.6831,False,True,cv2_fallback,HYDROSHIP-M5-D
medium/qr_D_m8_medium_025.png,medium,0.55,8,232,25,D,HYDROSHIP-M5-D,backscatter|blur|color|ripple,0.4726,1.0094,1.0852,58.2297,201.0342,0.2232,1.7781,1.3565,2.2321,2.5482,5.0372,4.0345,5,1.7012,True,True,raw,HYDROSHIP-M5-D
medium/qr_D_m8_medium_026.png,medium,0.55,8,232,26,D,HYDROSHIP-M5-D,backscatter|blur|color|ripple,0.5147,1.0522,1.1649,56.3302,187.7675,0.2302,1.9193,1.4923,2.1075,2.3208,4.2319,3.9539,5,1.6424,False,True,cv2_fallback,HYDROSHIP-M5-D
medium/qr_D_m8_medium_027.png,medium,0.55,8,232,27,D,HYDROSHIP-M5-D,backscatter|blur|color|ripple,0.5268,0.9779,1.1602,52.0033,213.8116,0.229,1.752,1.3783,2.0929,2.4108,3.222,4.7682,5,1.7575,True,True,raw,HYDROSHIP-M5-D
medium/qr_D_m8_medium_028.png,medium,0.55,8,232,28,D,HYDROSHIP-M5-D,backscatter|blur|color|ripple,0.4675,1.0279,1.074,50.7554,215.6397,0.216,1.9218,1.4949,1.9638,2.4647,4.406,4.324,5,1.5753,True,True,raw,HYDROSHIP-M5-D
medium/qr_D_m8_medium_029.png,medium,0.55,8,232,29,D,HYDROSHIP-M5-D,backscatter|blur|color|ripple,0.4763,1.0416,1.0127,55.2391,208.6873,0.2246,1.9555,1.4078,2.076,2.4279,3.4738,5.1697,5,1.7356,True,True,raw,HYDROSHIP-M5-D
medium/qr_D_m8_medium_030.png,medium,0.55,8,232,30,D,HYDROSHIP-M5-D,backscatter|blur|color|ripple,0.5101,0.9559,1.0704,53.3725,190.5683,0.2036,1.8738,1.482,2.2604,2.3401,3.2753,1.663,5,1.6601,True,True,raw,HYDROSHIP-M5-D
medium/qr_D_m8_medium_031.png,medium,0.55,8,232,31,D,HYDROSHIP-M5-D,backscatter|blur|color|ripple,0.4702,0.9674,1.1749,54.6989,190.7322,0.204,1.9232,1.5677,2.0077,2.5891,3.3072,4.3383,5,1.5307,True,True,raw,HYDROSHIP-M5-D
medium/qr_D_m8_medium_032.png,medium,0.55,8,232,32,D,HYDROSHIP-M5-D,backscatter|blur|color|ripple,0.4885,1.1001,1.0732,54.0975,192.5943,0.2111,1.7691,1.4976,1.9323,2.6607,0.6443,1.1689,5,1.7023,True,True,raw,HYDROSHIP-M5-D
medium/qr_D_m8_medium_033.png,medium,0.55,8,232,33,D,HYDROSHIP-M5-D,backscatter|blur|color|ripple,0.5081,0.9862,1.0393,58.3771,212.8236,0.2142,1.9611,1.3563,2.1416,2.4951,0.6743,4.0714,5,1.6464,True,True,raw,HYDROSHIP-M5-D
medium/qr_D_m8_medium_034.png,medium,0.55,8,232,34,D,HYDROSHIP-M5-D,backscatter|blur|color|ripple,0.5152,1.0313,1.0575,56.28,203.402,0.2237,2.039,1.388,2.1147,2.4551,6.0048,3.403,5,1.6799,True,True,raw,HYDROSHIP-M5-D
medium/qr_D_m8_medium_035.png,medium,0.55,8,232,35,D,HYDROSHIP-M5-D,backscatter|blur|color|ripple,0.512,1.0613,1.0681,58.2727,198.9336,0.2027,1.7605,1.4894,2.0033,2.3546,0.3777,0.4644,5,1.5768,True,True,raw,HYDROSHIP-M5-D
medium/qr_D_m8_medium_036.png,medium,0.55,8,232,36,D,HYDROSHIP-M5-D,backscatter|blur|color|ripple,0.5146,0.9627,1.1713,52.9312,187.2474,0.2284,1.9216,1.4088,2.1382,2.3037,2.7384,3.7832,5,1.7535,True,True,raw,HYDROSHIP-M5-D
medium/qr_D_m8_medium_037.png,medium,0.55,8,232,37,D,HYDROSHIP-M5-D,backscatter|blur|color|ripple,0.4949,1.0168,1.0799,57.0993,185.5821,0.2325,2.0027,1.4518,2.1818,2.5831,0.7135,0.7974,5,1.6449,False,False,fail,
medium/qr_D_m8_medium_038.png,medium,0.55,8,232,38,D,HYDROSHIP-M5-D,backscatter|blur|color|ripple,0.4916,1.0563,1.1388,50.3268,192.2016,0.2293,1.8411,1.453,2.0249,2.5851,5.9425,1.435,5,1.7646,True,True,raw,HYDROSHIP-M5-D
medium/qr_D_m8_medium_039.png,medium,0.55,8,232,39,D,HYDROSHIP-M5-D,backscatter|blur|color|ripple,0.501,0.956,1.0631,58.4916,186.6966,0.2042,1.9594,1.4924,2.1859,2.4891,2.9307,1.7576,5,1.6419,True,True,raw,HYDROSHIP-M5-D
medium/qr_D_m8_medium_040.png,medium,0.55,8,232,40,D,HYDROSHIP-M5-D,backscatter|blur|color|ripple,0.4879,0.9875,1.1271,55.5817,210.1426,0.2024,2.0232,1.5764,1.9891,2.3789,1.3447,4.2939,5,1.7492,True,True,raw,HYDROSHIP-M5-D
medium/qr_D_m8_medium_041.png,medium,0.55,8,232,41,D,HYDROSHIP-M5-D,backscatter|blur|color|ripple,0.5121,1.1035,1.0647,55.3253,201.8056,0.2032,1.8197,1.4146,2.084,2.3253,1.5514,4.5149,5,1.5518,False,True,cv2_fallback,HYDROSHIP-M5-D
medium/qr_D_m8_medium_042.png,medium,0.55,8,232,42,D,HYDROSHIP-M5-D,backscatter|blur|color|ripple,0.4725,1.0245,1.1296,54.8167,201.4687,0.2004,1.9234,1.4901,2.1529,2.6195,3.9333,3.0022,5,1.7179,False,True,clahe,HYDROSHIP-M5-D
medium/qr_D_m8_medium_043.png,medium,0.55,8,232,43,D,HYDROSHIP-M5-D,backscatter|blur|color|ripple,0.5184,1.0709,1.0228,50.4758,212.1642,0.2201,2.031,1.466,2.108,2.6104,1.573,2.6659,5,1.7746,False,True,cv2_fallback,HYDROSHIP-M5-D
medium/qr_D_m8_medium_044.png,medium,0.55,8,232,44,D,HYDROSHIP-M5-D,backscatter|blur|color|ripple,0.4644,1.0472,1.1802,57.2355,209.7689,0.2045,1.9992,1.402,2.005,2.3594,2.9409,4.458,5,1.6957,True,True,raw,HYDROSHIP-M5-D
medium/qr_D_m8_medium_045.png,medium,0.55,8,232,45,D,HYDROSHIP-M5-D,backscatter|blur|color|ripple,0.4805,1.1088,1.1614,50.5472,199.0244,0.199,1.8249,1.5558,2.2192,2.4589,4.0571,0.8231,5,1.6024,False,True,cv2_fallback,HYDROSHIP-M5-D
medium/qr_D_m8_medium_046.png,medium,0.55,8,232,46,D,HYDROSHIP-M5-D,backscatter|blur|color|ripple,0.4796,0.9515,1.1847,53.845,190.8405,0.2106,1.931,1.5426,2.1066,2.5682,4.2123,2.8029,5,1.5676,False,True,upscale,HYDROSHIP-M5-D
medium/qr_D_m8_medium_047.png,medium,0.55,8,232,47,D,HYDROSHIP-M5-D,backscatter|blur|color|ripple,0.4889,1.0791,1.0711,50.4932,194.9155,0.2059,2.0313,1.526,2.1389,2.4925,6.213,5.0023,5,1.7047,True,True,raw,HYDROSHIP-M5-D
medium/qr_D_m8_medium_048.png,medium,0.55,8,232,48,D,HYDROSHIP-M5-D,backscatter|blur|color|ripple,0.458,1.0099,1.0599,54.5343,185.3247,0.2115,1.9124,1.503,2.17,2.5352,1.3156,3.7945,5,1.661,False,False,fail,
medium/qr_D_m8_medium_049.png,medium,0.55,8,232,49,D,HYDROSHIP-M5-D,backscatter|blur|color|ripple,0.5136,1.103,1.0534,52.1798,210.3204,0.2051,1.8907,1.4239,1.9732,2.4353,5.6233,1.1259,5,1.5536,True,True,raw,HYDROSHIP-M5-D
medium/qr_D_m8_medium_050.png,medium,0.55,8,232,50,D,HYDROSHIP-M5-D,backscatter|blur|color|ripple,0.4668,1.0401,1.1325,58.4047,193.708,0.2126,1.8468,1.503,2.2066,2.2706,2.1963,1.7852,5,1.622,True,True,raw,HYDROSHIP-M5-D
medium/qr_D_m8_medium_051.png,medium,0.55,8,232,51,D,HYDROSHIP-M5-D,backscatter|blur|color|ripple,0.4787,1.0232,1.0171,50.1451,215.4173,0.2005,1.7614,1.3582,2.2086,2.3481,0.4767,3.731,5,1.7769,True,True,raw,HYDROSHIP-M5-D
medium/qr_D_m8_medium_052.png,medium,0.55,8,232,52,D,HYDROSHIP-M5-D,backscatter|blur|color|ripple,0.4725,0.9898,1.0169,54.5393,215.554,0.2052,2.0097,1.4449,2.0292,2.5422,5.9363,4.5098,5,1.5592,True,True,raw,HYDROSHIP-M5-D
medium/qr_D_m8_medium_053.png,medium,0.55,8,232,53,D,HYDROSHIP-M5-D,backscatter|blur|color|ripple,0.4941,1.0944,1.0957,53.2347,211.9229,0.2059,1.9245,1.5742,2.1433,2.3909,1.2872,0.4022,5,1.6979,False,True,cv2_fallback,HYDROSHIP-M5-D
medium/qr_D_m8_medium_054.png,medium,0.55,8,232,54,D,HYDROSHIP-M5-D,backscatter|blur|color|ripple,0.5008,1.0959,1.0879,56.9895,214.7414,0.212,1.8515,1.3914,2.0546,2.6201,3.4694,2.517,5,1.6405,True,True,raw,HYDROSHIP-M5-D
medium/qr_D_m8_medium_055.png,medium,0.55,8,232,55,D,HYDROSHIP-M5-D,backscatter|blur|color|ripple,0.4952,1.0742,1.1417,55.7727,195.5646,0.2253,1.9459,1.4684,1.9827,2.3611,5.6093,4.9772,5,1.6787,False,True,clahe,HYDROSHIP-M5-D
medium/qr_D_m8_medium_056.png,medium,0.55,8,232,56,D,HYDROSHIP-M5-D,backscatter|blur|color|ripple,0.4949,0.9525,1.1185,56.7631,187.9765,0.2036,1.956,1.5596,2.2656,2.5857,1.1507,0.641,5,1.5786,False,True,cv2_fallback,HYDROSHIP-M5-D
medium/qr_D_m8_medium_057.png,medium,0.55,8,232,57,D,HYDROSHIP-M5-D,backscatter|blur|color|ripple,0.4803,1.0908,1.0828,50.8747,209.2735,0.2025,1.8919,1.4192,2.2118,2.411,5.3093,4.6426,5,1.6073,True,True,raw,HYDROSHIP-M5-D
medium/qr_D_m8_medium_058.png,medium,0.55,8,232,58,D,HYDROSHIP-M5-D,backscatter|blur|color|ripple,0.5112,1.0485,1.1438,53.0652,194.9564,0.2036,2.0338,1.4027,2.235,2.3521,0.8522,4.8518,5,1.6049,False,True,cv2_fallback,HYDROSHIP-M5-D
medium/qr_D_m8_medium_059.png,medium,0.55,8,232,59,D,HYDROSHIP-M5-D,backscatter|blur|color|ripple,0.5034,0.9775,1.0809,56.3654,190.3364,0.2018,1.9398,1.512,2.2345,2.4895,5.2918,5.8046,5,1.5614,True,True,raw,HYDROSHIP-M5-D
medium/qr_D_m8_medium_060.png,medium,0.55,8,232,60,D,HYDROSHIP-M5-D,backscatter|blur|color|ripple,0.5298,1.0904,1.1454,51.9871,188.6187,0.2173,1.901,1.3697,2.0621,2.4746,1.7304,4.5946,5,1.6218,False,True,cv2_fallback,HYDROSHIP-M5-D
medium/qr_D_m8_medium_061.png,medium,0.55,8,232,61,D,HYDROSHIP-M5-D,backscatter|blur|color|ripple,0.4995,1.0794,1.1605,50.3857,211.8978,0.2115,1.8255,1.3725,2.1125,2.5772,0.3168,4.4712,5,1.7686,True,True,raw,HYDROSHIP-M5-D
medium/qr_D_m8_medium_062.png,medium,0.55,8,232,62,D,HYDROSHIP-M5-D,backscatter|blur|color|ripple,0.4542,1.1025,1.1436,56.6072,216.4295,0.2003,1.9835,1.55,2.1759,2.642,1.771,6.1937,5,1.6908,False,True,cv2_fallback,HYDROSHIP-M5-D
medium/qr_D_m8_medium_063.png,medium,0.55,8,232,63,D,HYDROSHIP-M5-D,backscatter|blur|color|ripple,0.4532,1.055,1.1659,50.9484,199.8766,0.227,2.0344,1.3705,2.1929,2.291,4.4371,5.4512,5,1.5736,False,False,fail,
medium/qr_D_m8_medium_064.png,medium,0.55,8,232,64,D,HYDROSHIP-M5-D,backscatter|blur|color|ripple,0.493,1.0715,1.1581,51.6133,211.1167,0.227,1.8407,1.4542,2.1642,2.4035,1.8802,2.6714,5,1.6301,False,True,cv2_fallback,HYDROSHIP-M5-D
medium/qr_D_m8_medium_065.png,medium,0.55,8,232,65,D,HYDROSHIP-M5-D,backscatter|blur|color|ripple,0.5187,0.9459,1.0708,50.1386,188.2685,0.2049,1.9141,1.4548,2.0121,2.6046,2.8433,2.9699,5,1.5836,True,True,raw,HYDROSHIP-M5-D
medium/qr_D_m8_medium_066.png,medium,0.55,8,232,66,D,HYDROSHIP-M5-D,backscatter|blur|color|ripple,0.4593,1.082,1.0387,52.7681,203.0265,0.1988,2.0027,1.3556,2.0484,2.3622,1.1361,3.4042,5,1.7402,False,True,cv2_fallback,HYDROSHIP-M5-D
medium/qr_D_m8_medium_067.png,medium,0.55,8,232,67,D,HYDROSHIP-M5-D,backscatter|blur|color|ripple,0.5104,1.0401,1.0214,50.6037,196.1274,0.2082,1.9808,1.5535,2.1192,2.4774,1.8344,4.2889,5,1.6208,False,True,cv2_fallback,HYDROSHIP-M5-D
medium/qr_D_m8_medium_068.png,medium,0.55,8,232,68,D,HYDROSHIP-M5-D,backscatter|blur|color|ripple,0.48,1.0398,1.1077,55.1751,211.333,0.2172,1.8515,1.5699,1.9757,2.6072,3.3932,1.5391,5,1.6725,True,True,raw,HYDROSHIP-M5-D
medium/qr_D_m8_medium_069.png,medium,0.55,8,232,69,D,HYDROSHIP-M5-D,backscatter|blur|color|ripple,0.4984,1.0362,1.1378,53.9625,205.4764,0.2176,1.9888,1.3574,1.9791,2.358,0.7778,3.3719,5,1.7035,True,True,raw,HYDROSHIP-M5-D
medium/qr_D_m8_medium_070.png,medium,0.55,8,232,70,D,HYDROSHIP-M5-D,backscatter|blur|color|ripple,0.4761,1.0709,1.107,50.3043,206.0849,0.2144,1.8287,1.5767,2.2656,2.4187,1.804,1.0204,5,1.5484,True,True,raw,HYDROSHIP-M5-D
medium/qr_D_m8_medium_071.png,medium,0.55,8,232,71,D,HYDROSHIP-M5-D,backscatter|blur|color|ripple,0.5065,1.0696,1.0683,52.4861,186.9735,0.2052,1.8336,1.5442,2.1806,2.5858,1.5613,3.0615,5,1.6381,False,True,cv2_fallback,HYDROSHIP-M5-D
medium/qr_D_m8_medium_072.png,medium,0.55,8,232,72,D,HYDROSHIP-M5-D,backscatter|blur|color|ripple,0.4569,1.0531,1.0685,55.2629,209.1523,0.2063,1.8912,1.3921,2.2295,2.3143,5.5625,5.7868,5,1.754,True,True,raw,HYDROSHIP-M5-D
medium/qr_D_m8_medium_073.png,medium,0.55,8,232,73,D,HYDROSHIP-M5-D,backscatter|blur|color|ripple,0.4809,0.9472,1.1384,52.7413,192.1409,0.2284,1.7601,1.4982,1.9781,2.6013,0.7698,0.6092,5,1.6602,True,True,raw,HYDROSHIP-M5-D
medium/qr_D_m8_medium_074.png,medium,0.55,8,232,74,D,HYDROSHIP-M5-D,backscatter|blur|color|ripple,0.524,1.0383,1.0212,56.9004,207.2918,0.2162,1.9899,1.5688,2.2501,2.3439,1.3293,5.0355,5,1.5479,False,True,cv2_fallback,HYDROSHIP-M5-D
medium/qr_D_m8_medium_075.png,medium,0.55,8,232,75,D,HYDROSHIP-M5-D,backscatter|blur|color|ripple,0.4778,0.946,1.0875,55.4473,194.2471,0.2183,1.9362,1.4599,2.1338,2.4221,0.4821,3.6567,5,1.7052,True,True,raw,HYDROSHIP-M5-D
medium/qr_D_m8_medium_076.png,medium,0.55,8,232,76,D,HYDROSHIP-M5-D,backscatter|blur|color|ripple,0.4735,0.973,1.1355,55.437,187.9801,0.2074,1.7647,1.3946,1.9479,2.6511,1.5887,1.6454,5,1.5606,True,True,raw,HYDROSHIP-M5-D
medium/qr_D_m8_medium_077.png,medium,0.55,8,232,77,D,HYDROSHIP-M5-D,backscatter|blur|color|ripple,0.4974,0.9922,1.0954,51.0855,201.9342,0.2042,1.9938,1.3509,1.9626,2.3048,2.0954,1.8192,5,1.5619,False,True,cv2_fallback,HYDROSHIP-M5-D
medium/qr_D_m8_medium_078.png,medium,0.55,8,232,78,D,HYDROSHIP-M5-D,backscatter|blur|color|ripple,0.481,0.9599,1.1682,57.0181,211.5702,0.2311,1.7659,1.3947,1.9723,2.6198,0.4182,3.7589,5,1.5761,True,True,raw,HYDROSHIP-M5-D
medium/qr_D_m8_medium_079.png,medium,0.55,8,232,79,D,HYDROSHIP-M5-D,backscatter|blur|color|ripple,0.4904,0.974,1.1485,50.7586,198.2562,0.2253,1.9378,1.3962,1.9487,2.5339,2.8716,0.164,5,1.5829,True,True,raw,HYDROSHIP-M5-D
medium/qr_D_m8_medium_080.png,medium,0.55,8,232,80,D,HYDROSHIP-M5-D,backscatter|blur|color|ripple,0.4631,1.088,1.1004,54.0905,215.059,0.2077,2.0228,1.4754,2.1121,2.5689,1.8989,1.8512,5,1.5914,False,True,cv2_fallback,HYDROSHIP-M5-D
medium/qr_D_m8_medium_081.png,medium,0.55,8,232,81,D,HYDROSHIP-M5-D,backscatter|blur|color|ripple,0.4731,1.0776,1.0557,57.0179,210.0292,0.2007,1.8065,1.3919,2.1212,2.6618,3.6897,2.2963,5,1.7589,True,True,raw,HYDROSHIP-M5-D
medium/qr_D_m8_medium_082.png,medium,0.55,8,232,82,D,HYDROSHIP-M5-D,backscatter|blur|color|ripple,0.4679,1.0874,1.1545,55.5369,214.2809,0.1991,1.9534,1.4492,2.255,2.3868,5.4921,3.9972,5,1.6115,True,True,raw,HYDROSHIP-M5-D
medium/qr_D_m8_medium_083.png,medium,0.55,8,232,83,D,HYDROSHIP-M5-D,backscatter|blur|color|ripple,0.5,1.0818,1.0504,55.6403,210.1127,0.2019,1.975,1.577,2.1391,2.3152,0.35,5.7672,5,1.727,True,True,raw,HYDROSHIP-M5-D
deep/qr_D_m8_deep_000.png,deep,0.85,8,232,0,D,HYDROSHIP-M5-D,backscatter|blur|color|ripple,0.2751,1.0881,1.2041,78.4673,176.0287,0.3192,2.9274,2.2374,2.726,3.1583,2.5254,2.0561,5,2.2604,False,False,fail,
deep/qr_D_m8_deep_001.png,deep,0.85,8,232,1,D,HYDROSHIP-M5-D,backscatter|blur|color|ripple,0.2923,1.0022,1.2073,83.4862,174.7374,0.2929,2.6285,2.0607,2.8119,3.1367,3.5974,1.4568,5,2.2647,False,False,fail,
deep/qr_D_m8_deep_002.png,deep,0.85,8,232,2,D,HYDROSHIP-M5-D,backscatter|blur|color|ripple,0.2903,1.1094,1.069,85.3768,176.8518,0.2977,2.7183,2.3212,2.6776,3.4051,3.9068,2.1148,5,2.4492,False,False,fail,
deep/qr_D_m8_deep_003.png,deep,0.85,8,232,3,D,HYDROSHIP-M5-D,backscatter|blur|color|ripple,0.2747,1.0326,1.0845,73.7058,165.8156,0.3093,2.6092,2.2906,2.6695,3.2951,5.2714,3.5039,5,2.1029,False,False,fail,
deep/qr_D_m8_deep_004.png,deep,0.85,8,232,4,D,HYDROSHIP-M5-D,backscatter|blur|color|ripple,0.3175,1.0427,1.1331,84.4386,187.3295,0.2895,2.596,2.1183,2.5983,3.1245,4.1194,3.4185,5,2.3439,False,False,fail,
deep/qr_D_m8_deep_005.png,deep,0.85,8,232,5,D,HYDROSHIP-M5-D,backscatter|blur|color|ripple,0.2979,0.9743,1.1205,73.691,172.8178,0.3225,2.9069,2.1441,2.7704,3.3364,4.5262,2.6035,5,2.4203,True,True,raw,HYDROSHIP-M5-D
deep/qr_D_m8_deep_006.png,deep,0.85,8,232,6,D,HYDROSHIP-M5-D,backscatter|blur|color|ripple,0.2789,1.1092,1.2278,73.8109,166.5686,0.3095,2.9557,2.1671,2.6798,3.1027,6.1191,2.6092,5,2.2254,False,False,fail,
deep/qr_D_m8_deep_007.png,deep,0.85,8,232,7,D,HYDROSHIP-M5-D,backscatter|blur|color|ripple,0.2823,1.0237,1.1688,78.7074,178.9901,0.331,2.569,2.2403,2.8472,3.0643,4.8992,5.7814,5,2.3886,False,False,fail,
deep/qr_D_m8_deep_008.png,deep,0.85,8,232,8,D,HYDROSHIP-M5-D,backscatter|blur|color|ripple,0.2985,0.9727,1.0883,82.3727,172.2285,0.3103,2.7917,1.995,2.5674,3.026,1.0778,4.539,5,2.4017,False,True,cv2_fallback,HYDROSHIP-M5-D
deep/qr_D_m8_deep_009.png,deep,0.85,8,232,9,D,HYDROSHIP-M5-D,backscatter|blur|color|ripple,0.2784,1.0041,1.2049,85.1119,181.0548,0.2906,2.598,2.2612,2.6308,2.9428,4.8958,6.2252,5,2.4605,True,True,raw,HYDROSHIP-M5-D
deep/qr_D_m8_deep_010.png,deep,0.85,8,232,10,D,HYDROSHIP-M5-D,backscatter|blur|color|ripple,0.2792,1.0579,1.1781,75.717,184.4039,0.3222,2.942,2.26,2.8339,3.3372,3.4407,4.0915,5,2.4512,False,False,fail,
deep/qr_D_m8_deep_011.png,deep,0.85,8,232,11,D,HYDROSHIP-M5-D,backscatter|blur|color|ripple,0.2833,1.0099,1.2263,79.5692,167.0903,0.3126,2.6994,2.0025,2.6996,3.2368,4.7835,6.2022,5,2.2837,True,True,raw,HYDROSHIP-M5-D
deep/qr_D_m8_deep_012.png,deep,0.85,8,232,12,D,HYDROSHIP-M5-D,backscatter|blur|color|ripple,0.3198,1.101,1.1342,85.6169,167.8139,0.2983,2.9469,2.252,2.8623,3.0799,2.1264,4.4072,5,2.4402,False,False,fail,
deep/qr_D_m8_deep_013.png,deep,0.85,8,232,13,D,HYDROSHIP-M5-D,backscatter|blur|color|ripple,0.2752,1.0412,1.2076,79.4216,180.5407,0.3312,2.5542,2.1912,2.5404,3.0622,2.7516,2.8364,5,2.3166,False,False,fail,
deep/qr_D_m8_deep_014.png,deep,0.85,8,232,14,D,HYDROSHIP-M5-D,backscatter|blur|color|ripple,0.3172,1.0691,1.1165,75.4246,170.1513,0.3112,2.8737,2.2385,2.8663,3.0111,5.3943,1.1152,5,2.3655,False,False,fail,
deep/qr_D_m8_deep_015.png,deep,0.85,8,232,15,D,HYDROSHIP-M5-D,backscatter|blur|color|ripple,0.2975,0.9773,1.0822,82.5497,177.4333,0.297,2.9572,2.1124,2.865,3.3998,3.8291,3.9597,5,2.1224,False,False,fail,
deep/qr_D_m8_deep_016.png,deep,0.85,8,232,16,D,HYDROSHIP-M5-D,backscatter|blur|color|ripple,0.2754,0.9956,1.0896,79.2113,173.3198,0.3267,2.5752,2.3175,2.6824,3.3093,3.8436,3.0445,5,2.3128,False,False,fail,
deep/qr_D_m8_deep_017.png,deep,0.85,8,232,17,D,HYDROSHIP-M5-D,backscatter|blur|color|ripple,0.2797,0.9636,1.2029,82.2728,176.6126,0.3335,2.8968,2.1814,2.8235,3.3771,1.3221,1.2079,5,2.1909,False,False,fail,
deep/qr_D_m8_deep_018.png,deep,0.85,8,232,18,D,HYDROSHIP-M5-D,backscatter|blur|color|ripple,0.2847,0.9796,1.1844,77.8029,177.9984,0.3033,2.7397,2.0788,2.7274,3.225,3.4803,1.1096,5,2.3174,False,False,fail,
deep/qr_D_m8_deep_019.png,deep,0.85,8,232,19,D,HYDROSHIP-M5-D,backscatter|blur|color|ripple,0.3018,1.1179,1.0621,73.8534,172.9101,0.3259,2.6363,2.3146,2.6033,3.3669,5.5271,2.8086,5,2.4644,False,False,fail,
deep/qr_D_m8_deep_020.png,deep,0.85,8,232,20,D,HYDROSHIP-M5-D,backscatter|blur|color|ripple,0.2774,0.9737,1.1334,82.0132,175.1405,0.3037,2.9738,1.9993,2.642,3.0122,5.9776,5.4167,5,2.2239,False,False,fail,
deep/qr_D_m8_deep_021.png,deep,0.85,8,232,21,D,HYDROSHIP-M5-D,backscatter|blur|color|ripple,0.309,1.056,1.1071,79.8624,182.8001,0.3339,2.7009,2.0591,2.7539,3.1252,5.5667,0.3538,5,2.3529,False,False,fail,
deep/qr_D_m8_deep_022.png,deep,0.85,8,232,22,D,HYDROSHIP-M5-D,backscatter|blur|color|ripple,0.2932,1.0162,1.0894,76.0507,169.3965,0.2891,2.7796,2.1444,2.59,3.2527,0.7524,3.6278,5,2.4117,False,False,fail,
deep/qr_D_m8_deep_023.png,deep,0.85,8,232,23,D,HYDROSHIP-M5-D,backscatter|blur|color|ripple,0.3028,0.98,1.0777,76.719,187.6599,0.3021,2.7378,2.2583,2.497,3.3972,1.9074,1.9403,5,2.3821,False,True,cv2_fallback,HYDROSHIP-M5-D
deep/qr_D_m8_deep_024.png,deep,0.85,8,232,24,D,HYDROSHIP-M5-D,backscatter|blur|color|ripple,0.2748,1.0357,1.0749,76.9083,162.7475,0.3181,2.834,2.0099,2.6298,2.9514,2.6344,0.975,5,2.2444,False,False,fail,
deep/qr_D_m8_deep_025.png,deep,0.85,8,232,25,D,HYDROSHIP-M5-D,backscatter|blur|color|ripple,0.2883,1.019,1.2052,73.1831,165.7595,0.3181,2.898,2.0136,2.5661,3.0942,2.9143,5.1295,5,2.2052,False,False,fail,
deep/qr_D_m8_deep_026.png,deep,0.85,8,232,26,D,HYDROSHIP-M5-D,backscatter|blur|color|ripple,0.2894,1.0352,1.108,81.0491,178.9235,0.3062,2.9332,1.9978,2.8607,3.3939,5.9816,5.3704,5,2.1697,False,False,fail,
deep/qr_D_m8_deep_027.png,deep,0.85,8,232,27,D,HYDROSHIP-M5-D,backscatter|blur|color|ripple,0.3045,0.9984,1.0818,77.2752,163.7278,0.3204,2.8094,2.1385,2.8778,3.1315,3.6868,5.9893,5,2.2498,False,False,fail,
deep/qr_D_m8_deep_028.png,deep,0.85,8,232,28,D,HYDROSHIP-M5-D,backscatter|blur|color|ripple,0.2973,1.1051,1.1952,80.9722,183.4264,0.3311,2.5917,2.0661,2.8198,3.1235,5.9627,1.6398,5,2.178,False,False,fail,
deep/qr_D_m8_deep_029.png,deep,0.85,8,232,29,D,HYDROSHIP-M5-D,backscatter|blur|color|ripple,0.2852,1.103,1.1194,75.5456,186.7922,0.3122,2.8589,2.0025,2.8692,3.4031,5.0242,1.7885,5,2.4099,False,False,fail,
deep/qr_D_m8_deep_030.png,deep,0.85,8,232,30,D,HYDROSHIP-M5-D,backscatter|blur|color|ripple,0.3201,1.1167,1.0755,75.9395,177.0395,0.2962,2.5547,2.1347,2.8377,3.0913,3.3251,4.3165,5,2.2608,False,False,fail,
deep/qr_D_m8_deep_031.png,deep,0.85,8,232,31,D,HYDROSHIP-M5-D,backscatter|blur|color|ripple,0.2787,1.0936,1.1823,76.007,180.425,0.2957,2.7989,2.087,2.7273,3.2489,5.1101,3.4491,5,2.2583,False,False,fail,
deep/qr_D_m8_deep_032.png,deep,0.85,8,232,32,D,HYDROSHIP-M5-D,backscatter|blur|color|ripple,0.2768,1.055,1.1431,73.3511,177.4246,0.3296,2.6997,2.0302,2.5284,3.3052,0.9177,2.8775,5,2.1388,False,True,cv2_fallback,HYDROSHIP-M5-D
deep/qr_D_m8_deep_033.png,deep,0.85,8,232,33,D,HYDROSHIP-M5-D,backscatter|blur|color|ripple,0.2946,1.1172,1.0836,80.1419,164.4855,0.2946,2.7274,2.0572,2.8042,3.3633,1.9762,1.2483,5,2.419,False,False,fail,
deep/qr_D_m8_deep_034.png,deep,0.85,8,232,34,D,HYDROSHIP-M5-D,backscatter|blur|color|ripple,0.3006,0.9886,1.1896,77.5486,186.8741,0.3088,2.8829,2.1155,2.6221,3.1299,1.0499,3.0238,5,2.2385,False,True,cv2_fallback,HYDROSHIP-M5-D
deep/qr_D_m8_deep_035.png,deep,0.85,8,232,35,D,HYDROSHIP-M5-D,backscatter|blur|color|ripple,0.2845,1.0701,1.2387,84.9651,185.6608,0.2902,2.7875,2.155,2.5369,3.3156,2.058,3.928,5,2.136,True,True,raw,HYDROSHIP-M5-D
deep/qr_D_m8_deep_036.png,deep,0.85,8,232,36,D,HYDROSHIP-M5-D,backscatter|blur|color|ripple,0.2918,1.1073,1.1795,78.69,182.387,0.313,2.8621,2.1718,2.7267,3.1791,2.6754,2.5498,5,2.1817,False,False,fail,
deep/qr_D_m8_deep_037.png,deep,0.85,8,232,37,D,HYDROSHIP-M5-D,backscatter|blur|color|ripple,0.3105,1.01,1.1087,79.0997,166.5891,0.2913,2.9055,2.1933,2.5306,3.0153,0.2377,1.812,5,2.2808,False,False,fail,
deep/qr_D_m8_deep_038.png,deep,0.85,8,232,38,D,HYDROSHIP-M5-D,backscatter|blur|color|ripple,0.283,1.0161,1.2442,74.841,175.964,0.2895,2.8999,2.2754,2.5202,3.3139,0.7049,4.65,5,2.2022,False,False,fail,
deep/qr_D_m8_deep_039.png,deep,0.85,8,232,39,D,HYDROSHIP-M5-D,backscatter|blur|color|ripple,0.2965,1.0482,1.2256,76.515,167.4061,0.3137,2.6836,2.2129,2.5637,3.3649,2.3081,1.5621,5,2.2283,False,False,fail,
deep/qr_D_m8_deep_040.png,deep,0.85,8,232,40,D,HYDROSHIP-M5-D,backscatter|blur|color|ripple,0.2743,1.0844,1.2336,83.6222,164.0281,0.3307,2.864,2.2339,2.8514,3.153,2.5168,6.0849,5,2.4263,False,False,fail,
deep/qr_D_m8_deep_041.png,deep,0.85,8,232,41,D,HYDROSHIP-M5-D,backscatter|blur|color|ripple,0.277,1.1252,1.1115,84.1589,168.3331,0.3033,2.6056,2.3258,2.7215,3.1486,0.9231,4.2928,5,2.2932,False,False,fail,
deep/qr_D_m8_deep_042.png,deep,0.85,8,232,42,D,HYDROSHIP-M5-D,backscatter|blur|color|ripple,0.2874,1.1215,1.066,80.3713,163.6678,0.3131,2.615,2.1416,2.518,2.9831,1.3563,3.4167,5,2.1586,False,True,cv2_fallback,HYDROSHIP-M5-D
deep/qr_D_m8_deep_043.png,deep,0.85,8,232,43,D,HYDROSHIP-M5-D,backscatter|blur|color|ripple,0.3176,1.0521,1.1666,82.0302,175.9472,0.3099,2.8384,2.1312,2.8489,3.3162,4.5793,5.2693,5,2.3854,False,True,upscale,HYDROSHIP-M5-D
deep/qr_D_m8_deep_044.png,deep,0.85,8,232,44,D,HYDROSHIP-M5-D,backscatter|blur|color|ripple,0.3204,1.1199,1.2189,75.3413,177.1702,0.3197,2.9572,2.2032,2.6966,3.0281,3.4279,3.6367,5,2.1241,False,False,fail,
deep/qr_D_m8_deep_045.png,deep,0.85,8,232,45,D,HYDROSHIP-M5-D,backscatter|blur|color|ripple,0.278,0.9704,1.2069,79.553,185.7906,0.3362,2.8874,2.008,2.5486,2.9539,0.4467,4.14,5,2.4494,False,False,fail,
deep/qr_D_m8_deep_046.png,deep,0.85,8,232,46,D,HYDROSHIP-M5-D,backscatter|blur|color|ripple,0.305,1.1065,1.1155,76.9537,184.4711,0.3306,2.8666,2.2789,2.8929,3.1321,4.1794,4.001,5,2.148,False,False,fail,
deep/qr_D_m8_deep_047.png,deep,0.85,8,232,47,D,HYDROSHIP-M5-D,backscatter|blur|color|ripple,0.301,1.0644,1.1292,81.1159,184.595,0.3306,2.8983,2.2846,2.8771,3.2179,0.411,4.2462,5,2.2799,False,True,cv2_fallback,HYDROSHIP-M5-D
deep/qr_D_m8_deep_048.png,deep,0.85,8,232,48,D,HYDROSHIP-M5-D,backscatter|blur|color|ripple,0.2906,1.0652,1.136,75.1221,182.5226,0.3226,2.6385,1.985,2.652,3.0395,4.4594,0.6944,5,2.3614,True,True,raw,HYDROSHIP-M5-D
deep/qr_D_m8_deep_049.png,deep,0.85,8,232,49,D,HYDROSHIP-M5-D,backscatter|blur|color|ripple,0.2861,0.9871,1.1632,80.6992,169.1705,0.2897,2.5883,2.0769,2.546,3.0659,6.0032,6.1771,5,2.4662,False,False,fail,
deep/qr_D_m8_deep_050.png,deep,0.85,8,232,50,D,HYDROSHIP-M5-D,backscatter|blur|color|ripple,0.2837,0.9903,1.1569,80.5058,184.5991,0.3249,2.8357,2.1023,2.716,3.0303,5.7356,1.6649,5,2.4156,False,False,fail,
deep/qr_D_m8_deep_051.png,deep,0.85,8,232,51,D,HYDROSHIP-M5-D,backscatter|blur|color|ripple,0.311,1.0054,1.114,76.603,176.0842,0.3082,2.6703,2.094,2.7995,3.3886,5.6463,4.4215,5,2.3588,False,False,fail,
deep/qr_D_m8_deep_052.png,deep,0.85,8,232,52,D,HYDROSHIP-M5-D,backscatter|blur|color|ripple,0.2857,1.0394,1.1376,75.181,166.524,0.3239,2.7318,2.1059,2.8829,3.3666,5.0761,0.9957,5,2.3862,False,False,fail,
deep/qr_D_m8_deep_053.png,deep,0.85,8,232,53,D,HYDROSHIP-M5-D,backscatter|blur|color|ripple,0.2974,1.0429,1.193,75.5879,186.5593,0.3078,2.8954,2.2927,2.6389,3.1759,3.8098,1.9718,5,2.3136,False,False,fail,
deep/qr_D_m8_deep_054.png,deep,0.85,8,232,54,D,HYDROSHIP-M5-D,backscatter|blur|color|ripple,0.2799,1.0994,1.1862,76.7896,166.7349,0.3142,2.9236,2.3121,2.5316,2.9584,4.3434,1.2593,5,2.3381,False,False,fail,
deep/qr_D_m8_deep_055.png,deep,0.85,8,232,55,D,HYDROSHIP-M5-D,backscatter|blur|color|ripple,0.3172,1.1117,1.1025,76.8496,161.0648,0.3325,2.6402,2.1354,2.5299,3.0498,5.447,6.2749,5,2.1408,True,True,raw,HYDROSHIP-M5-D
deep/qr_D_m8_deep_056.png,deep,0.85,8,232,56,D,HYDROSHIP-M5-D,backscatter|blur|color|ripple,0.3199,1.1033,1.2023,77.2815,173.7418,0.2967,2.6289,2.2389,2.5523,3.3536,5.2359,3.035,5,2.1297,True,True,raw,HYDROSHIP-M5-D
deep/qr_D_m8_deep_057.png,deep,0.85,8,232,57,D,HYDROSHIP-M5-D,backscatter|blur|color|ripple,0.2868,1.103,1.0882,85.2074,174.2084,0.3089,2.7205,2.3176,2.7608,3.2905,4.2657,3.5014,5,2.144,False,False,fail,
deep/qr_D_m8_deep_058.png,deep,0.85,8,232,58,D,HYDROSHIP-M5-D,backscatter|blur|color|ripple,0.2788,1.1042,1.2186,73.6047,185.4125,0.3221,2.7083,2.1406,2.7544,3.211,4.193,5.9022,5,2.252,False,True,cv2_fallback,HYDROSHIP-M5-D
deep/qr_D_m8_deep_059.png,deep,0.85,8,232,59,D,HYDROSHIP-M5-D,backscatter|blur|color|ripple,0.2939,1.0938,1.2202,73.5047,172.8658,0.2964,2.6967,2.2881,2.784,3.023,2.558,4.8826,5,2.3665,False,False,fail,
deep/qr_D_m8_deep_060.png,deep,0.85,8,232,60,D,HYDROSHIP-M5-D,backscatter|blur|color|ripple,0.2995,1.0381,1.1983,83.8589,179.5277,0.3276,2.5906,2.2843,2.9019,3.3952,5.0349,3.5118,5,2.4514,False,False,fail,
deep/qr_D_m8_deep_061.png,deep,0.85,8,232,61,D,HYDROSHIP-M5-D,backscatter|blur|color|ripple,0.3,1.0889,1.0678,82.708,179.5064,0.3049,2.5735,2.287,2.733,3.2997,1.7944,3.9869,5,2.1698,False,False,fail,
deep/qr_D_m8_deep_062.png,deep,0.85,8,232,62,D,HYDROSHIP-M5-D,backscatter|blur|color|ripple,0.2951,1.1155,1.1551,73.7154,180.1327,0.2918,2.7607,2.0586,2.9095,3.0469,0.018,4.5432,5,2.359,False,False,fail,
deep/qr_D_m8_deep_063.png,deep,0.85,8,232,63,D,HYDROSHIP-M5-D,backscatter|blur|color|ripple,0.3097,0.9598,1.122,74.9711,163.1376,0.3114,2.6098,2.0848,2.5204,3.3119,2.9831,5.5155,5,2.1415,False,False,fail,
deep/qr_D_m8_deep_064.png,deep,0.85,8,232,64,D,HYDROSHIP-M5-D,backscatter|blur|color|ripple,0.2799,1.0643,1.1291,74.0365,171.1788,0.3101,2.5804,2.0133,2.6134,3.2259,2.7534,0.6229,5,2.3252,False,False,fail,
deep/qr_D_m8_deep_065.png,deep,0.85,8,232,65,D,HYDROSHIP-M5-D,backscatter|blur|color|ripple,0.2753,0.9715,1.2293,78.7694,174.8611,0.2911,2.7075,2.2302,2.7987,3.2974,2.7626,2.9096,5,2.212,False,False,fail,
deep/qr_D_m8_deep_066.png,deep,0.85,8,232,66,D,HYDROSHIP-M5-D,backscatter|blur|color|ripple,0.2986,1.0475,1.2171,75.2482,184.5785,0.3232,2.9332,2.1515,2.7981,3.24,1.0774,5.2472,5,2.2722,False,True,cv2_fallback,HYDROSHIP-M5-D
deep/qr_D_m8_deep_067.png,deep,0.85,8,232,67,D,HYDROSHIP-M5-D,backscatter|blur|color|ripple,0.3201,1.102,1.18,75.178,179.0386,0.296,2.8069,2.3234,2.6148,3.1794,1.2609,4.8569,5,2.2917,False,True,cv2_fallback,HYDROSHIP-M5-D
deep/qr_D_m8_deep_068.png,deep,0.85,8,232,68,D,HYDROSHIP-M5-D,backscatter|blur|color|ripple,0.2857,1.0495,1.2302,77.8871,175.7519,0.3309,2.6323,2.218,2.7776,3.2481,3.0873,3.3891,5,2.3577,False,False,fail,
deep/qr_D_m8_deep_069.png,deep,0.85,8,232,69,D,HYDROSHIP-M5-D,backscatter|blur|color|ripple,0.2796,1.0769,1.0996,80.612,185.0424,0.2981,2.6824,2.016,2.6088,3.0459,0.6143,0.7487,5,2.1603,False,True,cv2_fallback,HYDROSHIP-M5-D
deep/qr_D_m8_deep_070.png,deep,0.85,8,232,70,D,HYDROSHIP-M5-D,backscatter|blur|color|ripple,0.2754,1.0082,1.0948,81.5563,162.1527,0.2909,2.624,2.0982,2.8049,3.2166,6.0019,4.7588,5,2.4593,False,False,fail,
deep/qr_D_m8_deep_071.png,deep,0.85,8,232,71,D,HYDROSHIP-M5-D,backscatter|blur|color|ripple,0.304,1.0049,1.1698,77.2886,173.3942,0.297,2.6705,2.2857,2.8612,3.3476,0.5854,3.3714,5,2.4592,False,False,fail,
deep/qr_D_m8_deep_072.png,deep,0.85,8,232,72,D,HYDROSHIP-M5-D,backscatter|blur|color|ripple,0.3181,1.0141,1.1812,83.2979,180.9545,0.3354,2.8245,2.0462,2.9086,2.9624,2.4894,1.8611,5,2.4571,False,False,fail,
deep/qr_D_m8_deep_073.png,deep,0.85,8,232,73,D,HYDROSHIP-M5-D,backscatter|blur|color|ripple,0.3158,1.0067,1.1953,78.4967,177.8614,0.2983,2.728,2.1133,2.7804,3.0955,2.745,4.108,5,2.4455,False,False,fail,
deep/qr_D_m8_deep_074.png,deep,0.85,8,232,74,D,HYDROSHIP-M5-D,backscatter|blur|color|ripple,0.274,0.9749,1.1582,78.7436,164.8095,0.3279,2.8805,2.3219,2.8711,3.3895,1.0113,5.5116,5,2.2495,False,True,cv2_fallback,HYDROSHIP-M5-D
deep/qr_D_m8_deep_075.png,deep,0.85,8,232,75,D,HYDROSHIP-M5-D,backscatter|blur|color|ripple,0.3088,0.9727,1.1155,75.8103,187.0472,0.3096,2.604,2.2841,2.8156,3.3038,0.0307,5.2182,5,2.3183,False,False,fail,
deep/qr_D_m8_deep_076.png,deep,0.85,8,232,76,D,HYDROSHIP-M5-D,backscatter|blur|color|ripple,0.2823,1.0163,1.1776,83.8159,185.7384,0.3021,2.5851,2.2265,2.7845,3.3943,0.2923,0.8872,5,2.2042,False,False,fail,
deep/qr_D_m8_deep_077.png,deep,0.85,8,232,77,D,HYDROSHIP-M5-D,backscatter|blur|color|ripple,0.2772,1.0047,1.0823,73.9962,182.4266,0.3224,2.8967,2.0449,2.6697,3.251,1.7014,3.1349,5,2.2902,True,True,raw,HYDROSHIP-M5-D
deep/qr_D_m8_deep_078.png,deep,0.85,8,232,78,D,HYDROSHIP-M5-D,backscatter|blur|color|ripple,0.2766,1.033,1.1099,84.1986,182.9194,0.3285,2.9283,2.0352,2.7493,3.1023,2.3767,4.6973,5,2.3459,False,False,fail,
deep/qr_D_m8_deep_079.png,deep,0.85,8,232,79,D,HYDROSHIP-M5-D,backscatter|blur|color|ripple,0.3065,1.0064,1.1352,74.4234,166.2628,0.3147,2.6917,2.1128,2.795,3.0022,0.7882,3.353,5,2.1676,False,True,cv2_fallback,HYDROSHIP-M5-D
deep/qr_D_m8_deep_080.png,deep,0.85,8,232,80,D,HYDROSHIP-M5-D,backscatter|blur|color|ripple,0.299,1.0874,1.0794,84.1451,170.6109,0.3063,2.7884,2.1636,2.4895,2.9035,1.9145,3.3664,5,2.4602,False,True,cv2_fallback,HYDROSHIP-M5-D
deep/qr_D_m8_deep_081.png,deep,0.85,8,232,81,D,HYDROSHIP-M5-D,backscatter|blur|color|ripple,0.2804,1.1194,1.2305,76.5048,186.9403,0.3136,2.9568,2.2717,2.6507,3.337,4.8343,3.7545,5,2.1944,False,False,fail,
deep/qr_D_m8_deep_082.png,deep,0.85,8,232,82,D,HYDROSHIP-M5-D,backscatter|blur|color|ripple,0.3113,0.9837,1.0992,84.8713,168.8062,0.2902,2.6419,2.1311,2.5589,3.3778,2.8953,3.866,5,2.4622,False,False,fail,
deep/qr_D_m8_deep_083.png,deep,0.85,8,232,83,D,HYDROSHIP-M5-D,backscatter|blur|color|ripple,0.3062,1.0426,1.0874,83.2251,166.0363,0.2923,2.9071,2.0799,2.6613,3.2612,4.5511,1.0481,5,2.1199,False,True,clahe,HYDROSHIP-M5-D
